Date,Continent,Country,Category,Sub_Category,Sales,Profit,Quantity
2015-01-01,North America,United States,Electronics,Phones,37004,3700,247
2015-01-01,North America,United States,Electronics,Computers,21720,3258,109
2015-01-01,North America,United States,Clothing,Apparel,21392,6418,475
2015-01-01,North America,United States,Clothing,Accessories,9069,1814,302
2015-01-01,North America,United States,Furniture,Home,17595,3167,70
2015-01-01,North America,United States,Furniture,Office,11596,2551,39
2015-01-01,North America,Canada,Electronics,Phones,12941,1294,86
2015-01-01,North America,Canada,Electronics,Computers,7339,1101,37
2015-01-01,North America,Canada,Clothing,Apparel,7718,2315,172
2015-01-01,North America,Canada,Clothing,Accessories,3044,609,101
2015-01-01,North America,Canada,Furniture,Home,5436,978,22
2015-01-01,North America,Canada,Furniture,Office,3844,846,13
2015-01-01,South America,Brazil,Electronics,Phones,9560,956,64
2015-01-01,South America,Brazil,Electronics,Computers,6616,992,33
2015-01-01,South America,Brazil,Clothing,Apparel,6921,2076,154
2015-01-01,South America,Brazil,Clothing,Accessories,2906,581,97
2015-01-01,South America,Brazil,Furniture,Home,4532,816,18
2015-01-01,South America,Brazil,Furniture,Office,3257,717,11
2015-01-01,Europe,United Kingdom,Electronics,Phones,22937,2294,153
2015-01-01,Europe,United Kingdom,Electronics,Computers,12979,1947,65
2015-01-01,Europe,United Kingdom,Clothing,Apparel,14856,4457,330
2015-01-01,Europe,United Kingdom,Clothing,Accessories,6238,1248,208
2015-01-01,Europe,United Kingdom,Furniture,Home,9293,1673,37
2015-01-01,Europe,United Kingdom,Furniture,Office,5959,1311,20
2015-01-01,Europe,Germany,Electronics,Phones,19384,1938,129
2015-01-01,Europe,Germany,Electronics,Computers,11453,1718,57
2015-01-01,Europe,Germany,Clothing,Apparel,10288,3086,229
2015-01-01,Europe,Germany,Clothing,Accessories,4413,883,147
2015-01-01,Europe,Germany,Furniture,Home,9240,1663,37
2015-01-01,Europe,Germany,Furniture,Office,5879,1293,20
2015-01-01,Europe,France,Electronics,Phones,16813,1681,112
2015-01-01,Europe,France,Electronics,Computers,11045,1657,55
2015-01-01,Europe,France,Clothing,Apparel,12409,3723,276
2015-01-01,Europe,France,Clothing,Accessories,5780,1156,193
2015-01-01,Europe,France,Furniture,Home,7962,1433,32
2015-01-01,Europe,France,Furniture,Office,5497,1209,18
2015-01-01,Asia,Japan,Electronics,Phones,26604,2660,177
2015-01-01,Asia,Japan,Electronics,Computers,17034,2555,85
2015-01-01,Asia,Japan,Clothing,Apparel,16814,5044,374
2015-01-01,Asia,Japan,Clothing,Accessories,6824,1365,227
2015-01-01,Asia,Japan,Furniture,Home,10992,1979,44
2015-01-01,Asia,Japan,Furniture,Office,6401,1408,21
2015-01-01,Asia,China,Electronics,Phones,27233,2723,182
2015-01-01,Asia,China,Electronics,Computers,18391,2759,92
2015-01-01,Asia,China,Clothing,Apparel,16414,4924,365
2015-01-01,Asia,China,Clothing,Accessories,7270,1454,242
2015-01-01,Asia,China,Furniture,Home,12367,2226,49
2015-01-01,Asia,China,Furniture,Office,8562,1884,29
2015-01-01,Asia,India,Electronics,Phones,8874,887,59
2015-01-01,Asia,India,Electronics,Computers,5604,841,28
2015-01-01,Asia,India,Clothing,Apparel,5455,1636,121
2015-01-01,Asia,India,Clothing,Accessories,2261,452,75
2015-01-01,Asia,India,Furniture,Home,3661,659,15
2015-01-01,Asia,India,Furniture,Office,2784,612,9
2015-01-01,Africa,South Africa,Electronics,Phones,3954,395,26
2015-01-01,Africa,South Africa,Electronics,Computers,2616,392,13
2015-01-01,Africa,South Africa,Clothing,Apparel,2093,628,47
2015-01-01,Africa,South Africa,Clothing,Accessories,1004,201,33
2015-01-01,Africa,South Africa,Furniture,Home,1343,242,5
2015-01-01,Africa,South Africa,Furniture,Office,937,206,3
2015-02-01,North America,United States,Electronics,Phones,37054,3705,247
2015-02-01,North America,United States,Electronics,Computers,23130,3470,116
2015-02-01,North America,United States,Clothing,Apparel,21239,6372,472
2015-02-01,North America,United States,Clothing,Accessories,9332,1866,311
2015-02-01,North America,United States,Furniture,Home,16830,3029,67
2015-02-01,North America,United States,Furniture,Office,11080,2438,37
2015-02-01,North America,Canada,Electronics,Phones,10640,1064,71
2015-02-01,North America,Canada,Electronics,Computers,6798,1020,34
2015-02-01,North America,Canada,Clothing,Apparel,7079,2124,157
2015-02-01,North America,Canada,Clothing,Accessories,3004,601,100
2015-02-01,North America,Canada,Furniture,Home,5088,916,20
2015-02-01,North America,Canada,Furniture,Office,3919,862,13
2015-02-01,South America,Brazil,Electronics,Phones,10645,1064,71
2015-02-01,South America,Brazil,Electronics,Computers,6355,953,32
2015-02-01,South America,Brazil,Clothing,Apparel,6496,1949,144
2015-02-01,South America,Brazil,Clothing,Accessories,2644,529,88
2015-02-01,South America,Brazil,Furniture,Home,4873,877,19
2015-02-01,South America,Brazil,Furniture,Office,2975,654,10
2015-02-01,Europe,United Kingdom,Electronics,Phones,19298,1930,129
2015-02-01,Europe,United Kingdom,Electronics,Computers,12816,1922,64
2015-02-01,Europe,United Kingdom,Clothing,Apparel,13286,3986,295
2015-02-01,Europe,United Kingdom,Clothing,Accessories,5358,1072,179
2015-02-01,Europe,United Kingdom,Furniture,Home,9152,1647,37
2015-02-01,Europe,United Kingdom,Furniture,Office,6477,1425,22
2015-02-01,Europe,Germany,Electronics,Phones,16315,1632,109
2015-02-01,Europe,Germany,Electronics,Computers,10477,1572,52
2015-02-01,Europe,Germany,Clothing,Apparel,11545,3464,257
2015-02-01,Europe,Germany,Clothing,Accessories,4509,902,150
2015-02-01,Europe,Germany,Furniture,Home,7437,1339,30
2015-02-01,Europe,Germany,Furniture,Office,4911,1080,16
2015-02-01,Europe,France,Electronics,Phones,13691,1369,91
2015-02-01,Europe,France,Electronics,Computers,10152,1523,51
2015-02-01,Europe,France,Clothing,Apparel,12225,3668,272
2015-02-01,Europe,France,Clothing,Accessories,4873,975,162
2015-02-01,Europe,France,Furniture,Home,6982,1257,28
2015-02-01,Europe,France,Furniture,Office,4979,1095,17
2015-02-01,Asia,Japan,Electronics,Phones,25722,2572,171
2015-02-01,Asia,Japan,Electronics,Computers,15691,2354,78
2015-02-01,Asia,Japan,Clothing,Apparel,16085,4826,357
2015-02-01,Asia,Japan,Clothing,Accessories,6755,1351,225
2015-02-01,Asia,Japan,Furniture,Home,8933,1608,36
2015-02-01,Asia,Japan,Furniture,Office,6891,1516,23
2015-02-01,Asia,China,Electronics,Phones,27981,2798,187
2015-02-01,Asia,China,Electronics,Computers,18133,2720,91
2015-02-01,Asia,China,Clothing,Apparel,16017,4805,356
2015-02-01,Asia,China,Clothing,Accessories,7403,1481,247
2015-02-01,Asia,China,Furniture,Home,11621,2092,46
2015-02-01,Asia,China,Furniture,Office,8290,1824,28
2015-02-01,Asia,India,Electronics,Phones,8025,802,54
2015-02-01,Asia,India,Electronics,Computers,5890,884,29
2015-02-01,Asia,India,Clothing,Apparel,5645,1694,125
2015-02-01,Asia,India,Clothing,Accessories,2144,429,71
2015-02-01,Asia,India,Furniture,Home,3600,648,14
2015-02-01,Asia,India,Furniture,Office,2246,494,7
2015-02-01,Africa,South Africa,Electronics,Phones,3897,390,26
2015-02-01,Africa,South Africa,Electronics,Computers,2578,387,13
2015-02-01,Africa,South Africa,Clothing,Apparel,2015,604,45
2015-02-01,Africa,South Africa,Clothing,Accessories,925,185,31
2015-02-01,Africa,South Africa,Furniture,Home,1379,248,6
2015-02-01,Africa,South Africa,Furniture,Office,838,184,3
2015-03-01,North America,United States,Electronics,Phones,40258,4026,268
2015-03-01,North America,United States,Electronics,Computers,25701,3855,129
2015-03-01,North America,United States,Clothing,Apparel,25126,7538,558
2015-03-01,North America,United States,Clothing,Accessories,10262,2052,342
2015-03-01,North America,United States,Furniture,Home,16067,2892,64
2015-03-01,North America,United States,Furniture,Office,11481,2526,38
2015-03-01,North America,Canada,Electronics,Phones,11525,1152,77
2015-03-01,North America,Canada,Electronics,Computers,9229,1384,46
2015-03-01,North America,Canada,Clothing,Apparel,8961,2688,199
2015-03-01,North America,Canada,Clothing,Accessories,3807,761,127
2015-03-01,North America,Canada,Furniture,Home,5884,1059,24
2015-03-01,North America,Canada,Furniture,Office,3719,818,12
2015-03-01,South America,Brazil,Electronics,Phones,12068,1207,80
2015-03-01,South America,Brazil,Electronics,Computers,8149,1222,41
2015-03-01,South America,Brazil,Clothing,Apparel,6548,1964,146
2015-03-01,South America,Brazil,Clothing,Accessories,3051,610,102
2015-03-01,South America,Brazil,Furniture,Home,4661,839,19
2015-03-01,South America,Brazil,Furniture,Office,3577,787,12
2015-03-01,Europe,United Kingdom,Electronics,Phones,24170,2417,161
2015-03-01,Europe,United Kingdom,Electronics,Computers,14163,2124,71
2015-03-01,Europe,United Kingdom,Clothing,Apparel,14801,4440,329
2015-03-01,Europe,United Kingdom,Clothing,Accessories,6438,1288,215
2015-03-01,Europe,United Kingdom,Furniture,Home,9721,1750,39
2015-03-01,Europe,United Kingdom,Furniture,Office,7307,1608,24
2015-03-01,Europe,Germany,Electronics,Phones,18580,1858,124
2015-03-01,Europe,Germany,Electronics,Computers,11855,1778,59
2015-03-01,Europe,Germany,Clothing,Apparel,11994,3598,267
2015-03-01,Europe,Germany,Clothing,Accessories,5335,1067,178
2015-03-01,Europe,Germany,Furniture,Home,8631,1554,35
2015-03-01,Europe,Germany,Furniture,Office,5890,1296,20
2015-03-01,Europe,France,Electronics,Phones,18497,1850,123
2015-03-01,Europe,France,Electronics,Computers,11556,1733,58
2015-03-01,Europe,France,Clothing,Apparel,12928,3878,287
2015-03-01,Europe,France,Clothing,Accessories,5630,1126,188
2015-03-01,Europe,France,Furniture,Home,8013,1442,32
2015-03-01,Europe,France,Furniture,Office,5462,1202,18
2015-03-01,Asia,Japan,Electronics,Phones,25661,2566,171
2015-03-01,Asia,Japan,Electronics,Computers,17992,2699,90
2015-03-01,Asia,Japan,Clothing,Apparel,15761,4728,350
2015-03-01,Asia,Japan,Clothing,Accessories,6740,1348,225
2015-03-01,Asia,Japan,Furniture,Home,10257,1846,41
2015-03-01,Asia,Japan,Furniture,Office,7676,1689,26
2015-03-01,Asia,China,Electronics,Phones,28941,2894,193
2015-03-01,Asia,China,Electronics,Computers,22054,3308,110
2015-03-01,Asia,China,Clothing,Apparel,20409,6123,454
2015-03-01,Asia,China,Clothing,Accessories,7460,1492,249
2015-03-01,Asia,China,Furniture,Home,13532,2436,54
2015-03-01,Asia,China,Furniture,Office,9842,2165,33
2015-03-01,Asia,India,Electronics,Phones,8655,866,58
2015-03-01,Asia,India,Electronics,Computers,5670,850,28
2015-03-01,Asia,India,Clothing,Apparel,6468,1940,144
2015-03-01,Asia,India,Clothing,Accessories,2586,517,86
2015-03-01,Asia,India,Furniture,Home,4058,730,16
2015-03-01,Asia,India,Furniture,Office,2875,632,10
2015-03-01,Africa,South Africa,Electronics,Phones,4331,433,29
2015-03-01,Africa,South Africa,Electronics,Computers,2552,383,13
2015-03-01,Africa,South Africa,Clothing,Apparel,2188,656,49
2015-03-01,Africa,South Africa,Clothing,Accessories,1006,201,34
2015-03-01,Africa,South Africa,Furniture,Home,1507,271,6
2015-03-01,Africa,South Africa,Furniture,Office,1013,223,3
2015-04-01,North America,United States,Electronics,Phones,42356,4236,282
2015-04-01,North America,United States,Electronics,Computers,27936,4190,140
2015-04-01,North America,United States,Clothing,Apparel,27640,8292,614
2015-04-01,North America,United States,Clothing,Accessories,9933,1987,331
2015-04-01,North America,United States,Furniture,Home,18532,3336,74
2015-04-01,North America,United States,Furniture,Office,12195,2683,41
2015-04-01,North America,Canada,Electronics,Phones,14477,1448,97
2015-04-01,North America,Canada,Electronics,Computers,8548,1282,43
2015-04-01,North America,Canada,Clothing,Apparel,8274,2482,184
2015-04-01,North America,Canada,Clothing,Accessories,3741,748,125
2015-04-01,North America,Canada,Furniture,Home,6379,1148,26
2015-04-01,North America,Canada,Furniture,Office,4129,908,14
2015-04-01,South America,Brazil,Electronics,Phones,11286,1129,75
2015-04-01,South America,Brazil,Electronics,Computers,8590,1288,43
2015-04-01,South America,Brazil,Clothing,Apparel,7474,2242,166
2015-04-01,South America,Brazil,Clothing,Accessories,3474,695,116
2015-04-01,South America,Brazil,Furniture,Home,5454,982,22
2015-04-01,South America,Brazil,Furniture,Office,3276,721,11
2015-04-01,Europe,United Kingdom,Electronics,Phones,26727,2673,178
2015-04-01,Europe,United Kingdom,Electronics,Computers,17289,2593,86
2015-04-01,Europe,United Kingdom,Clothing,Apparel,17227,5168,383
2015-04-01,Europe,United Kingdom,Clothing,Accessories,7326,1465,244
2015-04-01,Europe,United Kingdom,Furniture,Home,11553,2080,46
2015-04-01,Europe,United Kingdom,Furniture,Office,6719,1478,22
2015-04-01,Europe,Germany,Electronics,Phones,19923,1992,133
2015-04-01,Europe,Germany,Electronics,Computers,12557,1884,63
2015-04-01,Europe,Germany,Clothing,Apparel,12351,3705,274
2015-04-01,Europe,Germany,Clothing,Accessories,4923,985,164
2015-04-01,Europe,Germany,Furniture,Home,9485,1707,38
2015-04-01,Europe,Germany,Furniture,Office,7109,1564,24
2015-04-01,Europe,France,Electronics,Phones,16983,1698,113
2015-04-01,Europe,France,Electronics,Computers,12555,1883,63
2015-04-01,Europe,France,Clothing,Apparel,13735,4120,305
2015-04-01,Europe,France,Clothing,Accessories,5849,1170,195
2015-04-01,Europe,France,Furniture,Home,10020,1804,40
2015-04-01,Europe,France,Furniture,Office,6726,1480,22
2015-04-01,Asia,Japan,Electronics,Phones,28393,2839,189
2015-04-01,Asia,Japan,Electronics,Computers,19538,2931,98
2015-04-01,Asia,Japan,Clothing,Apparel,16422,4927,365
2015-04-01,Asia,Japan,Clothing,Accessories,7253,1451,242
2015-04-01,Asia,Japan,Furniture,Home,12994,2339,52
2015-04-01,Asia,Japan,Furniture,Office,8045,1770,27
2015-04-01,Asia,China,Electronics,Phones,32673,3267,218
2015-04-01,Asia,China,Electronics,Computers,22671,3401,113
2015-04-01,Asia,China,Clothing,Apparel,18374,5512,408
2015-04-01,Asia,China,Clothing,Accessories,8785,1757,293
2015-04-01,Asia,China,Furniture,Home,15129,2723,61
2015-04-01,Asia,China,Furniture,Office,10791,2374,36
2015-04-01,Asia,India,Electronics,Phones,9054,905,60
2015-04-01,Asia,India,Electronics,Computers,7077,1062,35
2015-04-01,Asia,India,Clothing,Apparel,5771,1731,128
2015-04-01,Asia,India,Clothing,Accessories,2530,506,84
2015-04-01,Asia,India,Furniture,Home,4402,792,18
2015-04-01,Asia,India,Furniture,Office,2981,656,10
2015-04-01,Africa,South Africa,Electronics,Phones,4091,409,27
2015-04-01,Africa,South Africa,Electronics,Computers,2661,399,13
2015-04-01,Africa,South Africa,Clothing,Apparel,2717,815,60
2015-04-01,Africa,South Africa,Clothing,Accessories,1025,205,34
2015-04-01,Africa,South Africa,Furniture,Home,1651,297,7
2015-04-01,Africa,South Africa,Furniture,Office,1106,243,4
2015-05-01,North America,United States,Electronics,Phones,42059,4206,280
2015-05-01,North America,United States,Electronics,Computers,28977,4347,145
2015-05-01,North America,United States,Clothing,Apparel,26721,8016,594
2015-05-01,North America,United States,Clothing,Accessories,12391,2478,413
2015-05-01,North America,United States,Furniture,Home,18770,3379,75
2015-05-01,North America,United States,Furniture,Office,13875,3052,46
2015-05-01,North America,Canada,Electronics,Phones,13505,1350,90
2015-05-01,North America,Canada,Electronics,Computers,9302,1395,47
2015-05-01,North America,Canada,Clothing,Apparel,9630,2889,214
2015-05-01,North America,Canada,Clothing,Accessories,3830,766,128
2015-05-01,North America,Canada,Furniture,Home,6589,1186,26
2015-05-01,North America,Canada,Furniture,Office,4790,1054,16
2015-05-01,South America,Brazil,Electronics,Phones,11468,1147,76
2015-05-01,South America,Brazil,Electronics,Computers,8290,1244,41
2015-05-01,South America,Brazil,Clothing,Apparel,8776,2633,195
2015-05-01,South America,Brazil,Clothing,Accessories,3759,752,125
2015-05-01,South America,Brazil,Furniture,Home,5214,939,21
2015-05-01,South America,Brazil,Furniture,Office,3582,788,12
2015-05-01,Europe,United Kingdom,Electronics,Phones,24445,2444,163
2015-05-01,Europe,United Kingdom,Electronics,Computers,18582,2787,93
2015-05-01,Europe,United Kingdom,Clothing,Apparel,17891,5367,398
2015-05-01,Europe,United Kingdom,Clothing,Accessories,7665,1533,256
2015-05-01,Europe,United Kingdom,Furniture,Home,11103,1999,44
2015-05-01,Europe,United Kingdom,Furniture,Office,7080,1558,24
2015-05-01,Europe,Germany,Electronics,Phones,22498,2250,150
2015-05-01,Europe,Germany,Electronics,Computers,14632,2195,73
2015-05-01,Europe,Germany,Clothing,Apparel,13597,4079,302
2015-05-01,Europe,Germany,Clothing,Accessories,6255,1251,208
2015-05-01,Europe,Germany,Furniture,Home,10576,1904,42
2015-05-01,Europe,Germany,Furniture,Office,6167,1357,21
2015-05-01,Europe,France,Electronics,Phones,20003,2000,133
2015-05-01,Europe,France,Electronics,Computers,12037,1806,60
2015-05-01,Europe,France,Clothing,Apparel,15108,4532,336
2015-05-01,Europe,France,Clothing,Accessories,6820,1364,227
2015-05-01,Europe,France,Furniture,Home,8981,1617,36
2015-05-01,Europe,France,Furniture,Office,5963,1312,20
2015-05-01,Asia,Japan,Electronics,Phones,27311,2731,182
2015-05-01,Asia,Japan,Electronics,Computers,19970,2996,100
2015-05-01,Asia,Japan,Clothing,Apparel,17772,5332,395
2015-05-01,Asia,Japan,Clothing,Accessories,8147,1629,272
2015-05-01,Asia,Japan,Furniture,Home,13086,2355,52
2015-05-01,Asia,Japan,Furniture,Office,7864,1730,26
2015-05-01,Asia,China,Electronics,Phones,35118,3512,234
2015-05-01,Asia,China,Electronics,Computers,21724,3259,109
2015-05-01,Asia,China,Clothing,Apparel,21231,6369,472
2015-05-01,Asia,China,Clothing,Accessories,9859,1972,329
2015-05-01,Asia,China,Furniture,Home,17065,3072,68
2015-05-01,Asia,China,Furniture,Office,9772,2150,33
2015-05-01,Asia,India,Electronics,Phones,10103,1010,67
2015-05-01,Asia,India,Electronics,Computers,6534,980,33
2015-05-01,Asia,India,Clothing,Apparel,5990,1797,133
2015-05-01,Asia,India,Clothing,Accessories,3005,601,100
2015-05-01,Asia,India,Furniture,Home,4685,843,19
2015-05-01,Asia,India,Furniture,Office,2895,637,10
2015-05-01,Africa,South Africa,Electronics,Phones,4780,478,32
2015-05-01,Africa,South Africa,Electronics,Computers,3071,461,15
2015-05-01,Africa,South Africa,Clothing,Apparel,2622,787,58
2015-05-01,Africa,South Africa,Clothing,Accessories,1028,206,34
2015-05-01,Africa,South Africa,Furniture,Home,1565,282,6
2015-05-01,Africa,South Africa,Furniture,Office,1227,270,4
2015-06-01,North America,United States,Electronics,Phones,43772,4377,292
2015-06-01,North America,United States,Electronics,Computers,27246,4087,136
2015-06-01,North America,United States,Clothing,Apparel,26886,8066,597
2015-06-01,North America,United States,Clothing,Accessories,10978,2196,366
2015-06-01,North America,United States,Furniture,Home,17570,3163,70
2015-06-01,North America,United States,Furniture,Office,11661,2565,39
2015-06-01,North America,Canada,Electronics,Phones,12982,1298,87
2015-06-01,North America,Canada,Electronics,Computers,9718,1458,49
2015-06-01,North America,Canada,Clothing,Apparel,9342,2803,208
2015-06-01,North America,Canada,Clothing,Accessories,4053,811,135
2015-06-01,North America,Canada,Furniture,Home,6997,1259,28
2015-06-01,North America,Canada,Furniture,Office,4070,895,14
2015-06-01,South America,Brazil,Electronics,Phones,11285,1128,75
2015-06-01,South America,Brazil,Electronics,Computers,7291,1094,36
2015-06-01,South America,Brazil,Clothing,Apparel,7984,2395,177
2015-06-01,South America,Brazil,Clothing,Accessories,3489,698,116
2015-06-01,South America,Brazil,Furniture,Home,5299,954,21
2015-06-01,South America,Brazil,Furniture,Office,3687,811,12
2015-06-01,Europe,United Kingdom,Electronics,Phones,22621,2262,151
2015-06-01,Europe,United Kingdom,Electronics,Computers,17593,2639,88
2015-06-01,Europe,United Kingdom,Clothing,Apparel,16899,5070,376
2015-06-01,Europe,United Kingdom,Clothing,Accessories,7393,1479,246
2015-06-01,Europe,United Kingdom,Furniture,Home,11471,2065,46
2015-06-01,Europe,United Kingdom,Furniture,Office,7749,1705,26
2015-06-01,Europe,Germany,Electronics,Phones,18081,1808,121
2015-06-01,Europe,Germany,Electronics,Computers,13950,2092,70
2015-06-01,Europe,Germany,Clothing,Apparel,12177,3653,271
2015-06-01,Europe,Germany,Clothing,Accessories,5865,1173,196
2015-06-01,Europe,Germany,Furniture,Home,10308,1855,41
2015-06-01,Europe,Germany,Furniture,Office,6952,1529,23
2015-06-01,Europe,France,Electronics,Phones,18928,1893,126
2015-06-01,Europe,France,Electronics,Computers,11326,1699,57
2015-06-01,Europe,France,Clothing,Apparel,14657,4397,326
2015-06-01,Europe,France,Clothing,Accessories,5474,1095,182
2015-06-01,Europe,France,Furniture,Home,9863,1775,39
2015-06-01,Europe,France,Furniture,Office,6559,1443,22
2015-06-01,Asia,Japan,Electronics,Phones,26521,2652,177
2015-06-01,Asia,Japan,Electronics,Computers,19905,2986,100
2015-06-01,Asia,Japan,Clothing,Apparel,17500,5250,389
2015-06-01,Asia,Japan,Clothing,Accessories,7265,1453,242
2015-06-01,Asia,Japan,Furniture,Home,12582,2265,50
2015-06-01,Asia,Japan,Furniture,Office,7489,1648,25
2015-06-01,Asia,China,Electronics,Phones,29313,2931,195
2015-06-01,Asia,China,Electronics,Computers,20274,3041,101
2015-06-01,Asia,China,Clothing,Apparel,19468,5840,433
2015-06-01,Asia,China,Clothing,Accessories,9270,1854,309
2015-06-01,Asia,China,Furniture,Home,16532,2976,66
2015-06-01,Asia,China,Furniture,Office,9635,2120,32
2015-06-01,Asia,India,Electronics,Phones,9995,1000,67
2015-06-01,Asia,India,Electronics,Computers,6350,952,32
2015-06-01,Asia,India,Clothing,Apparel,6906,2072,153
2015-06-01,Asia,India,Clothing,Accessories,2720,544,91
2015-06-01,Asia,India,Furniture,Home,4700,846,19
2015-06-01,Asia,India,Furniture,Office,2658,585,9
2015-06-01,Africa,South Africa,Electronics,Phones,4726,473,32
2015-06-01,Africa,South Africa,Electronics,Computers,2695,404,13
2015-06-01,Africa,South Africa,Clothing,Apparel,2753,826,61
2015-06-01,Africa,South Africa,Clothing,Accessories,1029,206,34
2015-06-01,Africa,South Africa,Furniture,Home,1493,269,6
2015-06-01,Africa,South Africa,Furniture,Office,1066,235,4
2015-07-01,North America,United States,Electronics,Phones,39998,4000,267
2015-07-01,North America,United States,Electronics,Computers,24550,3682,123
2015-07-01,North America,United States,Clothing,Apparel,24306,7292,540
2015-07-01,North America,United States,Clothing,Accessories,10223,2045,341
2015-07-01,North America,United States,Furniture,Home,17440,3139,70
2015-07-01,North America,United States,Furniture,Office,12082,2658,40
2015-07-01,North America,Canada,Electronics,Phones,12125,1212,81
2015-07-01,North America,Canada,Electronics,Computers,8855,1328,44
2015-07-01,North America,Canada,Clothing,Apparel,7500,2250,167
2015-07-01,North America,Canada,Clothing,Accessories,3874,775,129
2015-07-01,North America,Canada,Furniture,Home,6167,1110,25
2015-07-01,North America,Canada,Furniture,Office,4259,937,14
2015-07-01,South America,Brazil,Electronics,Phones,11763,1176,78
2015-07-01,South America,Brazil,Electronics,Computers,7735,1160,39
2015-07-01,South America,Brazil,Clothing,Apparel,6946,2084,154
2015-07-01,South America,Brazil,Clothing,Accessories,2797,559,93
2015-07-01,South America,Brazil,Furniture,Home,5268,948,21
2015-07-01,South America,Brazil,Furniture,Office,3285,723,11
2015-07-01,Europe,United Kingdom,Electronics,Phones,22096,2210,147
2015-07-01,Europe,United Kingdom,Electronics,Computers,16365,2455,82
2015-07-01,Europe,United Kingdom,Clothing,Apparel,15529,4659,345
2015-07-01,Europe,United Kingdom,Clothing,Accessories,6120,1224,204
2015-07-01,Europe,United Kingdom,Furniture,Home,9811,1766,39
2015-07-01,Europe,United Kingdom,Furniture,Office,6675,1468,22
2015-07-01,Europe,Germany,Electronics,Phones,18502,1850,123
2015-07-01,Europe,Germany,Electronics,Computers,12066,1810,60
2015-07-01,Europe,Germany,Clothing,Apparel,11013,3304,245
2015-07-01,Europe,Germany,Clothing,Accessories,5019,1004,167
2015-07-01,Europe,Germany,Furniture,Home,9989,1798,40
2015-07-01,Europe,Germany,Furniture,Office,6337,1394,21
2015-07-01,Europe,France,Electronics,Phones,18186,1819,121
2015-07-01,Europe,France,Electronics,Computers,11479,1722,57
2015-07-01,Europe,France,Clothing,Apparel,12569,3771,279
2015-07-01,Europe,France,Clothing,Accessories,5664,1133,189
2015-07-01,Europe,France,Furniture,Home,7804,1405,31
2015-07-01,Europe,France,Furniture,Office,5534,1217,18
2015-07-01,Asia,Japan,Electronics,Phones,26148,2615,174
2015-07-01,Asia,Japan,Electronics,Computers,17963,2694,90
2015-07-01,Asia,Japan,Clothing,Apparel,17175,5152,382
2015-07-01,Asia,Japan,Clothing,Accessories,7090,1418,236
2015-07-01,Asia,Japan,Furniture,Home,11090,1996,44
2015-07-01,Asia,Japan,Furniture,Office,7052,1551,24
2015-07-01,Asia,China,Electronics,Phones,30436,3044,203
2015-07-01,Asia,China,Electronics,Computers,22037,3306,110
2015-07-01,Asia,China,Clothing,Apparel,20167,6050,448
2015-07-01,Asia,China,Clothing,Accessories,7621,1524,254
2015-07-01,Asia,China,Furniture,Home,13094,2357,52
2015-07-01,Asia,China,Furniture,Office,9549,2101,32
2015-07-01,Asia,India,Electronics,Phones,9424,942,63
2015-07-01,Asia,India,Electronics,Computers,5918,888,30
2015-07-01,Asia,India,Clothing,Apparel,6329,1899,141
2015-07-01,Asia,India,Clothing,Accessories,2678,536,89
2015-07-01,Asia,India,Furniture,Home,4221,760,17
2015-07-01,Asia,India,Furniture,Office,2570,565,9
2015-07-01,Africa,South Africa,Electronics,Phones,3834,383,26
2015-07-01,Africa,South Africa,Electronics,Computers,2461,369,12
2015-07-01,Africa,South Africa,Clothing,Apparel,2259,678,50
2015-07-01,Africa,South Africa,Clothing,Accessories,1015,203,34
2015-07-01,Africa,South Africa,Furniture,Home,1637,295,7
2015-07-01,Africa,South Africa,Furniture,Office,933,205,3
2015-08-01,North America,United States,Electronics,Phones,39807,3981,265
2015-08-01,North America,United States,Electronics,Computers,27701,4155,139
2015-08-01,North America,United States,Clothing,Apparel,23660,7098,526
2015-08-01,North America,United States,Clothing,Accessories,11224,2245,374
2015-08-01,North America,United States,Furniture,Home,18879,3398,76
2015-08-01,North America,United States,Furniture,Office,11955,2630,40
2015-08-01,North America,Canada,Electronics,Phones,13921,1392,93
2015-08-01,North America,Canada,Electronics,Computers,8110,1216,41
2015-08-01,North America,Canada,Clothing,Apparel,9263,2779,206
2015-08-01,North America,Canada,Clothing,Accessories,3984,797,133
2015-08-01,North America,Canada,Furniture,Home,5970,1075,24
2015-08-01,North America,Canada,Furniture,Office,4255,936,14
2015-08-01,South America,Brazil,Electronics,Phones,11110,1111,74
2015-08-01,South America,Brazil,Electronics,Computers,8645,1297,43
2015-08-01,South America,Brazil,Clothing,Apparel,7587,2276,169
2015-08-01,South America,Brazil,Clothing,Accessories,2949,590,98
2015-08-01,South America,Brazil,Furniture,Home,5129,923,21
2015-08-01,South America,Brazil,Furniture,Office,3851,847,13
2015-08-01,Europe,United Kingdom,Electronics,Phones,24088,2409,161
2015-08-01,Europe,United Kingdom,Electronics,Computers,17177,2577,86
2015-08-01,Europe,United Kingdom,Clothing,Apparel,16278,4883,362
2015-08-01,Europe,United Kingdom,Clothing,Accessories,7409,1482,247
2015-08-01,Europe,United Kingdom,Furniture,Home,11006,1981,44
2015-08-01,Europe,United Kingdom,Furniture,Office,7848,1727,26
2015-08-01,Europe,Germany,Electronics,Phones,21544,2154,144
2015-08-01,Europe,Germany,Electronics,Computers,13620,2043,68
2015-08-01,Europe,Germany,Clothing,Apparel,13153,3946,292
2015-08-01,Europe,Germany,Clothing,Accessories,5405,1081,180
2015-08-01,Europe,Germany,Furniture,Home,10363,1865,41
2015-08-01,Europe,Germany,Furniture,Office,6542,1439,22
2015-08-01,Europe,France,Electronics,Phones,19236,1924,128
2015-08-01,Europe,France,Electronics,Computers,12459,1869,62
2015-08-01,Europe,France,Clothing,Apparel,13790,4137,306
2015-08-01,Europe,France,Clothing,Accessories,5654,1131,188
2015-08-01,Europe,France,Furniture,Home,8716,1569,35
2015-08-01,Europe,France,Furniture,Office,6288,1383,21
2015-08-01,Asia,Japan,Electronics,Phones,29573,2957,197
2015-08-01,Asia,Japan,Electronics,Computers,18800,2820,94
2015-08-01,Asia,Japan,Clothing,Apparel,18087,5426,402
2015-08-01,Asia,Japan,Clothing,Accessories,7219,1444,241
2015-08-01,Asia,Japan,Furniture,Home,10876,1958,44
2015-08-01,Asia,Japan,Furniture,Office,7581,1668,25
2015-08-01,Asia,China,Electronics,Phones,30921,3092,206
2015-08-01,Asia,China,Electronics,Computers,20821,3123,104
2015-08-01,Asia,China,Clothing,Apparel,20322,6097,452
2015-08-01,Asia,China,Clothing,Accessories,8015,1603,267
2015-08-01,Asia,China,Furniture,Home,14307,2575,57
2015-08-01,Asia,China,Furniture,Office,10471,2304,35
2015-08-01,Asia,India,Electronics,Phones,10121,1012,67
2015-08-01,Asia,India,Electronics,Computers,5915,887,30
2015-08-01,Asia,India,Clothing,Apparel,6184,1855,137
2015-08-01,Asia,India,Clothing,Accessories,2723,545,91
2015-08-01,Asia,India,Furniture,Home,4247,764,17
2015-08-01,Asia,India,Furniture,Office,2711,596,9
2015-08-01,Africa,South Africa,Electronics,Phones,4251,425,28
2015-08-01,Africa,South Africa,Electronics,Computers,3113,467,16
2015-08-01,Africa,South Africa,Clothing,Apparel,2562,769,57
2015-08-01,Africa,South Africa,Clothing,Accessories,1122,224,37
2015-08-01,Africa,South Africa,Furniture,Home,1736,312,7
2015-08-01,Africa,South Africa,Furniture,Office,1137,250,4
2015-09-01,North America,United States,Electronics,Phones,43923,4392,293
2015-09-01,North America,United States,Electronics,Computers,27035,4055,135
2015-09-01,North America,United States,Clothing,Apparel,27170,8151,604
2015-09-01,North America,United States,Clothing,Accessories,12608,2522,420
2015-09-01,North America,United States,Furniture,Home,22484,4047,90
2015-09-01,North America,United States,Furniture,Office,15270,3359,51
2015-09-01,North America,Canada,Electronics,Phones,14757,1476,98
2015-09-01,North America,Canada,Electronics,Computers,10495,1574,52
2015-09-01,North America,Canada,Clothing,Apparel,9890,2967,220
2015-09-01,North America,Canada,Clothing,Accessories,4287,857,143
2015-09-01,North America,Canada,Furniture,Home,6798,1224,27
2015-09-01,North America,Canada,Furniture,Office,4531,997,15
2015-09-01,South America,Brazil,Electronics,Phones,13031,1303,87
2015-09-01,South America,Brazil,Electronics,Computers,7971,1196,40
2015-09-01,South America,Brazil,Clothing,Apparel,8125,2438,181
2015-09-01,South America,Brazil,Clothing,Accessories,3729,746,124
2015-09-01,South America,Brazil,Furniture,Home,5885,1059,24
2015-09-01,South America,Brazil,Furniture,Office,3732,821,12
2015-09-01,Europe,United Kingdom,Electronics,Phones,26824,2682,179
2015-09-01,Europe,United Kingdom,Electronics,Computers,16659,2499,83
2015-09-01,Europe,United Kingdom,Clothing,Apparel,17928,5378,398
2015-09-01,Europe,United Kingdom,Clothing,Accessories,6790,1358,226
2015-09-01,Europe,United Kingdom,Furniture,Home,11746,2114,47
2015-09-01,Europe,United Kingdom,Furniture,Office,8103,1783,27
2015-09-01,Europe,Germany,Electronics,Phones,20100,2010,134
2015-09-01,Europe,Germany,Electronics,Computers,15223,2283,76
2015-09-01,Europe,Germany,Clothing,Apparel,12980,3894,288
2015-09-01,Europe,Germany,Clothing,Accessories,5954,1191,198
2015-09-01,Europe,Germany,Furniture,Home,9829,1769,39
2015-09-01,Europe,Germany,Furniture,Office,7026,1546,23
2015-09-01,Europe,France,Electronics,Phones,18658,1866,124
2015-09-01,Europe,France,Electronics,Computers,12743,1911,64
2015-09-01,Europe,France,Clothing,Apparel,16205,4862,360
2015-09-01,Europe,France,Clothing,Accessories,6440,1288,215
2015-09-01,Europe,France,Furniture,Home,10714,1929,43
2015-09-01,Europe,France,Furniture,Office,7251,1595,24
2015-09-01,Asia,Japan,Electronics,Phones,29654,2965,198
2015-09-01,Asia,Japan,Electronics,Computers,19061,2859,95
2015-09-01,Asia,Japan,Clothing,Apparel,17716,5315,394
2015-09-01,Asia,Japan,Clothing,Accessories,8466,1693,282
2015-09-01,Asia,Japan,Furniture,Home,14520,2614,58
2015-09-01,Asia,Japan,Furniture,Office,8536,1878,28
2015-09-01,Asia,China,Electronics,Phones,37081,3708,247
2015-09-01,Asia,China,Electronics,Computers,25350,3802,127
2015-09-01,Asia,China,Clothing,Apparel,23080,6924,513
2015-09-01,Asia,China,Clothing,Accessories,10088,2018,336
2015-09-01,Asia,China,Furniture,Home,18311,3296,73
2015-09-01,Asia,China,Furniture,Office,10527,2316,35
2015-09-01,Asia,India,Electronics,Phones,9764,976,65
2015-09-01,Asia,India,Electronics,Computers,6699,1005,33
2015-09-01,Asia,India,Clothing,Apparel,6477,1943,144
2015-09-01,Asia,India,Clothing,Accessories,3102,620,103
2015-09-01,Asia,India,Furniture,Home,4861,875,19
2015-09-01,Asia,India,Furniture,Office,3019,664,10
2015-09-01,Africa,South Africa,Electronics,Phones,4991,499,33
2015-09-01,Africa,South Africa,Electronics,Computers,3371,506,17
2015-09-01,Africa,South Africa,Clothing,Apparel,2614,784,58
2015-09-01,Africa,South Africa,Clothing,Accessories,1226,245,41
2015-09-01,Africa,South Africa,Furniture,Home,1889,340,8
2015-09-01,Africa,South Africa,Furniture,Office,1107,244,4
2015-10-01,North America,United States,Electronics,Phones,50267,5027,335
2015-10-01,North America,United States,Electronics,Computers,34428,5164,172
2015-10-01,North America,United States,Clothing,Apparel,27096,8129,602
2015-10-01,North America,United States,Clothing,Accessories,11405,2281,380
2015-10-01,North America,United States,Furniture,Home,21221,3820,85
2015-10-01,North America,United States,Furniture,Office,15221,3349,51
2015-10-01,North America,Canada,Electronics,Phones,17193,1719,115
2015-10-01,North America,Canada,Electronics,Computers,10283,1542,51
2015-10-01,North America,Canada,Clothing,Apparel,10733,3220,239
2015-10-01,North America,Canada,Clothing,Accessories,4036,807,135
2015-10-01,North America,Canada,Furniture,Home,7848,1413,31
2015-10-01,North America,Canada,Furniture,Office,5168,1137,17
2015-10-01,South America,Brazil,Electronics,Phones,12756,1276,85
2015-10-01,South America,Brazil,Electronics,Computers,9744,1462,49
2015-10-01,South America,Brazil,Clothing,Apparel,9438,2831,210
2015-10-01,South America,Brazil,Clothing,Accessories,3856,771,129
2015-10-01,South America,Brazil,Furniture,Home,5823,1048,23
2015-10-01,South America,Brazil,Furniture,Office,4606,1013,15
2015-10-01,Europe,United Kingdom,Electronics,Phones,29953,2995,200
2015-10-01,Europe,United Kingdom,Electronics,Computers,18322,2748,92
2015-10-01,Europe,United Kingdom,Clothing,Apparel,18112,5434,402
2015-10-01,Europe,United Kingdom,Clothing,Accessories,7671,1534,256
2015-10-01,Europe,United Kingdom,Furniture,Home,12615,2271,50
2015-10-01,Europe,United Kingdom,Furniture,Office,8133,1789,27
2015-10-01,Europe,Germany,Electronics,Phones,24940,2494,166
2015-10-01,Europe,Germany,Electronics,Computers,16542,2481,83
2015-10-01,Europe,Germany,Clothing,Apparel,13540,4062,301
2015-10-01,Europe,Germany,Clothing,Accessories,6881,1376,229
2015-10-01,Europe,Germany,Furniture,Home,11648,2097,47
2015-10-01,Europe,Germany,Furniture,Office,8057,1773,27
2015-10-01,Europe,France,Electronics,Phones,21652,2165,144
2015-10-01,Europe,France,Electronics,Computers,13681,2052,68
2015-10-01,Europe,France,Clothing,Apparel,16926,5078,376
2015-10-01,Europe,France,Clothing,Accessories,7575,1515,252
2015-10-01,Europe,France,Furniture,Home,10218,1839,41
2015-10-01,Europe,France,Furniture,Office,7580,1668,25
2015-10-01,Asia,Japan,Electronics,Phones,33010,3301,220
2015-10-01,Asia,Japan,Electronics,Computers,21768,3265,109
2015-10-01,Asia,Japan,Clothing,Apparel,20315,6094,451
2015-10-01,Asia,Japan,Clothing,Accessories,9228,1846,308
2015-10-01,Asia,Japan,Furniture,Home,13218,2379,53
2015-10-01,Asia,Japan,Furniture,Office,9890,2176,33
2015-10-01,Asia,China,Electronics,Phones,40300,4030,269
2015-10-01,Asia,China,Electronics,Computers,23117,3468,116
2015-10-01,Asia,China,Clothing,Apparel,25315,7594,563
2015-10-01,Asia,China,Clothing,Accessories,9564,1913,319
2015-10-01,Asia,China,Furniture,Home,17515,3153,70
2015-10-01,Asia,China,Furniture,Office,12020,2644,40
2015-10-01,Asia,India,Electronics,Phones,11066,1107,74
2015-10-01,Asia,India,Electronics,Computers,6847,1027,34
2015-10-01,Asia,India,Clothing,Apparel,7866,2360,175
2015-10-01,Asia,India,Clothing,Accessories,2950,590,98
2015-10-01,Asia,India,Furniture,Home,4750,855,19
2015-10-01,Asia,India,Furniture,Office,3560,783,12
2015-10-01,Africa,South Africa,Electronics,Phones,4879,488,33
2015-10-01,Africa,South Africa,Electronics,Computers,3616,542,18
2015-10-01,Africa,South Africa,Clothing,Apparel,3058,917,68
2015-10-01,Africa,South Africa,Clothing,Accessories,1204,241,40
2015-10-01,Africa,South Africa,Furniture,Home,1705,307,7
2015-10-01,Africa,South Africa,Furniture,Office,1373,302,5
2015-11-01,North America,United States,Electronics,Phones,53652,5365,358
2015-11-01,North America,United States,Electronics,Computers,40717,6108,204
2015-11-01,North America,United States,Clothing,Apparel,36317,10895,807
2015-11-01,North America,United States,Clothing,Accessories,16405,3281,547
2015-11-01,North America,United States,Furniture,Home,28341,5101,113
2015-11-01,North America,United States,Furniture,Office,18731,4121,62
2015-11-01,North America,Canada,Electronics,Phones,19464,1946,130
2015-11-01,North America,Canada,Electronics,Computers,13762,2064,69
2015-11-01,North America,Canada,Clothing,Apparel,11703,3511,260
2015-11-01,North America,Canada,Clothing,Accessories,5156,1031,172
2015-11-01,North America,Canada,Furniture,Home,9719,1749,39
2015-11-01,North America,Canada,Furniture,Office,5998,1320,20
2015-11-01,South America,Brazil,Electronics,Phones,17440,1744,116
2015-11-01,South America,Brazil,Electronics,Computers,11379,1707,57
2015-11-01,South America,Brazil,Clothing,Apparel,10988,3296,244
2015-11-01,South America,Brazil,Clothing,Accessories,4610,922,154
2015-11-01,South America,Brazil,Furniture,Home,8184,1473,33
2015-11-01,South America,Brazil,Furniture,Office,5024,1105,17
2015-11-01,Europe,United Kingdom,Electronics,Phones,36524,3652,243
2015-11-01,Europe,United Kingdom,Electronics,Computers,22328,3349,112
2015-11-01,Europe,United Kingdom,Clothing,Apparel,21619,6486,480
2015-11-01,Europe,United Kingdom,Clothing,Accessories,9010,1802,300
2015-11-01,Europe,United Kingdom,Furniture,Home,14641,2635,59
2015-11-01,Europe,United Kingdom,Furniture,Office,9609,2114,32
2015-11-01,Europe,Germany,Electronics,Phones,29067,2907,194
2015-11-01,Europe,Germany,Electronics,Computers,20249,3037,101
2015-11-01,Europe,Germany,Clothing,Apparel,17054,5116,379
2015-11-01,Europe,Germany,Clothing,Accessories,7358,1472,245
2015-11-01,Europe,Germany,Furniture,Home,13996,2519,56
2015-11-01,Europe,Germany,Furniture,Office,9780,2152,33
2015-11-01,Europe,France,Electronics,Phones,28194,2819,188
2015-11-01,Europe,France,Electronics,Computers,17245,2587,86
2015-11-01,Europe,France,Clothing,Apparel,19151,5745,426
2015-11-01,Europe,France,Clothing,Accessories,7895,1579,263
2015-11-01,Europe,France,Furniture,Home,12449,2241,50
2015-11-01,Europe,France,Furniture,Office,8358,1839,28
2015-11-01,Asia,Japan,Electronics,Phones,37960,3796,253
2015-11-01,Asia,Japan,Electronics,Computers,24413,3662,122
2015-11-01,Asia,Japan,Clothing,Apparel,25654,7696,570
2015-11-01,Asia,Japan,Clothing,Accessories,10427,2085,348
2015-11-01,Asia,Japan,Furniture,Home,18788,3382,75
2015-11-01,Asia,Japan,Furniture,Office,11562,2544,39
2015-11-01,Asia,China,Electronics,Phones,48648,4865,324
2015-11-01,Asia,China,Electronics,Computers,28868,4330,144
2015-11-01,Asia,China,Clothing,Apparel,31266,9380,695
2015-11-01,Asia,China,Clothing,Accessories,12457,2491,415
2015-11-01,Asia,China,Furniture,Home,23468,4224,94
2015-11-01,Asia,China,Furniture,Office,14776,3251,49
2015-11-01,Asia,India,Electronics,Phones,13954,1395,93
2015-11-01,Asia,India,Electronics,Computers,9249,1387,46
2015-11-01,Asia,India,Clothing,Apparel,8526,2558,189
2015-11-01,Asia,India,Clothing,Accessories,3550,710,118
2015-11-01,Asia,India,Furniture,Home,6790,1222,27
2015-11-01,Asia,India,Furniture,Office,4141,911,14
2015-11-01,Africa,South Africa,Electronics,Phones,6642,664,44
2015-11-01,Africa,South Africa,Electronics,Computers,4077,612,20
2015-11-01,Africa,South Africa,Clothing,Apparel,3330,999,74
2015-11-01,Africa,South Africa,Clothing,Accessories,1600,320,53
2015-11-01,Africa,South Africa,Furniture,Home,2131,384,9
2015-11-01,Africa,South Africa,Furniture,Office,1451,319,5
2015-12-01,North America,United States,Electronics,Phones,68348,6835,456
2015-12-01,North America,United States,Electronics,Computers,43235,6485,216
2015-12-01,North America,United States,Clothing,Apparel,46149,13845,1026
2015-12-01,North America,United States,Clothing,Accessories,16626,3325,554
2015-12-01,North America,United States,Furniture,Home,33166,5970,133
2015-12-01,North America,United States,Furniture,Office,21447,4718,71
2015-12-01,North America,Canada,Electronics,Phones,23808,2381,159
2015-12-01,North America,Canada,Electronics,Computers,14177,2127,71
2015-12-01,North America,Canada,Clothing,Apparel,14766,4430,328
2015-12-01,North America,Canada,Clothing,Accessories,6238,1248,208
2015-12-01,North America,Canada,Furniture,Home,10676,1922,43
2015-12-01,North America,Canada,Furniture,Office,7719,1698,26
2015-12-01,South America,Brazil,Electronics,Phones,21741,2174,145
2015-12-01,South America,Brazil,Electronics,Computers,12686,1903,63
2015-12-01,South America,Brazil,Clothing,Apparel,12905,3872,287
2015-12-01,South America,Brazil,Clothing,Accessories,5518,1104,184
2015-12-01,South America,Brazil,Furniture,Home,9432,1698,38
2015-12-01,South America,Brazil,Furniture,Office,6537,1438,22
2015-12-01,Europe,United Kingdom,Electronics,Phones,38133,3813,254
2015-12-01,Europe,United Kingdom,Electronics,Computers,25440,3816,127
2015-12-01,Europe,United Kingdom,Clothing,Apparel,27092,8128,602
2015-12-01,Europe,United Kingdom,Clothing,Accessories,10478,2096,349
2015-12-01,Europe,United Kingdom,Furniture,Home,16826,3029,67
2015-12-01,Europe,United Kingdom,Furniture,Office,10980,2416,37
2015-12-01,Europe,Germany,Electronics,Phones,29988,2999,200
2015-12-01,Europe,Germany,Electronics,Computers,21980,3297,110
2015-12-01,Europe,Germany,Clothing,Apparel,21394,6418,475
2015-12-01,Europe,Germany,Clothing,Accessories,8624,1725,287
2015-12-01,Europe,Germany,Furniture,Home,15330,2759,61
2015-12-01,Europe,Germany,Furniture,Office,11247,2474,37
2015-12-01,Europe,France,Electronics,Phones,30906,3091,206
2015-12-01,Europe,France,Electronics,Computers,19618,2943,98
2015-12-01,Europe,France,Clothing,Apparel,23966,7190,533
2015-12-01,Europe,France,Clothing,Accessories,10739,2148,358
2015-12-01,Europe,France,Furniture,Home,16181,2913,65
2015-12-01,Europe,France,Furniture,Office,10455,2300,35
2015-12-01,Asia,Japan,Electronics,Phones,48309,4831,322
2015-12-01,Asia,Japan,Electronics,Computers,33906,5086,170
2015-12-01,Asia,Japan,Clothing,Apparel,28960,8688,644
2015-12-01,Asia,Japan,Clothing,Accessories,12712,2542,424
2015-12-01,Asia,Japan,Furniture,Home,20385,3669,82
2015-12-01,Asia,Japan,Furniture,Office,14278,3141,48
2015-12-01,Asia,China,Electronics,Phones,57528,5753,384
2015-12-01,Asia,China,Electronics,Computers,32914,4937,165
2015-12-01,Asia,China,Clothing,Apparel,31355,9406,697
2015-12-01,Asia,China,Clothing,Accessories,13846,2769,462
2015-12-01,Asia,China,Furniture,Home,26455,4762,106
2015-12-01,Asia,China,Furniture,Office,17033,3747,57
2015-12-01,Asia,India,Electronics,Phones,15515,1552,103
2015-12-01,Asia,India,Electronics,Computers,9989,1498,50
2015-12-01,Asia,India,Clothing,Apparel,10896,3269,242
2015-12-01,Asia,India,Clothing,Accessories,4680,936,156
2015-12-01,Asia,India,Furniture,Home,7837,1411,31
2015-12-01,Asia,India,Furniture,Office,4800,1056,16
2015-12-01,Africa,South Africa,Electronics,Phones,7191,719,48
2015-12-01,Africa,South Africa,Electronics,Computers,4397,660,22
2015-12-01,Africa,South Africa,Clothing,Apparel,3813,1144,85
2015-12-01,Africa,South Africa,Clothing,Accessories,1776,355,59
2015-12-01,Africa,South Africa,Furniture,Home,2604,469,10
2015-12-01,Africa,South Africa,Furniture,Office,1710,376,6
2016-01-01,North America,United States,Electronics,Phones,34049,3405,227
2016-01-01,North America,United States,Electronics,Computers,27004,4051,135
2016-01-01,North America,United States,Clothing,Apparel,24622,7387,547
2016-01-01,North America,United States,Clothing,Accessories,10037,2007,335
2016-01-01,North America,United States,Furniture,Home,18864,3396,75
2016-01-01,North America,United States,Furniture,Office,12689,2792,42
2016-01-01,North America,Canada,Electronics,Phones,12786,1279,85
2016-01-01,North America,Canada,Electronics,Computers,7860,1179,39
2016-01-01,North America,Canada,Clothing,Apparel,7333,2200,163
2016-01-01,North America,Canada,Clothing,Accessories,3638,728,121
2016-01-01,North America,Canada,Furniture,Home,5898,1062,24
2016-01-01,North America,Canada,Furniture,Office,4075,896,14
2016-01-01,South America,Brazil,Electronics,Phones,11782,1178,79
2016-01-01,South America,Brazil,Electronics,Computers,6789,1018,34
2016-01-01,South America,Brazil,Clothing,Apparel,7040,2112,156
2016-01-01,South America,Brazil,Clothing,Accessories,3046,609,102
2016-01-01,South America,Brazil,Furniture,Home,4936,888,20
2016-01-01,South America,Brazil,Furniture,Office,3027,666,10
2016-01-01,Europe,United Kingdom,Electronics,Phones,21571,2157,144
2016-01-01,Europe,United Kingdom,Electronics,Computers,14338,2151,72
2016-01-01,Europe,United Kingdom,Clothing,Apparel,14911,4473,331
2016-01-01,Europe,United Kingdom,Clothing,Accessories,6622,1324,221
2016-01-01,Europe,United Kingdom,Furniture,Home,9551,1719,38
2016-01-01,Europe,United Kingdom,Furniture,Office,6847,1506,23
2016-01-01,Europe,Germany,Electronics,Phones,17518,1752,117
2016-01-01,Europe,Germany,Electronics,Computers,13281,1992,66
2016-01-01,Europe,Germany,Clothing,Apparel,12259,3678,272
2016-01-01,Europe,Germany,Clothing,Accessories,4994,999,166
2016-01-01,Europe,Germany,Furniture,Home,8819,1587,35
2016-01-01,Europe,Germany,Furniture,Office,5713,1257,19
2016-01-01,Europe,France,Electronics,Phones,15739,1574,105
2016-01-01,Europe,France,Electronics,Computers,11900,1785,60
2016-01-01,Europe,France,Clothing,Apparel,12446,3734,277
2016-01-01,Europe,France,Clothing,Accessories,5454,1091,182
2016-01-01,Europe,France,Furniture,Home,9225,1660,37
2016-01-01,Europe,France,Furniture,Office,5780,1272,19
2016-01-01,Asia,Japan,Electronics,Phones,25928,2593,173
2016-01-01,Asia,Japan,Electronics,Computers,16842,2526,84
2016-01-01,Asia,Japan,Clothing,Apparel,15141,4542,336
2016-01-01,Asia,Japan,Clothing,Accessories,6730,1346,224
2016-01-01,Asia,Japan,Furniture,Home,11435,2058,46
2016-01-01,Asia,Japan,Furniture,Office,7433,1635,25
2016-01-01,Asia,China,Electronics,Phones,31206,3121,208
2016-01-01,Asia,China,Electronics,Computers,18604,2791,93
2016-01-01,Asia,China,Clothing,Apparel,18639,5592,414
2016-01-01,Asia,China,Clothing,Accessories,8587,1717,286
2016-01-01,Asia,China,Furniture,Home,13672,2461,55
2016-01-01,Asia,China,Furniture,Office,9595,2111,32
2016-01-01,Asia,India,Electronics,Phones,8225,822,55
2016-01-01,Asia,India,Electronics,Computers,6494,974,32
2016-01-01,Asia,India,Clothing,Apparel,5894,1768,131
2016-01-01,Asia,India,Clothing,Accessories,2343,469,78
2016-01-01,Asia,India,Furniture,Home,3685,663,15
2016-01-01,Asia,India,Furniture,Office,2664,586,9
2016-01-01,Africa,South Africa,Electronics,Phones,3997,400,27
2016-01-01,Africa,South Africa,Electronics,Computers,2422,363,12
2016-01-01,Africa,South Africa,Clothing,Apparel,2534,760,56
2016-01-01,Africa,South Africa,Clothing,Accessories,1070,214,36
2016-01-01,Africa,South Africa,Furniture,Home,1472,265,6
2016-01-01,Africa,South Africa,Furniture,Office,913,201,3
2016-02-01,North America,United States,Electronics,Phones,37072,3707,247
2016-02-01,North America,United States,Electronics,Computers,23167,3475,116
2016-02-01,North America,United States,Clothing,Apparel,22567,6770,501
2016-02-01,North America,United States,Clothing,Accessories,9286,1857,310
2016-02-01,North America,United States,Furniture,Home,15487,2788,62
2016-02-01,North America,United States,Furniture,Office,11539,2539,38
2016-02-01,North America,Canada,Electronics,Phones,12700,1270,85
2016-02-01,North America,Canada,Electronics,Computers,7329,1099,37
2016-02-01,North America,Canada,Clothing,Apparel,7648,2294,170
2016-02-01,North America,Canada,Clothing,Accessories,3169,634,106
2016-02-01,North America,Canada,Furniture,Home,6031,1086,24
2016-02-01,North America,Canada,Furniture,Office,3714,817,12
2016-02-01,South America,Brazil,Electronics,Phones,10971,1097,73
2016-02-01,South America,Brazil,Electronics,Computers,7293,1094,36
2016-02-01,South America,Brazil,Clothing,Apparel,6199,1860,138
2016-02-01,South America,Brazil,Clothing,Accessories,2942,588,98
2016-02-01,South America,Brazil,Furniture,Home,4556,820,18
2016-02-01,South America,Brazil,Furniture,Office,3358,739,11
2016-02-01,Europe,United Kingdom,Electronics,Phones,20890,2089,139
2016-02-01,Europe,United Kingdom,Electronics,Computers,14796,2219,74
2016-02-01,Europe,United Kingdom,Clothing,Apparel,12932,3880,287
2016-02-01,Europe,United Kingdom,Clothing,Accessories,5560,1112,185
2016-02-01,Europe,United Kingdom,Furniture,Home,9431,1698,38
2016-02-01,Europe,United Kingdom,Furniture,Office,6797,1495,23
2016-02-01,Europe,Germany,Electronics,Phones,17114,1711,114
2016-02-01,Europe,Germany,Electronics,Computers,10629,1594,53
2016-02-01,Europe,Germany,Clothing,Apparel,10898,3269,242
2016-02-01,Europe,Germany,Clothing,Accessories,4491,898,150
2016-02-01,Europe,Germany,Furniture,Home,8430,1517,34
2016-02-01,Europe,Germany,Furniture,Office,5610,1234,19
2016-02-01,Europe,France,Electronics,Phones,15159,1516,101
2016-02-01,Europe,France,Electronics,Computers,9834,1475,49
2016-02-01,Europe,France,Clothing,Apparel,11156,3347,248
2016-02-01,Europe,France,Clothing,Accessories,5300,1060,177
2016-02-01,Europe,France,Furniture,Home,7993,1439,32
2016-02-01,Europe,France,Furniture,Office,4973,1094,17
2016-02-01,Asia,Japan,Electronics,Phones,25430,2543,170
2016-02-01,Asia,Japan,Electronics,Computers,14601,2190,73
2016-02-01,Asia,Japan,Clothing,Apparel,15882,4765,353
2016-02-01,Asia,Japan,Clothing,Accessories,6755,1351,225
2016-02-01,Asia,Japan,Furniture,Home,10832,1950,43
2016-02-01,Asia,Japan,Furniture,Office,6643,1461,22
2016-02-01,Asia,China,Electronics,Phones,28720,2872,191
2016-02-01,Asia,China,Electronics,Computers,19729,2959,99
2016-02-01,Asia,China,Clothing,Apparel,18968,5690,422
2016-02-01,Asia,China,Clothing,Accessories,7409,1482,247
2016-02-01,Asia,China,Furniture,Home,11776,2120,47
2016-02-01,Asia,China,Furniture,Office,8656,1904,29
2016-02-01,Asia,India,Electronics,Phones,8493,849,57
2016-02-01,Asia,India,Electronics,Computers,5973,896,30
2016-02-01,Asia,India,Clothing,Apparel,5812,1744,129
2016-02-01,Asia,India,Clothing,Accessories,2290,458,76
2016-02-01,Asia,India,Furniture,Home,3727,671,15
2016-02-01,Asia,India,Furniture,Office,2451,539,8
2016-02-01,Africa,South Africa,Electronics,Phones,3873,387,26
2016-02-01,Africa,South Africa,Electronics,Computers,2427,364,12
2016-02-01,Africa,South Africa,Clothing,Apparel,2230,669,50
2016-02-01,Africa,South Africa,Clothing,Accessories,863,173,29
2016-02-01,Africa,South Africa,Furniture,Home,1382,249,6
2016-02-01,Africa,South Africa,Furniture,Office,1014,223,3
2016-03-01,North America,United States,Electronics,Phones,38125,3812,254
2016-03-01,North America,United States,Electronics,Computers,27277,4092,136
2016-03-01,North America,United States,Clothing,Apparel,25249,7575,561
2016-03-01,North America,United States,Clothing,Accessories,11245,2249,375
2016-03-01,North America,United States,Furniture,Home,19681,3543,79
2016-03-01,North America,United States,Furniture,Office,13138,2890,44
2016-03-01,North America,Canada,Electronics,Phones,12817,1282,85
2016-03-01,North America,Canada,Electronics,Computers,8434,1265,42
2016-03-01,North America,Canada,Clothing,Apparel,8955,2686,199
2016-03-01,North America,Canada,Clothing,Accessories,3868,774,129
2016-03-01,North America,Canada,Furniture,Home,6773,1219,27
2016-03-01,North America,Canada,Furniture,Office,3812,839,13
2016-03-01,South America,Brazil,Electronics,Phones,10559,1056,70
2016-03-01,South America,Brazil,Electronics,Computers,7907,1186,40
2016-03-01,South America,Brazil,Clothing,Apparel,7973,2392,177
2016-03-01,South America,Brazil,Clothing,Accessories,3465,693,116
2016-03-01,South America,Brazil,Furniture,Home,5512,992,22
2016-03-01,South America,Brazil,Furniture,Office,3456,760,12
2016-03-01,Europe,United Kingdom,Electronics,Phones,21740,2174,145
2016-03-01,Europe,United Kingdom,Electronics,Computers,16181,2427,81
2016-03-01,Europe,United Kingdom,Clothing,Apparel,16463,4939,366
2016-03-01,Europe,United Kingdom,Clothing,Accessories,6492,1298,216
2016-03-01,Europe,United Kingdom,Furniture,Home,10914,1965,44
2016-03-01,Europe,United Kingdom,Furniture,Office,7569,1665,25
2016-03-01,Europe,Germany,Electronics,Phones,17671,1767,118
2016-03-01,Europe,Germany,Electronics,Computers,13725,2059,69
2016-03-01,Europe,Germany,Clothing,Apparel,11750,3525,261
2016-03-01,Europe,Germany,Clothing,Accessories,5122,1024,171
2016-03-01,Europe,Germany,Furniture,Home,8785,1581,35
2016-03-01,Europe,Germany,Furniture,Office,6343,1395,21
2016-03-01,Europe,France,Electronics,Phones,17563,1756,117
2016-03-01,Europe,France,Electronics,Computers,12233,1835,61
2016-03-01,Europe,France,Clothing,Apparel,12593,3778,280
2016-03-01,Europe,France,Clothing,Accessories,5292,1058,176
2016-03-01,Europe,France,Furniture,Home,9592,1727,38
2016-03-01,Europe,France,Furniture,Office,6096,1341,20
2016-03-01,Asia,Japan,Electronics,Phones,25900,2590,173
2016-03-01,Asia,Japan,Electronics,Computers,19714,2957,99
2016-03-01,Asia,Japan,Clothing,Apparel,15935,4780,354
2016-03-01,Asia,Japan,Clothing,Accessories,7297,1459,243
2016-03-01,Asia,Japan,Furniture,Home,10988,1978,44
2016-03-01,Asia,Japan,Furniture,Office,7327,1612,24
2016-03-01,Asia,China,Electronics,Phones,28425,2842,190
2016-03-01,Asia,China,Electronics,Computers,22292,3344,111
2016-03-01,Asia,China,Clothing,Apparel,21185,6356,471
2016-03-01,Asia,China,Clothing,Accessories,8703,1741,290
2016-03-01,Asia,China,Furniture,Home,13702,2466,55
2016-03-01,Asia,China,Furniture,Office,9691,2132,32
2016-03-01,Asia,India,Electronics,Phones,9163,916,61
2016-03-01,Asia,India,Electronics,Computers,6414,962,32
2016-03-01,Asia,India,Clothing,Apparel,6299,1890,140
2016-03-01,Asia,India,Clothing,Accessories,2587,517,86
2016-03-01,Asia,India,Furniture,Home,3992,719,16
2016-03-01,Asia,India,Furniture,Office,2995,659,10
2016-03-01,Africa,South Africa,Electronics,Phones,3950,395,26
2016-03-01,Africa,South Africa,Electronics,Computers,2737,411,14
2016-03-01,Africa,South Africa,Clothing,Apparel,2443,733,54
2016-03-01,Africa,South Africa,Clothing,Accessories,995,199,33
2016-03-01,Africa,South Africa,Furniture,Home,1599,288,6
2016-03-01,Africa,South Africa,Furniture,Office,1066,235,4
2016-04-01,North America,United States,Electronics,Phones,45826,4583,306
2016-04-01,North America,United States,Electronics,Computers,26671,4001,133
2016-04-01,North America,United States,Clothing,Apparel,28437,8531,632
2016-04-01,North America,United States,Clothing,Accessories,11476,2295,383
2016-04-01,North America,United States,Furniture,Home,18589,3346,74
2016-04-01,North America,United States,Furniture,Office,13149,2893,44
2016-04-01,North America,Canada,Electronics,Phones,14422,1442,96
2016-04-01,North America,Canada,Electronics,Computers,9724,1459,49
2016-04-01,North America,Canada,Clothing,Apparel,8265,2480,184
2016-04-01,North America,Canada,Clothing,Accessories,3976,795,133
2016-04-01,North America,Canada,Furniture,Home,6670,1201,27
2016-04-01,North America,Canada,Furniture,Office,4809,1058,16
2016-04-01,South America,Brazil,Electronics,Phones,11713,1171,78
2016-04-01,South America,Brazil,Electronics,Computers,8645,1297,43
2016-04-01,South America,Brazil,Clothing,Apparel,7954,2386,177
2016-04-01,South America,Brazil,Clothing,Accessories,3239,648,108
2016-04-01,South America,Brazil,Furniture,Home,5714,1029,23
2016-04-01,South America,Brazil,Furniture,Office,3798,836,13
2016-04-01,Europe,United Kingdom,Electronics,Phones,25919,2592,173
2016-04-01,Europe,United Kingdom,Electronics,Computers,17423,2613,87
2016-04-01,Europe,United Kingdom,Clothing,Apparel,16739,5022,372
2016-04-01,Europe,United Kingdom,Clothing,Accessories,7423,1485,247
2016-04-01,Europe,United Kingdom,Furniture,Home,11409,2054,46
2016-04-01,Europe,United Kingdom,Furniture,Office,8014,1763,27
2016-04-01,Europe,Germany,Electronics,Phones,21182,2118,141
2016-04-01,Europe,Germany,Electronics,Computers,13195,1979,66
2016-04-01,Europe,Germany,Clothing,Apparel,12824,3847,285
2016-04-01,Europe,Germany,Clothing,Accessories,5651,1130,188
2016-04-01,Europe,Germany,Furniture,Home,10477,1886,42
2016-04-01,Europe,Germany,Furniture,Office,6127,1348,20
2016-04-01,Europe,France,Electronics,Phones,17602,1760,117
2016-04-01,Europe,France,Electronics,Computers,12842,1926,64
2016-04-01,Europe,France,Clothing,Apparel,13350,4005,297
2016-04-01,Europe,France,Clothing,Accessories,5668,1134,189
2016-04-01,Europe,France,Furniture,Home,9530,1715,38
2016-04-01,Europe,France,Furniture,Office,6898,1518,23
2016-04-01,Asia,Japan,Electronics,Phones,29101,2910,194
2016-04-01,Asia,Japan,Electronics,Computers,20876,3131,104
2016-04-01,Asia,Japan,Clothing,Apparel,19370,5811,430
2016-04-01,Asia,Japan,Clothing,Accessories,7408,1482,247
2016-04-01,Asia,Japan,Furniture,Home,13031,2346,52
2016-04-01,Asia,Japan,Furniture,Office,8128,1788,27
2016-04-01,Asia,China,Electronics,Phones,35418,3542,236
2016-04-01,Asia,China,Electronics,Computers,23345,3502,117
2016-04-01,Asia,China,Clothing,Apparel,20095,6028,447
2016-04-01,Asia,China,Clothing,Accessories,8214,1643,274
2016-04-01,Asia,China,Furniture,Home,17015,3063,68
2016-04-01,Asia,China,Furniture,Office,9636,2120,32
2016-04-01,Asia,India,Electronics,Phones,10946,1095,73
2016-04-01,Asia,India,Electronics,Computers,7155,1073,36
2016-04-01,Asia,India,Clothing,Apparel,6780,2034,151
2016-04-01,Asia,India,Clothing,Accessories,3048,610,102
2016-04-01,Asia,India,Furniture,Home,4865,876,19
2016-04-01,Asia,India,Furniture,Office,3147,692,10
2016-04-01,Africa,South Africa,Electronics,Phones,4330,433,29
2016-04-01,Africa,South Africa,Electronics,Computers,3139,471,16
2016-04-01,Africa,South Africa,Clothing,Apparel,2343,703,52
2016-04-01,Africa,South Africa,Clothing,Accessories,1121,224,37
2016-04-01,Africa,South Africa,Furniture,Home,1654,298,7
2016-04-01,Africa,South Africa,Furniture,Office,1151,253,4
2016-05-01,North America,United States,Electronics,Phones,45550,4555,304
2016-05-01,North America,United States,Electronics,Computers,29851,4478,149
2016-05-01,North America,United States,Clothing,Apparel,29165,8750,648
2016-05-01,North America,United States,Clothing,Accessories,12776,2555,426
2016-05-01,North America,United States,Furniture,Home,18939,3409,76
2016-05-01,North America,United States,Furniture,Office,12970,2853,43
2016-05-01,North America,Canada,Electronics,Phones,13283,1328,89
2016-05-01,North America,Canada,Electronics,Computers,10537,1581,53
2016-05-01,North America,Canada,Clothing,Apparel,9707,2912,216
2016-05-01,North America,Canada,Clothing,Accessories,4451,890,148
2016-05-01,North America,Canada,Furniture,Home,6653,1198,27
2016-05-01,North America,Canada,Furniture,Office,4287,943,14
2016-05-01,South America,Brazil,Electronics,Phones,13753,1375,92
2016-05-01,South America,Brazil,Electronics,Computers,9316,1397,47
2016-05-01,South America,Brazil,Clothing,Apparel,7894,2368,175
2016-05-01,South America,Brazil,Clothing,Accessories,3458,692,115
2016-05-01,South America,Brazil,Furniture,Home,5448,981,22
2016-05-01,South America,Brazil,Furniture,Office,4263,938,14
2016-05-01,Europe,United Kingdom,Electronics,Phones,25386,2539,169
2016-05-01,Europe,United Kingdom,Electronics,Computers,17587,2638,88
2016-05-01,Europe,United Kingdom,Clothing,Apparel,15744,4723,350
2016-05-01,Europe,United Kingdom,Clothing,Accessories,7907,1581,264
2016-05-01,Europe,United Kingdom,Furniture,Home,10886,1959,44
2016-05-01,Europe,United Kingdom,Furniture,Office,7755,1706,26
2016-05-01,Europe,Germany,Electronics,Phones,22463,2246,150
2016-05-01,Europe,Germany,Electronics,Computers,15186,2278,76
2016-05-01,Europe,Germany,Clothing,Apparel,14921,4476,332
2016-05-01,Europe,Germany,Clothing,Accessories,5776,1155,193
2016-05-01,Europe,Germany,Furniture,Home,11080,1994,44
2016-05-01,Europe,Germany,Furniture,Office,6558,1443,22
2016-05-01,Europe,France,Electronics,Phones,19044,1904,127
2016-05-01,Europe,France,Electronics,Computers,11880,1782,59
2016-05-01,Europe,France,Clothing,Apparel,15037,4511,334
2016-05-01,Europe,France,Clothing,Accessories,6339,1268,211
2016-05-01,Europe,France,Furniture,Home,10882,1959,44
2016-05-01,Europe,France,Furniture,Office,6032,1327,20
2016-05-01,Asia,Japan,Electronics,Phones,29739,2974,198
2016-05-01,Asia,Japan,Electronics,Computers,20122,3018,101
2016-05-01,Asia,Japan,Clothing,Apparel,20907,6272,465
2016-05-01,Asia,Japan,Clothing,Accessories,8804,1761,293
2016-05-01,Asia,Japan,Furniture,Home,11881,2139,48
2016-05-01,Asia,Japan,Furniture,Office,8931,1965,30
2016-05-01,Asia,China,Electronics,Phones,35539,3554,237
2016-05-01,Asia,China,Electronics,Computers,25728,3859,129
2016-05-01,Asia,China,Clothing,Apparel,21299,6390,473
2016-05-01,Asia,China,Clothing,Accessories,9202,1840,307
2016-05-01,Asia,China,Furniture,Home,15419,2775,62
2016-05-01,Asia,China,Furniture,Office,10131,2229,34
2016-05-01,Asia,India,Electronics,Phones,11303,1130,75
2016-05-01,Asia,India,Electronics,Computers,6981,1047,35
2016-05-01,Asia,India,Clothing,Apparel,7072,2122,157
2016-05-01,Asia,India,Clothing,Accessories,3019,604,101
2016-05-01,Asia,India,Furniture,Home,4788,862,19
2016-05-01,Asia,India,Furniture,Office,2831,623,9
2016-05-01,Africa,South Africa,Electronics,Phones,4966,497,33
2016-05-01,Africa,South Africa,Electronics,Computers,2971,446,15
2016-05-01,Africa,South Africa,Clothing,Apparel,2535,760,56
2016-05-01,Africa,South Africa,Clothing,Accessories,1189,238,40
2016-05-01,Africa,South Africa,Furniture,Home,1609,290,6
2016-05-01,Africa,South Africa,Furniture,Office,1236,272,4
2016-06-01,North America,United States,Electronics,Phones,39272,3927,262
2016-06-01,North America,United States,Electronics,Computers,26230,3934,131
2016-06-01,North America,United States,Clothing,Apparel,27875,8362,619
2016-06-01,North America,United States,Clothing,Accessories,10743,2149,358
2016-06-01,North America,United States,Furniture,Home,18095,3257,72
2016-06-01,North America,United States,Furniture,Office,14018,3084,47
2016-06-01,North America,Canada,Electronics,Phones,12522,1252,83
2016-06-01,North America,Canada,Electronics,Computers,9934,1490,50
2016-06-01,North America,Canada,Clothing,Apparel,8439,2532,188
2016-06-01,North America,Canada,Clothing,Accessories,3605,721,120
2016-06-01,North America,Canada,Furniture,Home,6342,1142,25
2016-06-01,North America,Canada,Furniture,Office,4160,915,14
2016-06-01,South America,Brazil,Electronics,Phones,12631,1263,84
2016-06-01,South America,Brazil,Electronics,Computers,7384,1108,37
2016-06-01,South America,Brazil,Clothing,Apparel,7031,2109,156
2016-06-01,South America,Brazil,Clothing,Accessories,3531,706,118
2016-06-01,South America,Brazil,Furniture,Home,5270,949,21
2016-06-01,South America,Brazil,Furniture,Office,3577,787,12
2016-06-01,Europe,United Kingdom,Electronics,Phones,23398,2340,156
2016-06-01,Europe,United Kingdom,Electronics,Computers,15192,2279,76
2016-06-01,Europe,United Kingdom,Clothing,Apparel,17007,5102,378
2016-06-01,Europe,United Kingdom,Clothing,Accessories,6989,1398,233
2016-06-01,Europe,United Kingdom,Furniture,Home,11671,2101,47
2016-06-01,Europe,United Kingdom,Furniture,Office,7381,1624,25
2016-06-01,Europe,Germany,Electronics,Phones,21724,2172,145
2016-06-01,Europe,Germany,Electronics,Computers,13756,2063,69
2016-06-01,Europe,Germany,Clothing,Apparel,11963,3589,266
2016-06-01,Europe,Germany,Clothing,Accessories,5566,1113,186
2016-06-01,Europe,Germany,Furniture,Home,10903,1963,44
2016-06-01,Europe,Germany,Furniture,Office,6065,1334,20
2016-06-01,Europe,France,Electronics,Phones,19394,1939,129
2016-06-01,Europe,France,Electronics,Computers,13135,1970,66
2016-06-01,Europe,France,Clothing,Apparel,14337,4301,319
2016-06-01,Europe,France,Clothing,Accessories,6067,1213,202
2016-06-01,Europe,France,Furniture,Home,10333,1860,41
2016-06-01,Europe,France,Furniture,Office,5750,1265,19
2016-06-01,Asia,Japan,Electronics,Phones,28801,2880,192
2016-06-01,Asia,Japan,Electronics,Computers,18902,2835,95
2016-06-01,Asia,Japan,Clothing,Apparel,18845,5654,419
2016-06-01,Asia,Japan,Clothing,Accessories,7772,1554,259
2016-06-01,Asia,Japan,Furniture,Home,13239,2383,53
2016-06-01,Asia,Japan,Furniture,Office,7462,1642,25
2016-06-01,Asia,China,Electronics,Phones,30574,3057,204
2016-06-01,Asia,China,Electronics,Computers,22730,3410,114
2016-06-01,Asia,China,Clothing,Apparel,18961,5688,421
2016-06-01,Asia,China,Clothing,Accessories,8499,1700,283
2016-06-01,Asia,China,Furniture,Home,15988,2878,64
2016-06-01,Asia,China,Furniture,Office,10483,2306,35
2016-06-01,Asia,India,Electronics,Phones,9662,966,64
2016-06-01,Asia,India,Electronics,Computers,7335,1100,37
2016-06-01,Asia,India,Clothing,Apparel,6529,1959,145
2016-06-01,Asia,India,Clothing,Accessories,2755,551,92
2016-06-01,Asia,India,Furniture,Home,4543,818,18
2016-06-01,Asia,India,Furniture,Office,2729,600,9
2016-06-01,Africa,South Africa,Electronics,Phones,4629,463,31
2016-06-01,Africa,South Africa,Electronics,Computers,3176,476,16
2016-06-01,Africa,South Africa,Clothing,Apparel,2674,802,59
2016-06-01,Africa,South Africa,Clothing,Accessories,1172,234,39
2016-06-01,Africa,South Africa,Furniture,Home,1742,314,7
2016-06-01,Africa,South Africa,Furniture,Office,1049,231,3
2016-07-01,North America,United States,Electronics,Phones,39016,3902,260
2016-07-01,North America,United States,Electronics,Computers,24839,3726,124
2016-07-01,North America,United States,Clothing,Apparel,23724,7117,527
2016-07-01,North America,United States,Clothing,Accessories,10408,2082,347
2016-07-01,North America,United States,Furniture,Home,18077,3254,72
2016-07-01,North America,United States,Furniture,Office,11264,2478,38
2016-07-01,North America,Canada,Electronics,Phones,12940,1294,86
2016-07-01,North America,Canada,Electronics,Computers,9044,1357,45
2016-07-01,North America,Canada,Clothing,Apparel,8364,2509,186
2016-07-01,North America,Canada,Clothing,Accessories,3422,684,114
2016-07-01,North America,Canada,Furniture,Home,6837,1231,27
2016-07-01,North America,Canada,Furniture,Office,3839,845,13
2016-07-01,South America,Brazil,Electronics,Phones,12323,1232,82
2016-07-01,South America,Brazil,Electronics,Computers,7078,1062,35
2016-07-01,South America,Brazil,Clothing,Apparel,6761,2028,150
2016-07-01,South America,Brazil,Clothing,Accessories,3302,660,110
2016-07-01,South America,Brazil,Furniture,Home,5581,1005,22
2016-07-01,South America,Brazil,Furniture,Office,3541,779,12
2016-07-01,Europe,United Kingdom,Electronics,Phones,24047,2405,160
2016-07-01,Europe,United Kingdom,Electronics,Computers,15953,2393,80
2016-07-01,Europe,United Kingdom,Clothing,Apparel,14799,4440,329
2016-07-01,Europe,United Kingdom,Clothing,Accessories,6070,1214,202
2016-07-01,Europe,United Kingdom,Furniture,Home,10198,1836,41
2016-07-01,Europe,United Kingdom,Furniture,Office,7236,1592,24
2016-07-01,Europe,Germany,Electronics,Phones,20409,2041,136
2016-07-01,Europe,Germany,Electronics,Computers,13911,2087,70
2016-07-01,Europe,Germany,Clothing,Apparel,12799,3840,284
2016-07-01,Europe,Germany,Clothing,Accessories,5745,1149,192
2016-07-01,Europe,Germany,Furniture,Home,9645,1736,39
2016-07-01,Europe,Germany,Furniture,Office,6117,1346,20
2016-07-01,Europe,France,Electronics,Phones,17605,1760,117
2016-07-01,Europe,France,Electronics,Computers,10893,1634,54
2016-07-01,Europe,France,Clothing,Apparel,13905,4172,309
2016-07-01,Europe,France,Clothing,Accessories,5460,1092,182
2016-07-01,Europe,France,Furniture,Home,8230,1481,33
2016-07-01,Europe,France,Furniture,Office,6365,1400,21
2016-07-01,Asia,Japan,Electronics,Phones,26592,2659,177
2016-07-01,Asia,Japan,Electronics,Computers,19167,2875,96
2016-07-01,Asia,Japan,Clothing,Apparel,17414,5224,387
2016-07-01,Asia,Japan,Clothing,Accessories,7806,1561,260
2016-07-01,Asia,Japan,Furniture,Home,12354,2224,49
2016-07-01,Asia,Japan,Furniture,Office,8436,1856,28
2016-07-01,Asia,China,Electronics,Phones,33525,3352,224
2016-07-01,Asia,China,Electronics,Computers,21489,3223,107
2016-07-01,Asia,China,Clothing,Apparel,20171,6051,448
2016-07-01,Asia,China,Clothing,Accessories,7608,1522,254
2016-07-01,Asia,China,Furniture,Home,15971,2875,64
2016-07-01,Asia,China,Furniture,Office,10452,2299,35
2016-07-01,Asia,India,Electronics,Phones,9016,902,60
2016-07-01,Asia,India,Electronics,Computers,5901,885,30
2016-07-01,Asia,India,Clothing,Apparel,6377,1913,142
2016-07-01,Asia,India,Clothing,Accessories,2526,505,84
2016-07-01,Asia,India,Furniture,Home,4068,732,16
2016-07-01,Asia,India,Furniture,Office,2525,556,8
2016-07-01,Africa,South Africa,Electronics,Phones,4513,451,30
2016-07-01,Africa,South Africa,Electronics,Computers,2839,426,14
2016-07-01,Africa,South Africa,Clothing,Apparel,2403,721,53
2016-07-01,Africa,South Africa,Clothing,Accessories,975,195,32
2016-07-01,Africa,South Africa,Furniture,Home,1618,291,6
2016-07-01,Africa,South Africa,Furniture,Office,952,209,3
2016-08-01,North America,United States,Electronics,Phones,43768,4377,292
2016-08-01,North America,United States,Electronics,Computers,26226,3934,131
2016-08-01,North America,United States,Clothing,Apparel,25540,7662,568
2016-08-01,North America,United States,Clothing,Accessories,10770,2154,359
2016-08-01,North America,United States,Furniture,Home,18961,3413,76
2016-08-01,North America,United States,Furniture,Office,13553,2982,45
2016-08-01,North America,Canada,Electronics,Phones,14675,1468,98
2016-08-01,North America,Canada,Electronics,Computers,9395,1409,47
2016-08-01,North America,Canada,Clothing,Apparel,8331,2499,185
2016-08-01,North America,Canada,Clothing,Accessories,3545,709,118
2016-08-01,North America,Canada,Furniture,Home,6217,1119,25
2016-08-01,North America,Canada,Furniture,Office,4554,1002,15
2016-08-01,South America,Brazil,Electronics,Phones,12662,1266,84
2016-08-01,South America,Brazil,Electronics,Computers,7786,1168,39
2016-08-01,South America,Brazil,Clothing,Apparel,8039,2412,179
2016-08-01,South America,Brazil,Clothing,Accessories,3328,666,111
2016-08-01,South America,Brazil,Furniture,Home,5498,990,22
2016-08-01,South America,Brazil,Furniture,Office,3540,779,12
2016-08-01,Europe,United Kingdom,Electronics,Phones,26305,2630,175
2016-08-01,Europe,United Kingdom,Electronics,Computers,15397,2310,77
2016-08-01,Europe,United Kingdom,Clothing,Apparel,15995,4798,355
2016-08-01,Europe,United Kingdom,Clothing,Accessories,6651,1330,222
2016-08-01,Europe,United Kingdom,Furniture,Home,11521,2074,46
2016-08-01,Europe,United Kingdom,Furniture,Office,7396,1627,25
2016-08-01,Europe,Germany,Electronics,Phones,21267,2127,142
2016-08-01,Europe,Germany,Electronics,Computers,12472,1871,62
2016-08-01,Europe,Germany,Clothing,Apparel,12706,3812,282
2016-08-01,Europe,Germany,Clothing,Accessories,5672,1134,189
2016-08-01,Europe,Germany,Furniture,Home,9026,1625,36
2016-08-01,Europe,Germany,Furniture,Office,6409,1410,21
2016-08-01,Europe,France,Electronics,Phones,17295,1730,115
2016-08-01,Europe,France,Electronics,Computers,11349,1702,57
2016-08-01,Europe,France,Clothing,Apparel,13578,4073,302
2016-08-01,Europe,France,Clothing,Accessories,5908,1182,197
2016-08-01,Europe,France,Furniture,Home,8524,1534,34
2016-08-01,Europe,France,Furniture,Office,6615,1455,22
2016-08-01,Asia,Japan,Electronics,Phones,27046,2705,180
2016-08-01,Asia,Japan,Electronics,Computers,18820,2823,94
2016-08-01,Asia,Japan,Clothing,Apparel,18909,5673,420
2016-08-01,Asia,Japan,Clothing,Accessories,7787,1557,260
2016-08-01,Asia,Japan,Furniture,Home,13052,2349,52
2016-08-01,Asia,Japan,Furniture,Office,8657,1905,29
2016-08-01,Asia,China,Electronics,Phones,30516,3052,203
2016-08-01,Asia,China,Electronics,Computers,23858,3579,119
2016-08-01,Asia,China,Clothing,Apparel,18864,5659,419
2016-08-01,Asia,China,Clothing,Accessories,8043,1609,268
2016-08-01,Asia,China,Furniture,Home,16885,3039,68
2016-08-01,Asia,China,Furniture,Office,11134,2449,37
2016-08-01,Asia,India,Electronics,Phones,10163,1016,68
2016-08-01,Asia,India,Electronics,Computers,6772,1016,34
2016-08-01,Asia,India,Clothing,Apparel,6761,2028,150
2016-08-01,Asia,India,Clothing,Accessories,2735,547,91
2016-08-01,Asia,India,Furniture,Home,4107,739,16
2016-08-01,Asia,India,Furniture,Office,2682,590,9
2016-08-01,Africa,South Africa,Electronics,Phones,4294,429,29
2016-08-01,Africa,South Africa,Electronics,Computers,3145,472,16
2016-08-01,Africa,South Africa,Clothing,Apparel,2657,797,59
2016-08-01,Africa,South Africa,Clothing,Accessories,1186,237,40
2016-08-01,Africa,South Africa,Furniture,Home,1809,326,7
2016-08-01,Africa,South Africa,Furniture,Office,1021,225,3
2016-09-01,North America,United States,Electronics,Phones,49543,4954,330
2016-09-01,North America,United States,Electronics,Computers,29314,4397,147
2016-09-01,North America,United States,Clothing,Apparel,29353,8806,652
2016-09-01,North America,United States,Clothing,Accessories,12419,2484,414
2016-09-01,North America,United States,Furniture,Home,21179,3812,85
2016-09-01,North America,United States,Furniture,Office,13873,3052,46
2016-09-01,North America,Canada,Electronics,Phones,14954,1495,100
2016-09-01,North America,Canada,Electronics,Computers,9956,1493,50
2016-09-01,North America,Canada,Clothing,Apparel,9424,2827,209
2016-09-01,North America,Canada,Clothing,Accessories,4335,867,144
2016-09-01,North America,Canada,Furniture,Home,6844,1232,27
2016-09-01,North America,Canada,Furniture,Office,4954,1090,17
2016-09-01,South America,Brazil,Electronics,Phones,14700,1470,98
2016-09-01,South America,Brazil,Electronics,Computers,8791,1319,44
2016-09-01,South America,Brazil,Clothing,Apparel,9045,2714,201
2016-09-01,South America,Brazil,Clothing,Accessories,3945,789,132
2016-09-01,South America,Brazil,Furniture,Home,6569,1182,26
2016-09-01,South America,Brazil,Furniture,Office,3903,859,13
2016-09-01,Europe,United Kingdom,Electronics,Phones,25844,2584,172
2016-09-01,Europe,United Kingdom,Electronics,Computers,17417,2613,87
2016-09-01,Europe,United Kingdom,Clothing,Apparel,18394,5518,409
2016-09-01,Europe,United Kingdom,Clothing,Accessories,8127,1625,271
2016-09-01,Europe,United Kingdom,Furniture,Home,12744,2294,51
2016-09-01,Europe,United Kingdom,Furniture,Office,7708,1696,26
2016-09-01,Europe,Germany,Electronics,Phones,24114,2411,161
2016-09-01,Europe,Germany,Electronics,Computers,15226,2284,76
2016-09-01,Europe,Germany,Clothing,Apparel,15154,4546,337
2016-09-01,Europe,Germany,Clothing,Accessories,6501,1300,217
2016-09-01,Europe,Germany,Furniture,Home,11010,1982,44
2016-09-01,Europe,Germany,Furniture,Office,8045,1770,27
2016-09-01,Europe,France,Electronics,Phones,20657,2066,138
2016-09-01,Europe,France,Electronics,Computers,13964,2095,70
2016-09-01,Europe,France,Clothing,Apparel,16257,4877,361
2016-09-01,Europe,France,Clothing,Accessories,7293,1459,243
2016-09-01,Europe,France,Furniture,Home,10773,1939,43
2016-09-01,Europe,France,Furniture,Office,6515,1433,22
2016-09-01,Asia,Japan,Electronics,Phones,29361,2936,196
2016-09-01,Asia,Japan,Electronics,Computers,21176,3176,106
2016-09-01,Asia,Japan,Clothing,Apparel,19392,5818,431
2016-09-01,Asia,Japan,Clothing,Accessories,8262,1652,275
2016-09-01,Asia,Japan,Furniture,Home,12389,2230,50
2016-09-01,Asia,Japan,Furniture,Office,9077,1997,30
2016-09-01,Asia,China,Electronics,Phones,35674,3567,238
2016-09-01,Asia,China,Electronics,Computers,24482,3672,122
2016-09-01,Asia,China,Clothing,Apparel,21027,6308,467
2016-09-01,Asia,China,Clothing,Accessories,10544,2109,351
2016-09-01,Asia,China,Furniture,Home,15839,2851,63
2016-09-01,Asia,China,Furniture,Office,12376,2723,41
2016-09-01,Asia,India,Electronics,Phones,11914,1191,79
2016-09-01,Asia,India,Electronics,Computers,7587,1138,38
2016-09-01,Asia,India,Clothing,Apparel,7220,2166,160
2016-09-01,Asia,India,Clothing,Accessories,3067,613,102
2016-09-01,Asia,India,Furniture,Home,4998,900,20
2016-09-01,Asia,India,Furniture,Office,3488,767,12
2016-09-01,Africa,South Africa,Electronics,Phones,5335,534,36
2016-09-01,Africa,South Africa,Electronics,Computers,3263,489,16
2016-09-01,Africa,South Africa,Clothing,Apparel,3063,919,68
2016-09-01,Africa,South Africa,Clothing,Accessories,1274,255,42
2016-09-01,Africa,South Africa,Furniture,Home,1788,322,7
2016-09-01,Africa,South Africa,Furniture,Office,1230,271,4
2016-10-01,North America,United States,Electronics,Phones,45269,4527,302
2016-10-01,North America,United States,Electronics,Computers,29602,4440,148
2016-10-01,North America,United States,Clothing,Apparel,27881,8364,620
2016-10-01,North America,United States,Clothing,Accessories,14014,2803,467
2016-10-01,North America,United States,Furniture,Home,22000,3960,88
2016-10-01,North America,United States,Furniture,Office,15790,3474,53
2016-10-01,North America,Canada,Electronics,Phones,16237,1624,108
2016-10-01,North America,Canada,Electronics,Computers,10107,1516,51
2016-10-01,North America,Canada,Clothing,Apparel,10064,3019,224
2016-10-01,North America,Canada,Clothing,Accessories,4486,897,150
2016-10-01,North America,Canada,Furniture,Home,7692,1385,31
2016-10-01,North America,Canada,Furniture,Office,5215,1147,17
2016-10-01,South America,Brazil,Electronics,Phones,13301,1330,89
2016-10-01,South America,Brazil,Electronics,Computers,9275,1391,46
2016-10-01,South America,Brazil,Clothing,Apparel,8690,2607,193
2016-10-01,South America,Brazil,Clothing,Accessories,3822,764,127
2016-10-01,South America,Brazil,Furniture,Home,6279,1130,25
2016-10-01,South America,Brazil,Furniture,Office,4411,970,15
2016-10-01,Europe,United Kingdom,Electronics,Phones,30890,3089,206
2016-10-01,Europe,United Kingdom,Electronics,Computers,20041,3006,100
2016-10-01,Europe,United Kingdom,Clothing,Apparel,17283,5185,384
2016-10-01,Europe,United Kingdom,Clothing,Accessories,7453,1491,248
2016-10-01,Europe,United Kingdom,Furniture,Home,13441,2419,54
2016-10-01,Europe,United Kingdom,Furniture,Office,8278,1821,28
2016-10-01,Europe,Germany,Electronics,Phones,25084,2508,167
2016-10-01,Europe,Germany,Electronics,Computers,16507,2476,83
2016-10-01,Europe,Germany,Clothing,Apparel,16371,4911,364
2016-10-01,Europe,Germany,Clothing,Accessories,6973,1395,232
2016-10-01,Europe,Germany,Furniture,Home,11291,2032,45
2016-10-01,Europe,Germany,Furniture,Office,7916,1742,26
2016-10-01,Europe,France,Electronics,Phones,19878,1988,133
2016-10-01,Europe,France,Electronics,Computers,13847,2077,69
2016-10-01,Europe,France,Clothing,Apparel,18213,5464,405
2016-10-01,Europe,France,Clothing,Accessories,7421,1484,247
2016-10-01,Europe,France,Furniture,Home,10793,1943,43
2016-10-01,Europe,France,Furniture,Office,7494,1649,25
2016-10-01,Asia,Japan,Electronics,Phones,36699,3670,245
2016-10-01,Asia,Japan,Electronics,Computers,21639,3246,108
2016-10-01,Asia,Japan,Clothing,Apparel,20675,6202,459
2016-10-01,Asia,Japan,Clothing,Accessories,9615,1923,320
2016-10-01,Asia,Japan,Furniture,Home,15170,2731,61
2016-10-01,Asia,Japan,Furniture,Office,9841,2165,33
2016-10-01,Asia,China,Electronics,Phones,41496,4150,277
2016-10-01,Asia,China,Electronics,Computers,27196,4079,136
2016-10-01,Asia,China,Clothing,Apparel,25124,7537,558
2016-10-01,Asia,China,Clothing,Accessories,10437,2087,348
2016-10-01,Asia,China,Furniture,Home,18700,3366,75
2016-10-01,Asia,China,Furniture,Office,11927,2624,40
2016-10-01,Asia,India,Electronics,Phones,11357,1136,76
2016-10-01,Asia,India,Electronics,Computers,7573,1136,38
2016-10-01,Asia,India,Clothing,Apparel,7086,2126,157
2016-10-01,Asia,India,Clothing,Accessories,3059,612,102
2016-10-01,Asia,India,Furniture,Home,5656,1018,23
2016-10-01,Asia,India,Furniture,Office,3451,759,12
2016-10-01,Africa,South Africa,Electronics,Phones,4907,491,33
2016-10-01,Africa,South Africa,Electronics,Computers,3210,482,16
2016-10-01,Africa,South Africa,Clothing,Apparel,2772,832,62
2016-10-01,Africa,South Africa,Clothing,Accessories,1387,277,46
2016-10-01,Africa,South Africa,Furniture,Home,1791,322,7
2016-10-01,Africa,South Africa,Furniture,Office,1368,301,5
2016-11-01,North America,United States,Electronics,Phones,64294,6429,429
2016-11-01,North America,United States,Electronics,Computers,43253,6488,216
2016-11-01,North America,United States,Clothing,Apparel,34026,10208,756
2016-11-01,North America,United States,Clothing,Accessories,15543,3109,518
2016-11-01,North America,United States,Furniture,Home,29617,5331,118
2016-11-01,North America,United States,Furniture,Office,17363,3820,58
2016-11-01,North America,Canada,Electronics,Phones,19590,1959,131
2016-11-01,North America,Canada,Electronics,Computers,12485,1873,62
2016-11-01,North America,Canada,Clothing,Apparel,13992,4198,311
2016-11-01,North America,Canada,Clothing,Accessories,5929,1186,198
2016-11-01,North America,Canada,Furniture,Home,10237,1843,41
2016-11-01,North America,Canada,Furniture,Office,5997,1319,20
2016-11-01,South America,Brazil,Electronics,Phones,17454,1745,116
2016-11-01,South America,Brazil,Electronics,Computers,11573,1736,58
2016-11-01,South America,Brazil,Clothing,Apparel,11644,3493,259
2016-11-01,South America,Brazil,Clothing,Accessories,4567,913,152
2016-11-01,South America,Brazil,Furniture,Home,7944,1430,32
2016-11-01,South America,Brazil,Furniture,Office,5126,1128,17
2016-11-01,Europe,United Kingdom,Electronics,Phones,37950,3795,253
2016-11-01,Europe,United Kingdom,Electronics,Computers,23856,3578,119
2016-11-01,Europe,United Kingdom,Clothing,Apparel,23592,7078,524
2016-11-01,Europe,United Kingdom,Clothing,Accessories,9660,1932,322
2016-11-01,Europe,United Kingdom,Furniture,Home,17060,3071,68
2016-11-01,Europe,United Kingdom,Furniture,Office,10646,2342,35
2016-11-01,Europe,Germany,Electronics,Phones,31718,3172,211
2016-11-01,Europe,Germany,Electronics,Computers,19293,2894,96
2016-11-01,Europe,Germany,Clothing,Apparel,20422,6127,454
2016-11-01,Europe,Germany,Clothing,Accessories,8812,1762,294
2016-11-01,Europe,Germany,Furniture,Home,14350,2583,57
2016-11-01,Europe,Germany,Furniture,Office,9220,2028,31
2016-11-01,Europe,France,Electronics,Phones,25886,2589,173
2016-11-01,Europe,France,Electronics,Computers,17772,2666,89
2016-11-01,Europe,France,Clothing,Apparel,22544,6763,501
2016-11-01,Europe,France,Clothing,Accessories,9397,1879,313
2016-11-01,Europe,France,Furniture,Home,14481,2607,58
2016-11-01,Europe,France,Furniture,Office,8447,1858,28
2016-11-01,Asia,Japan,Electronics,Phones,39688,3969,265
2016-11-01,Asia,Japan,Electronics,Computers,28638,4296,143
2016-11-01,Asia,Japan,Clothing,Apparel,28208,8462,627
2016-11-01,Asia,Japan,Clothing,Accessories,11370,2274,379
2016-11-01,Asia,Japan,Furniture,Home,16270,2929,65
2016-11-01,Asia,Japan,Furniture,Office,12598,2772,42
2016-11-01,Asia,China,Electronics,Phones,51590,5159,344
2016-11-01,Asia,China,Electronics,Computers,30755,4613,154
2016-11-01,Asia,China,Clothing,Apparel,31572,9472,702
2016-11-01,Asia,China,Clothing,Accessories,12270,2454,409
2016-11-01,Asia,China,Furniture,Home,24319,4377,97
2016-11-01,Asia,China,Furniture,Office,13939,3067,46
2016-11-01,Asia,India,Electronics,Phones,14280,1428,95
2016-11-01,Asia,India,Electronics,Computers,10502,1575,53
2016-11-01,Asia,India,Clothing,Apparel,8852,2656,197
2016-11-01,Asia,India,Clothing,Accessories,3978,796,133
2016-11-01,Asia,India,Furniture,Home,6234,1122,25
2016-11-01,Asia,India,Furniture,Office,3879,853,13
2016-11-01,Africa,South Africa,Electronics,Phones,5853,585,39
2016-11-01,Africa,South Africa,Electronics,Computers,4287,643,21
2016-11-01,Africa,South Africa,Clothing,Apparel,3551,1065,79
2016-11-01,Africa,South Africa,Clothing,Accessories,1766,353,59
2016-11-01,Africa,South Africa,Furniture,Home,2350,423,9
2016-11-01,Africa,South Africa,Furniture,Office,1455,320,5
2016-12-01,North America,United States,Electronics,Phones,75516,7552,503
2016-12-01,North America,United States,Electronics,Computers,49494,7424,247
2016-12-01,North America,United States,Clothing,Apparel,44557,13367,990
2016-12-01,North America,United States,Clothing,Accessories,19620,3924,654
2016-12-01,North America,United States,Furniture,Home,30093,5417,120
2016-12-01,North America,United States,Furniture,Office,20708,4556,69
2016-12-01,North America,Canada,Electronics,Phones,24703,2470,165
2016-12-01,North America,Canada,Electronics,Computers,16056,2408,80
2016-12-01,North America,Canada,Clothing,Apparel,14047,4214,312
2016-12-01,North America,Canada,Clothing,Accessories,6756,1351,225
2016-12-01,North America,Canada,Furniture,Home,11010,1982,44
2016-12-01,North America,Canada,Furniture,Office,6682,1470,22
2016-12-01,South America,Brazil,Electronics,Phones,18678,1868,125
2016-12-01,South America,Brazil,Electronics,Computers,12932,1940,65
2016-12-01,South America,Brazil,Clothing,Apparel,13847,4154,308
2016-12-01,South America,Brazil,Clothing,Accessories,5616,1123,187
2016-12-01,South America,Brazil,Furniture,Home,9691,1744,39
2016-12-01,South America,Brazil,Furniture,Office,6214,1367,21
2016-12-01,Europe,United Kingdom,Electronics,Phones,38471,3847,256
2016-12-01,Europe,United Kingdom,Electronics,Computers,26631,3995,133
2016-12-01,Europe,United Kingdom,Clothing,Apparel,25962,7789,577
2016-12-01,Europe,United Kingdom,Clothing,Accessories,10539,2108,351
2016-12-01,Europe,United Kingdom,Furniture,Home,18243,3284,73
2016-12-01,Europe,United Kingdom,Furniture,Office,13087,2879,44
2016-12-01,Europe,Germany,Electronics,Phones,34005,3400,227
2016-12-01,Europe,Germany,Electronics,Computers,21086,3163,105
2016-12-01,Europe,Germany,Clothing,Apparel,23383,7015,520
2016-12-01,Europe,Germany,Clothing,Accessories,9449,1890,315
2016-12-01,Europe,Germany,Furniture,Home,15072,2713,60
2016-12-01,Europe,Germany,Furniture,Office,11158,2455,37
2016-12-01,Europe,France,Electronics,Phones,29012,2901,193
2016-12-01,Europe,France,Electronics,Computers,18940,2841,95
2016-12-01,Europe,France,Clothing,Apparel,23456,7037,521
2016-12-01,Europe,France,Clothing,Accessories,10431,2086,348
2016-12-01,Europe,France,Furniture,Home,14941,2689,60
2016-12-01,Europe,France,Furniture,Office,10331,2273,34
2016-12-01,Asia,Japan,Electronics,Phones,49789,4979,332
2016-12-01,Asia,Japan,Electronics,Computers,29473,4421,147
2016-12-01,Asia,Japan,Clothing,Apparel,33157,9947,737
2016-12-01,Asia,Japan,Clothing,Accessories,11856,2371,395
2016-12-01,Asia,Japan,Furniture,Home,20500,3690,82
2016-12-01,Asia,Japan,Furniture,Office,13616,2996,45
2016-12-01,Asia,China,Electronics,Phones,61052,6105,407
2016-12-01,Asia,China,Electronics,Computers,37482,5622,187
2016-12-01,Asia,China,Clothing,Apparel,33850,10155,752
2016-12-01,Asia,China,Clothing,Accessories,14743,2949,491
2016-12-01,Asia,China,Furniture,Home,26660,4799,107
2016-12-01,Asia,China,Furniture,Office,18969,4173,63
2016-12-01,Asia,India,Electronics,Phones,15864,1586,106
2016-12-01,Asia,India,Electronics,Computers,10048,1507,50
2016-12-01,Asia,India,Clothing,Apparel,11439,3432,254
2016-12-01,Asia,India,Clothing,Accessories,4491,898,150
2016-12-01,Asia,India,Furniture,Home,7761,1397,31
2016-12-01,Asia,India,Furniture,Office,5071,1116,17
2016-12-01,Africa,South Africa,Electronics,Phones,7819,782,52
2016-12-01,Africa,South Africa,Electronics,Computers,5177,777,26
2016-12-01,Africa,South Africa,Clothing,Apparel,4181,1254,93
2016-12-01,Africa,South Africa,Clothing,Accessories,1685,337,56
2016-12-01,Africa,South Africa,Furniture,Home,2807,505,11
2016-12-01,Africa,South Africa,Furniture,Office,1970,433,7
2017-01-01,North America,United States,Electronics,Phones,35711,3571,238
2017-01-01,North America,United States,Electronics,Computers,26883,4032,134
2017-01-01,North America,United States,Clothing,Apparel,23596,7079,524
2017-01-01,North America,United States,Clothing,Accessories,10583,2117,353
2017-01-01,North America,United States,Furniture,Home,18293,3293,73
2017-01-01,North America,United States,Furniture,Office,12622,2777,42
2017-01-01,North America,Canada,Electronics,Phones,11618,1162,77
2017-01-01,North America,Canada,Electronics,Computers,8956,1343,45
2017-01-01,North America,Canada,Clothing,Apparel,8247,2474,183
2017-01-01,North America,Canada,Clothing,Accessories,3417,683,114
2017-01-01,North America,Canada,Furniture,Home,5553,1000,22
2017-01-01,North America,Canada,Furniture,Office,3829,842,13
2017-01-01,South America,Brazil,Electronics,Phones,10177,1018,68
2017-01-01,South America,Brazil,Electronics,Computers,8116,1217,41
2017-01-01,South America,Brazil,Clothing,Apparel,7151,2145,159
2017-01-01,South America,Brazil,Clothing,Accessories,3354,671,112
2017-01-01,South America,Brazil,Furniture,Home,5136,924,21
2017-01-01,South America,Brazil,Furniture,Office,3227,710,11
2017-01-01,Europe,United Kingdom,Electronics,Phones,24076,2408,161
2017-01-01,Europe,United Kingdom,Electronics,Computers,14333,2150,72
2017-01-01,Europe,United Kingdom,Clothing,Apparel,14428,4328,321
2017-01-01,Europe,United Kingdom,Clothing,Accessories,6723,1345,224
2017-01-01,Europe,United Kingdom,Furniture,Home,10930,1967,44
2017-01-01,Europe,United Kingdom,Furniture,Office,6562,1444,22
2017-01-01,Europe,Germany,Electronics,Phones,17426,1743,116
2017-01-01,Europe,Germany,Electronics,Computers,12229,1834,61
2017-01-01,Europe,Germany,Clothing,Apparel,12808,3842,285
2017-01-01,Europe,Germany,Clothing,Accessories,5340,1068,178
2017-01-01,Europe,Germany,Furniture,Home,9890,1780,40
2017-01-01,Europe,Germany,Furniture,Office,5972,1314,20
2017-01-01,Europe,France,Electronics,Phones,18397,1840,123
2017-01-01,Europe,France,Electronics,Computers,11195,1679,56
2017-01-01,Europe,France,Clothing,Apparel,13064,3919,290
2017-01-01,Europe,France,Clothing,Accessories,6077,1215,203
2017-01-01,Europe,France,Furniture,Home,8690,1564,35
2017-01-01,Europe,France,Furniture,Office,6119,1346,20
2017-01-01,Asia,Japan,Electronics,Phones,27683,2768,185
2017-01-01,Asia,Japan,Electronics,Computers,16167,2425,81
2017-01-01,Asia,Japan,Clothing,Apparel,16976,5093,377
2017-01-01,Asia,Japan,Clothing,Accessories,7589,1518,253
2017-01-01,Asia,Japan,Furniture,Home,11305,2035,45
2017-01-01,Asia,Japan,Furniture,Office,7202,1584,24
2017-01-01,Asia,China,Electronics,Phones,27988,2799,187
2017-01-01,Asia,China,Electronics,Computers,21025,3154,105
2017-01-01,Asia,China,Clothing,Apparel,18276,5483,406
2017-01-01,Asia,China,Clothing,Accessories,8315,1663,277
2017-01-01,Asia,China,Furniture,Home,14048,2529,56
2017-01-01,Asia,China,Furniture,Office,9866,2171,33
2017-01-01,Asia,India,Electronics,Phones,8894,889,59
2017-01-01,Asia,India,Electronics,Computers,5551,833,28
2017-01-01,Asia,India,Clothing,Apparel,6381,1914,142
2017-01-01,Asia,India,Clothing,Accessories,2471,494,82
2017-01-01,Asia,India,Furniture,Home,4480,806,18
2017-01-01,Asia,India,Furniture,Office,2593,570,9
2017-01-01,Africa,South Africa,Electronics,Phones,4465,446,30
2017-01-01,Africa,South Africa,Electronics,Computers,2959,444,15
2017-01-01,Africa,South Africa,Clothing,Apparel,2174,652,48
2017-01-01,Africa,South Africa,Clothing,Accessories,1046,209,35
2017-01-01,Africa,South Africa,Furniture,Home,1486,267,6
2017-01-01,Africa,South Africa,Furniture,Office,1080,238,4
2017-02-01,North America,United States,Electronics,Phones,37090,3709,247
2017-02-01,North America,United States,Electronics,Computers,26032,3905,130
2017-02-01,North America,United States,Clothing,Apparel,20687,6206,460
2017-02-01,North America,United States,Clothing,Accessories,9754,1951,325
2017-02-01,North America,United States,Furniture,Home,17649,3177,71
2017-02-01,North America,United States,Furniture,Office,10103,2223,34
2017-02-01,North America,Canada,Electronics,Phones,10902,1090,73
2017-02-01,North America,Canada,Electronics,Computers,8400,1260,42
2017-02-01,North America,Canada,Clothing,Apparel,7589,2277,169
2017-02-01,North America,Canada,Clothing,Accessories,3264,653,109
2017-02-01,North America,Canada,Furniture,Home,5806,1045,23
2017-02-01,North America,Canada,Furniture,Office,3900,858,13
2017-02-01,South America,Brazil,Electronics,Phones,10879,1088,73
2017-02-01,South America,Brazil,Electronics,Computers,7630,1144,38
2017-02-01,South America,Brazil,Clothing,Apparel,6513,1954,145
2017-02-01,South America,Brazil,Clothing,Accessories,3015,603,100
2017-02-01,South America,Brazil,Furniture,Home,4845,872,19
2017-02-01,South America,Brazil,Furniture,Office,3201,704,11
2017-02-01,Europe,United Kingdom,Electronics,Phones,21045,2104,140
2017-02-01,Europe,United Kingdom,Electronics,Computers,14751,2213,74
2017-02-01,Europe,United Kingdom,Clothing,Apparel,13227,3968,294
2017-02-01,Europe,United Kingdom,Clothing,Accessories,5506,1101,184
2017-02-01,Europe,United Kingdom,Furniture,Home,9998,1800,40
2017-02-01,Europe,United Kingdom,Furniture,Office,6364,1400,21
2017-02-01,Europe,Germany,Electronics,Phones,17265,1726,115
2017-02-01,Europe,Germany,Electronics,Computers,11921,1788,60
2017-02-01,Europe,Germany,Clothing,Apparel,10609,3183,236
2017-02-01,Europe,Germany,Clothing,Accessories,4545,909,152
2017-02-01,Europe,Germany,Furniture,Home,8501,1530,34
2017-02-01,Europe,Germany,Furniture,Office,6298,1386,21
2017-02-01,Europe,France,Electronics,Phones,15079,1508,101
2017-02-01,Europe,France,Electronics,Computers,11378,1707,57
2017-02-01,Europe,France,Clothing,Apparel,12232,3670,272
2017-02-01,Europe,France,Clothing,Accessories,4855,971,162
2017-02-01,Europe,France,Furniture,Home,8689,1564,35
2017-02-01,Europe,France,Furniture,Office,5359,1179,18
2017-02-01,Asia,Japan,Electronics,Phones,26805,2680,179
2017-02-01,Asia,Japan,Electronics,Computers,16368,2455,82
2017-02-01,Asia,Japan,Clothing,Apparel,14310,4293,318
2017-02-01,Asia,Japan,Clothing,Accessories,6927,1385,231
2017-02-01,Asia,Japan,Furniture,Home,11229,2021,45
2017-02-01,Asia,Japan,Furniture,Office,6749,1485,22
2017-02-01,Asia,China,Electronics,Phones,27770,2777,185
2017-02-01,Asia,China,Electronics,Computers,17435,2615,87
2017-02-01,Asia,China,Clothing,Apparel,17973,5392,399
2017-02-01,Asia,China,Clothing,Accessories,8236,1647,275
2017-02-01,Asia,China,Furniture,Home,14307,2575,57
2017-02-01,Asia,China,Furniture,Office,9289,2044,31
2017-02-01,Asia,India,Electronics,Phones,9328,933,62
2017-02-01,Asia,India,Electronics,Computers,5887,883,29
2017-02-01,Asia,India,Clothing,Apparel,5897,1769,131
2017-02-01,Asia,India,Clothing,Accessories,2391,478,80
2017-02-01,Asia,India,Furniture,Home,3530,635,14
2017-02-01,Asia,India,Furniture,Office,2394,527,8
2017-02-01,Africa,South Africa,Electronics,Phones,3543,354,24
2017-02-01,Africa,South Africa,Electronics,Computers,2694,404,13
2017-02-01,Africa,South Africa,Clothing,Apparel,2017,605,45
2017-02-01,Africa,South Africa,Clothing,Accessories,965,193,32
2017-02-01,Africa,South Africa,Furniture,Home,1395,251,6
2017-02-01,Africa,South Africa,Furniture,Office,1013,223,3
2017-03-01,North America,United States,Electronics,Phones,40999,4100,273
2017-03-01,North America,United States,Electronics,Computers,27659,4149,138
2017-03-01,North America,United States,Clothing,Apparel,23160,6948,515
2017-03-01,North America,United States,Clothing,Accessories,10408,2082,347
2017-03-01,North America,United States,Furniture,Home,20829,3749,83
2017-03-01,North America,United States,Furniture,Office,13177,2899,44
2017-03-01,North America,Canada,Electronics,Phones,13596,1360,91
2017-03-01,North America,Canada,Electronics,Computers,9503,1425,48
2017-03-01,North America,Canada,Clothing,Apparel,9409,2823,209
2017-03-01,North America,Canada,Clothing,Accessories,3465,693,116
2017-03-01,North America,Canada,Furniture,Home,7106,1279,28
2017-03-01,North America,Canada,Furniture,Office,4452,979,15
2017-03-01,South America,Brazil,Electronics,Phones,11784,1178,79
2017-03-01,South America,Brazil,Electronics,Computers,8221,1233,41
2017-03-01,South America,Brazil,Clothing,Apparel,7339,2202,163
2017-03-01,South America,Brazil,Clothing,Accessories,3492,698,116
2017-03-01,South America,Brazil,Furniture,Home,5714,1029,23
2017-03-01,South America,Brazil,Furniture,Office,3708,816,12
2017-03-01,Europe,United Kingdom,Electronics,Phones,22799,2280,152
2017-03-01,Europe,United Kingdom,Electronics,Computers,17745,2662,89
2017-03-01,Europe,United Kingdom,Clothing,Apparel,15568,4670,346
2017-03-01,Europe,United Kingdom,Clothing,Accessories,7319,1464,244
2017-03-01,Europe,United Kingdom,Furniture,Home,9859,1775,39
2017-03-01,Europe,United Kingdom,Furniture,Office,6672,1468,22
2017-03-01,Europe,Germany,Electronics,Phones,18630,1863,124
2017-03-01,Europe,Germany,Electronics,Computers,12451,1868,62
2017-03-01,Europe,Germany,Clothing,Apparel,12177,3653,271
2017-03-01,Europe,Germany,Clothing,Accessories,5637,1127,188
2017-03-01,Europe,Germany,Furniture,Home,9439,1699,38
2017-03-01,Europe,Germany,Furniture,Office,7065,1554,24
2017-03-01,Europe,France,Electronics,Phones,19265,1926,128
2017-03-01,Europe,France,Electronics,Computers,12727,1909,64
2017-03-01,Europe,France,Clothing,Apparel,13195,3958,293
2017-03-01,Europe,France,Clothing,Accessories,6112,1222,204
2017-03-01,Europe,France,Furniture,Home,9292,1673,37
2017-03-01,Europe,France,Furniture,Office,5672,1248,19
2017-03-01,Asia,Japan,Electronics,Phones,27026,2703,180
2017-03-01,Asia,Japan,Electronics,Computers,18882,2832,94
2017-03-01,Asia,Japan,Clothing,Apparel,17684,5305,393
2017-03-01,Asia,Japan,Clothing,Accessories,7073,1415,236
2017-03-01,Asia,Japan,Furniture,Home,12955,2332,52
2017-03-01,Asia,Japan,Furniture,Office,7387,1625,25
2017-03-01,Asia,China,Electronics,Phones,33494,3349,223
2017-03-01,Asia,China,Electronics,Computers,22597,3390,113
2017-03-01,Asia,China,Clothing,Apparel,20624,6187,458
2017-03-01,Asia,China,Clothing,Accessories,9250,1850,308
2017-03-01,Asia,China,Furniture,Home,15342,2762,61
2017-03-01,Asia,China,Furniture,Office,10757,2367,36
2017-03-01,Asia,India,Electronics,Phones,8820,882,59
2017-03-01,Asia,India,Electronics,Computers,5902,885,30
2017-03-01,Asia,India,Clothing,Apparel,6491,1947,144
2017-03-01,Asia,India,Clothing,Accessories,2747,549,92
2017-03-01,Asia,India,Furniture,Home,4459,803,18
2017-03-01,Asia,India,Furniture,Office,3040,669,10
2017-03-01,Africa,South Africa,Electronics,Phones,4256,426,28
2017-03-01,Africa,South Africa,Electronics,Computers,2966,445,15
2017-03-01,Africa,South Africa,Clothing,Apparel,2524,757,56
2017-03-01,Africa,South Africa,Clothing,Accessories,1110,222,37
2017-03-01,Africa,South Africa,Furniture,Home,1555,280,6
2017-03-01,Africa,South Africa,Furniture,Office,1181,260,4
2017-04-01,North America,United States,Electronics,Phones,42820,4282,285
2017-04-01,North America,United States,Electronics,Computers,30390,4558,152
2017-04-01,North America,United States,Clothing,Apparel,27724,8317,616
2017-04-01,North America,United States,Clothing,Accessories,10994,2199,366
2017-04-01,North America,United States,Furniture,Home,18339,3301,73
2017-04-01,North America,United States,Furniture,Office,12191,2682,41
2017-04-01,North America,Canada,Electronics,Phones,14149,1415,94
2017-04-01,North America,Canada,Electronics,Computers,9518,1428,48
2017-04-01,North America,Canada,Clothing,Apparel,8803,2641,196
2017-04-01,North America,Canada,Clothing,Accessories,4096,819,137
2017-04-01,North America,Canada,Furniture,Home,6617,1191,26
2017-04-01,North America,Canada,Furniture,Office,4783,1052,16
2017-04-01,South America,Brazil,Electronics,Phones,13194,1319,88
2017-04-01,South America,Brazil,Electronics,Computers,9009,1351,45
2017-04-01,South America,Brazil,Clothing,Apparel,8783,2635,195
2017-04-01,South America,Brazil,Clothing,Accessories,3183,637,106
2017-04-01,South America,Brazil,Furniture,Home,5581,1005,22
2017-04-01,South America,Brazil,Furniture,Office,3866,851,13
2017-04-01,Europe,United Kingdom,Electronics,Phones,24847,2485,166
2017-04-01,Europe,United Kingdom,Electronics,Computers,17071,2561,85
2017-04-01,Europe,United Kingdom,Clothing,Apparel,15932,4780,354
2017-04-01,Europe,United Kingdom,Clothing,Accessories,6800,1360,227
2017-04-01,Europe,United Kingdom,Furniture,Home,10534,1896,42
2017-04-01,Europe,United Kingdom,Furniture,Office,7318,1610,24
2017-04-01,Europe,Germany,Electronics,Phones,20706,2071,138
2017-04-01,Europe,Germany,Electronics,Computers,14457,2169,72
2017-04-01,Europe,Germany,Clothing,Apparel,12694,3808,282
2017-04-01,Europe,Germany,Clothing,Accessories,6147,1229,205
2017-04-01,Europe,Germany,Furniture,Home,9610,1730,38
2017-04-01,Europe,Germany,Furniture,Office,6637,1460,22
2017-04-01,Europe,France,Electronics,Phones,19199,1920,128
2017-04-01,Europe,France,Electronics,Computers,12131,1820,61
2017-04-01,Europe,France,Clothing,Apparel,15478,4643,344
2017-04-01,Europe,France,Clothing,Accessories,6300,1260,210
2017-04-01,Europe,France,Furniture,Home,9768,1758,39
2017-04-01,Europe,France,Furniture,Office,6491,1428,22
2017-04-01,Asia,Japan,Electronics,Phones,28649,2865,191
2017-04-01,Asia,Japan,Electronics,Computers,17966,2695,90
2017-04-01,Asia,Japan,Clothing,Apparel,20381,6114,453
2017-04-01,Asia,Japan,Clothing,Accessories,8029,1606,268
2017-04-01,Asia,Japan,Furniture,Home,13780,2480,55
2017-04-01,Asia,Japan,Furniture,Office,7924,1743,26
2017-04-01,Asia,China,Electronics,Phones,33362,3336,222
2017-04-01,Asia,China,Electronics,Computers,20856,3128,104
2017-04-01,Asia,China,Clothing,Apparel,21366,6410,475
2017-04-01,Asia,China,Clothing,Accessories,9867,1973,329
2017-04-01,Asia,China,Furniture,Home,16536,2976,66
2017-04-01,Asia,China,Furniture,Office,10631,2339,35
2017-04-01,Asia,India,Electronics,Phones,10388,1039,69
2017-04-01,Asia,India,Electronics,Computers,7352,1103,37
2017-04-01,Asia,India,Clothing,Apparel,6591,1977,146
2017-04-01,Asia,India,Clothing,Accessories,3084,617,103
2017-04-01,Asia,India,Furniture,Home,4792,863,19
2017-04-01,Asia,India,Furniture,Office,3217,708,11
2017-04-01,Africa,South Africa,Electronics,Phones,4460,446,30
2017-04-01,Africa,South Africa,Electronics,Computers,2995,449,15
2017-04-01,Africa,South Africa,Clothing,Apparel,2711,813,60
2017-04-01,Africa,South Africa,Clothing,Accessories,1076,215,36
2017-04-01,Africa,South Africa,Furniture,Home,1737,313,7
2017-04-01,Africa,South Africa,Furniture,Office,1048,231,3
2017-05-01,North America,United States,Electronics,Phones,45392,4539,303
2017-05-01,North America,United States,Electronics,Computers,31835,4775,159
2017-05-01,North America,United States,Clothing,Apparel,26977,8093,599
2017-05-01,North America,United States,Clothing,Accessories,13277,2655,443
2017-05-01,North America,United States,Furniture,Home,21929,3947,88
2017-05-01,North America,United States,Furniture,Office,13034,2867,43
2017-05-01,North America,Canada,Electronics,Phones,16554,1655,110
2017-05-01,North America,Canada,Electronics,Computers,9865,1480,49
2017-05-01,North America,Canada,Clothing,Apparel,10460,3138,232
2017-05-01,North America,Canada,Clothing,Accessories,4097,819,137
2017-05-01,North America,Canada,Furniture,Home,7894,1421,32
2017-05-01,North America,Canada,Furniture,Office,5084,1118,17
2017-05-01,South America,Brazil,Electronics,Phones,12503,1250,83
2017-05-01,South America,Brazil,Electronics,Computers,8885,1333,44
2017-05-01,South America,Brazil,Clothing,Apparel,8466,2540,188
2017-05-01,South America,Brazil,Clothing,Accessories,3298,660,110
2017-05-01,South America,Brazil,Furniture,Home,5608,1009,22
2017-05-01,South America,Brazil,Furniture,Office,3897,857,13
2017-05-01,Europe,United Kingdom,Electronics,Phones,27069,2707,180
2017-05-01,Europe,United Kingdom,Electronics,Computers,17985,2698,90
2017-05-01,Europe,United Kingdom,Clothing,Apparel,18012,5404,400
2017-05-01,Europe,United Kingdom,Clothing,Accessories,7582,1516,253
2017-05-01,Europe,United Kingdom,Furniture,Home,11678,2102,47
2017-05-01,Europe,United Kingdom,Furniture,Office,8245,1814,27
2017-05-01,Europe,Germany,Electronics,Phones,20864,2086,139
2017-05-01,Europe,Germany,Electronics,Computers,16380,2457,82
2017-05-01,Europe,Germany,Clothing,Apparel,14785,4436,329
2017-05-01,Europe,Germany,Clothing,Accessories,5804,1161,193
2017-05-01,Europe,Germany,Furniture,Home,10529,1895,42
2017-05-01,Europe,Germany,Furniture,Office,7733,1701,26
2017-05-01,Europe,France,Electronics,Phones,20085,2008,134
2017-05-01,Europe,France,Electronics,Computers,13859,2079,69
2017-05-01,Europe,France,Clothing,Apparel,14899,4470,331
2017-05-01,Europe,France,Clothing,Accessories,7072,1414,236
2017-05-01,Europe,France,Furniture,Home,10009,1802,40
2017-05-01,Europe,France,Furniture,Office,7092,1560,24
2017-05-01,Asia,Japan,Electronics,Phones,34463,3446,230
2017-05-01,Asia,Japan,Electronics,Computers,21314,3197,107
2017-05-01,Asia,Japan,Clothing,Apparel,20926,6278,465
2017-05-01,Asia,Japan,Clothing,Accessories,8848,1770,295
2017-05-01,Asia,Japan,Furniture,Home,13804,2485,55
2017-05-01,Asia,Japan,Furniture,Office,8029,1766,27
2017-05-01,Asia,China,Electronics,Phones,36098,3610,241
2017-05-01,Asia,China,Electronics,Computers,26448,3967,132
2017-05-01,Asia,China,Clothing,Apparel,23853,7156,530
2017-05-01,Asia,China,Clothing,Accessories,10210,2042,340
2017-05-01,Asia,China,Furniture,Home,17195,3095,69
2017-05-01,Asia,China,Furniture,Office,11788,2593,39
2017-05-01,Asia,India,Electronics,Phones,11067,1107,74
2017-05-01,Asia,India,Electronics,Computers,6778,1017,34
2017-05-01,Asia,India,Clothing,Apparel,7237,2171,161
2017-05-01,Asia,India,Clothing,Accessories,3096,619,103
2017-05-01,Asia,India,Furniture,Home,5168,930,21
2017-05-01,Asia,India,Furniture,Office,2998,660,10
2017-05-01,Africa,South Africa,Electronics,Phones,5013,501,33
2017-05-01,Africa,South Africa,Electronics,Computers,2923,438,15
2017-05-01,Africa,South Africa,Clothing,Apparel,3075,922,68
2017-05-01,Africa,South Africa,Clothing,Accessories,1115,223,37
2017-05-01,Africa,South Africa,Furniture,Home,1640,295,7
2017-05-01,Africa,South Africa,Furniture,Office,1164,256,4
2017-06-01,North America,United States,Electronics,Phones,39971,3997,266
2017-06-01,North America,United States,Electronics,Computers,29736,4460,149
2017-06-01,North America,United States,Clothing,Apparel,26255,7876,583
2017-06-01,North America,United States,Clothing,Accessories,12088,2418,403
2017-06-01,North America,United States,Furniture,Home,21737,3913,87
2017-06-01,North America,United States,Furniture,Office,14364,3160,48
2017-06-01,North America,Canada,Electronics,Phones,14998,1500,100
2017-06-01,North America,Canada,Electronics,Computers,8712,1307,44
2017-06-01,North America,Canada,Clothing,Apparel,8680,2604,193
2017-06-01,North America,Canada,Clothing,Accessories,3775,755,126
2017-06-01,North America,Canada,Furniture,Home,6634,1194,27
2017-06-01,North America,Canada,Furniture,Office,4732,1041,16
2017-06-01,South America,Brazil,Electronics,Phones,12668,1267,84
2017-06-01,South America,Brazil,Electronics,Computers,8089,1213,40
2017-06-01,South America,Brazil,Clothing,Apparel,7496,2249,167
2017-06-01,South America,Brazil,Clothing,Accessories,3721,744,124
2017-06-01,South America,Brazil,Furniture,Home,5548,999,22
2017-06-01,South America,Brazil,Furniture,Office,3708,816,12
2017-06-01,Europe,United Kingdom,Electronics,Phones,27182,2718,181
2017-06-01,Europe,United Kingdom,Electronics,Computers,17946,2692,90
2017-06-01,Europe,United Kingdom,Clothing,Apparel,17188,5156,382
2017-06-01,Europe,United Kingdom,Clothing,Accessories,7438,1488,248
2017-06-01,Europe,United Kingdom,Furniture,Home,11710,2108,47
2017-06-01,Europe,United Kingdom,Furniture,Office,7168,1577,24
2017-06-01,Europe,Germany,Electronics,Phones,20122,2012,134
2017-06-01,Europe,Germany,Electronics,Computers,14295,2144,71
2017-06-01,Europe,Germany,Clothing,Apparel,12632,3790,281
2017-06-01,Europe,Germany,Clothing,Accessories,6271,1254,209
2017-06-01,Europe,Germany,Furniture,Home,9895,1781,40
2017-06-01,Europe,Germany,Furniture,Office,6585,1449,22
2017-06-01,Europe,France,Electronics,Phones,17798,1780,119
2017-06-01,Europe,France,Electronics,Computers,13120,1968,66
2017-06-01,Europe,France,Clothing,Apparel,14166,4250,315
2017-06-01,Europe,France,Clothing,Accessories,6111,1222,204
2017-06-01,Europe,France,Furniture,Home,10584,1905,42
2017-06-01,Europe,France,Furniture,Office,6876,1513,23
2017-06-01,Asia,Japan,Electronics,Phones,28440,2844,190
2017-06-01,Asia,Japan,Electronics,Computers,18358,2754,92
2017-06-01,Asia,Japan,Clothing,Apparel,19375,5812,431
2017-06-01,Asia,Japan,Clothing,Accessories,7827,1565,261
2017-06-01,Asia,Japan,Furniture,Home,13814,2487,55
2017-06-01,Asia,Japan,Furniture,Office,8937,1966,30
2017-06-01,Asia,China,Electronics,Phones,37498,3750,250
2017-06-01,Asia,China,Electronics,Computers,24312,3647,122
2017-06-01,Asia,China,Clothing,Apparel,20491,6147,455
2017-06-01,Asia,China,Clothing,Accessories,8777,1755,293
2017-06-01,Asia,China,Furniture,Home,16728,3011,67
2017-06-01,Asia,China,Furniture,Office,10365,2280,35
2017-06-01,Asia,India,Electronics,Phones,10193,1019,68
2017-06-01,Asia,India,Electronics,Computers,6540,981,33
2017-06-01,Asia,India,Clothing,Apparel,6656,1997,148
2017-06-01,Asia,India,Clothing,Accessories,2694,539,90
2017-06-01,Asia,India,Furniture,Home,4618,831,18
2017-06-01,Asia,India,Furniture,Office,3320,730,11
2017-06-01,Africa,South Africa,Electronics,Phones,4763,476,32
2017-06-01,Africa,South Africa,Electronics,Computers,2834,425,14
2017-06-01,Africa,South Africa,Clothing,Apparel,2735,820,61
2017-06-01,Africa,South Africa,Clothing,Accessories,1166,233,39
2017-06-01,Africa,South Africa,Furniture,Home,1630,293,7
2017-06-01,Africa,South Africa,Furniture,Office,1185,261,4
2017-07-01,North America,United States,Electronics,Phones,40831,4083,272
2017-07-01,North America,United States,Electronics,Computers,27799,4170,139
2017-07-01,North America,United States,Clothing,Apparel,22990,6897,511
2017-07-01,North America,United States,Clothing,Accessories,10634,2127,354
2017-07-01,North America,United States,Furniture,Home,19760,3557,79
2017-07-01,North America,United States,Furniture,Office,11616,2556,39
2017-07-01,North America,Canada,Electronics,Phones,14259,1426,95
2017-07-01,North America,Canada,Electronics,Computers,8125,1219,41
2017-07-01,North America,Canada,Clothing,Apparel,8926,2678,198
2017-07-01,North America,Canada,Clothing,Accessories,4112,822,137
2017-07-01,North America,Canada,Furniture,Home,6372,1147,25
2017-07-01,North America,Canada,Furniture,Office,4705,1035,16
2017-07-01,South America,Brazil,Electronics,Phones,12804,1280,85
2017-07-01,South America,Brazil,Electronics,Computers,7900,1185,40
2017-07-01,South America,Brazil,Clothing,Apparel,7120,2136,158
2017-07-01,South America,Brazil,Clothing,Accessories,3548,710,118
2017-07-01,South America,Brazil,Furniture,Home,5217,939,21
2017-07-01,South America,Brazil,Furniture,Office,3712,817,12
2017-07-01,Europe,United Kingdom,Electronics,Phones,26334,2633,176
2017-07-01,Europe,United Kingdom,Electronics,Computers,14899,2235,74
2017-07-01,Europe,United Kingdom,Clothing,Apparel,16015,4804,356
2017-07-01,Europe,United Kingdom,Clothing,Accessories,6811,1362,227
2017-07-01,Europe,United Kingdom,Furniture,Home,11304,2035,45
2017-07-01,Europe,United Kingdom,Furniture,Office,7844,1726,26
2017-07-01,Europe,Germany,Electronics,Phones,21674,2167,144
2017-07-01,Europe,Germany,Electronics,Computers,12479,1872,62
2017-07-01,Europe,Germany,Clothing,Apparel,13590,4077,302
2017-07-01,Europe,Germany,Clothing,Accessories,5060,1012,169
2017-07-01,Europe,Germany,Furniture,Home,10556,1900,42
2017-07-01,Europe,Germany,Furniture,Office,7138,1570,24
2017-07-01,Europe,France,Electronics,Phones,17487,1749,117
2017-07-01,Europe,France,Electronics,Computers,11892,1784,59
2017-07-01,Europe,France,Clothing,Apparel,15100,4530,336
2017-07-01,Europe,France,Clothing,Accessories,6502,1300,217
2017-07-01,Europe,France,Furniture,Home,9982,1797,40
2017-07-01,Europe,France,Furniture,Office,6594,1451,22
2017-07-01,Asia,Japan,Electronics,Phones,25374,2537,169
2017-07-01,Asia,Japan,Electronics,Computers,19012,2852,95
2017-07-01,Asia,Japan,Clothing,Apparel,16286,4886,362
2017-07-01,Asia,Japan,Clothing,Accessories,8307,1661,277
2017-07-01,Asia,Japan,Furniture,Home,11390,2050,46
2017-07-01,Asia,Japan,Furniture,Office,8712,1917,29
2017-07-01,Asia,China,Electronics,Phones,32745,3274,218
2017-07-01,Asia,China,Electronics,Computers,21616,3242,108
2017-07-01,Asia,China,Clothing,Apparel,21971,6591,488
2017-07-01,Asia,China,Clothing,Accessories,9265,1853,309
2017-07-01,Asia,China,Furniture,Home,15053,2710,60
2017-07-01,Asia,China,Furniture,Office,9479,2085,32
2017-07-01,Asia,India,Electronics,Phones,8985,898,60
2017-07-01,Asia,India,Electronics,Computers,6054,908,30
2017-07-01,Asia,India,Clothing,Apparel,6260,1878,139
2017-07-01,Asia,India,Clothing,Accessories,2574,515,86
2017-07-01,Asia,India,Furniture,Home,4057,730,16
2017-07-01,Asia,India,Furniture,Office,3022,665,10
2017-07-01,Africa,South Africa,Electronics,Phones,4580,458,31
2017-07-01,Africa,South Africa,Electronics,Computers,2925,439,15
2017-07-01,Africa,South Africa,Clothing,Apparel,2655,796,59
2017-07-01,Africa,South Africa,Clothing,Accessories,1012,202,34
2017-07-01,Africa,South Africa,Furniture,Home,1739,313,7
2017-07-01,Africa,South Africa,Furniture,Office,1168,257,4
2017-08-01,North America,United States,Electronics,Phones,45776,4578,305
2017-08-01,North America,United States,Electronics,Computers,28732,4310,144
2017-08-01,North America,United States,Clothing,Apparel,24525,7358,545
2017-08-01,North America,United States,Clothing,Accessories,11846,2369,395
2017-08-01,North America,United States,Furniture,Home,18787,3382,75
2017-08-01,North America,United States,Furniture,Office,12407,2730,41
2017-08-01,North America,Canada,Electronics,Phones,13817,1382,92
2017-08-01,North America,Canada,Electronics,Computers,9067,1360,45
2017-08-01,North America,Canada,Clothing,Apparel,8909,2673,198
2017-08-01,North America,Canada,Clothing,Accessories,3798,760,127
2017-08-01,North America,Canada,Furniture,Home,7224,1300,29
2017-08-01,North America,Canada,Furniture,Office,4999,1100,17
2017-08-01,South America,Brazil,Electronics,Phones,12104,1210,81
2017-08-01,South America,Brazil,Electronics,Computers,8777,1317,44
2017-08-01,South America,Brazil,Clothing,Apparel,7237,2171,161
2017-08-01,South America,Brazil,Clothing,Accessories,3543,709,118
2017-08-01,South America,Brazil,Furniture,Home,5950,1071,24
2017-08-01,South America,Brazil,Furniture,Office,3485,767,12
2017-08-01,Europe,United Kingdom,Electronics,Phones,23811,2381,159
2017-08-01,Europe,United Kingdom,Electronics,Computers,16523,2478,83
2017-08-01,Europe,United Kingdom,Clothing,Apparel,16393,4918,364
2017-08-01,Europe,United Kingdom,Clothing,Accessories,7165,1433,239
2017-08-01,Europe,United Kingdom,Furniture,Home,12363,2225,49
2017-08-01,Europe,United Kingdom,Furniture,Office,7949,1749,26
2017-08-01,Europe,Germany,Electronics,Phones,20395,2040,136
2017-08-01,Europe,Germany,Electronics,Computers,13050,1958,65
2017-08-01,Europe,Germany,Clothing,Apparel,14480,4344,322
2017-08-01,Europe,Germany,Clothing,Accessories,5494,1099,183
2017-08-01,Europe,Germany,Furniture,Home,10548,1899,42
2017-08-01,Europe,Germany,Furniture,Office,6488,1427,22
2017-08-01,Europe,France,Electronics,Phones,17520,1752,117
2017-08-01,Europe,France,Electronics,Computers,11729,1759,59
2017-08-01,Europe,France,Clothing,Apparel,15433,4630,343
2017-08-01,Europe,France,Clothing,Accessories,6435,1287,214
2017-08-01,Europe,France,Furniture,Home,9575,1724,38
2017-08-01,Europe,France,Furniture,Office,6557,1443,22
2017-08-01,Asia,Japan,Electronics,Phones,29616,2962,197
2017-08-01,Asia,Japan,Electronics,Computers,20009,3001,100
2017-08-01,Asia,Japan,Clothing,Apparel,19328,5798,430
2017-08-01,Asia,Japan,Clothing,Accessories,7569,1514,252
2017-08-01,Asia,Japan,Furniture,Home,11967,2154,48
2017-08-01,Asia,Japan,Furniture,Office,8830,1943,29
2017-08-01,Asia,China,Electronics,Phones,36938,3694,246
2017-08-01,Asia,China,Electronics,Computers,20999,3150,105
2017-08-01,Asia,China,Clothing,Apparel,21160,6348,470
2017-08-01,Asia,China,Clothing,Accessories,9540,1908,318
2017-08-01,Asia,China,Furniture,Home,14687,2644,59
2017-08-01,Asia,China,Furniture,Office,10831,2383,36
2017-08-01,Asia,India,Electronics,Phones,9408,941,63
2017-08-01,Asia,India,Electronics,Computers,6940,1041,35
2017-08-01,Asia,India,Clothing,Apparel,6691,2007,149
2017-08-01,Asia,India,Clothing,Accessories,2906,581,97
2017-08-01,Asia,India,Furniture,Home,4262,767,17
2017-08-01,Asia,India,Furniture,Office,2950,649,10
2017-08-01,Africa,South Africa,Electronics,Phones,4602,460,31
2017-08-01,Africa,South Africa,Electronics,Computers,2821,423,14
2017-08-01,Africa,South Africa,Clothing,Apparel,2516,755,56
2017-08-01,Africa,South Africa,Clothing,Accessories,1165,233,39
2017-08-01,Africa,South Africa,Furniture,Home,1578,284,6
2017-08-01,Africa,South Africa,Furniture,Office,1148,253,4
2017-09-01,North America,United States,Electronics,Phones,50688,5069,338
2017-09-01,North America,United States,Electronics,Computers,31531,4730,158
2017-09-01,North America,United States,Clothing,Apparel,29784,8935,662
2017-09-01,North America,United States,Clothing,Accessories,12621,2524,421
2017-09-01,North America,United States,Furniture,Home,20308,3655,81
2017-09-01,North America,United States,Furniture,Office,14741,3243,49
2017-09-01,North America,Canada,Electronics,Phones,16890,1689,113
2017-09-01,North America,Canada,Electronics,Computers,11083,1662,55
2017-09-01,North America,Canada,Clothing,Apparel,10180,3054,226
2017-09-01,North America,Canada,Clothing,Accessories,4738,948,158
2017-09-01,North America,Canada,Furniture,Home,8014,1443,32
2017-09-01,North America,Canada,Furniture,Office,5172,1138,17
2017-09-01,South America,Brazil,Electronics,Phones,12730,1273,85
2017-09-01,South America,Brazil,Electronics,Computers,9046,1357,45
2017-09-01,South America,Brazil,Clothing,Apparel,8134,2440,181
2017-09-01,South America,Brazil,Clothing,Accessories,4197,839,140
2017-09-01,South America,Brazil,Furniture,Home,6919,1245,28
2017-09-01,South America,Brazil,Furniture,Office,3878,853,13
2017-09-01,Europe,United Kingdom,Electronics,Phones,31129,3113,208
2017-09-01,Europe,United Kingdom,Electronics,Computers,17308,2596,87
2017-09-01,Europe,United Kingdom,Clothing,Apparel,18227,5468,405
2017-09-01,Europe,United Kingdom,Clothing,Accessories,8385,1677,280
2017-09-01,Europe,United Kingdom,Furniture,Home,13408,2413,54
2017-09-01,Europe,United Kingdom,Furniture,Office,9299,2046,31
2017-09-01,Europe,Germany,Electronics,Phones,24239,2424,162
2017-09-01,Europe,Germany,Electronics,Computers,15451,2318,77
2017-09-01,Europe,Germany,Clothing,Apparel,16317,4895,363
2017-09-01,Europe,Germany,Clothing,Accessories,6216,1243,207
2017-09-01,Europe,Germany,Furniture,Home,12305,2215,49
2017-09-01,Europe,Germany,Furniture,Office,8260,1817,28
2017-09-01,Europe,France,Electronics,Phones,20483,2048,137
2017-09-01,Europe,France,Electronics,Computers,14516,2177,73
2017-09-01,Europe,France,Clothing,Apparel,16867,5060,375
2017-09-01,Europe,France,Clothing,Accessories,7057,1411,235
2017-09-01,Europe,France,Furniture,Home,11153,2008,45
2017-09-01,Europe,France,Furniture,Office,6994,1539,23
2017-09-01,Asia,Japan,Electronics,Phones,30972,3097,206
2017-09-01,Asia,Japan,Electronics,Computers,22231,3335,111
2017-09-01,Asia,Japan,Clothing,Apparel,20914,6274,465
2017-09-01,Asia,Japan,Clothing,Accessories,9318,1864,311
2017-09-01,Asia,Japan,Furniture,Home,13227,2381,53
2017-09-01,Asia,Japan,Furniture,Office,8409,1850,28
2017-09-01,Asia,China,Electronics,Phones,34547,3455,230
2017-09-01,Asia,China,Electronics,Computers,24435,3665,122
2017-09-01,Asia,China,Clothing,Apparel,24589,7377,546
2017-09-01,Asia,China,Clothing,Accessories,10275,2055,342
2017-09-01,Asia,China,Furniture,Home,17937,3229,72
2017-09-01,Asia,China,Furniture,Office,12651,2783,42
2017-09-01,Asia,India,Electronics,Phones,10879,1088,73
2017-09-01,Asia,India,Electronics,Computers,7403,1110,37
2017-09-01,Asia,India,Clothing,Apparel,7093,2128,158
2017-09-01,Asia,India,Clothing,Accessories,3461,692,115
2017-09-01,Asia,India,Furniture,Home,5321,958,21
2017-09-01,Asia,India,Furniture,Office,3132,689,10
2017-09-01,Africa,South Africa,Electronics,Phones,5408,541,36
2017-09-01,Africa,South Africa,Electronics,Computers,3340,501,17
2017-09-01,Africa,South Africa,Clothing,Apparel,3129,939,70
2017-09-01,Africa,South Africa,Clothing,Accessories,1371,274,46
2017-09-01,Africa,South Africa,Furniture,Home,1725,310,7
2017-09-01,Africa,South Africa,Furniture,Office,1198,264,4
2017-10-01,North America,United States,Electronics,Phones,46126,4613,308
2017-10-01,North America,United States,Electronics,Computers,30301,4545,152
2017-10-01,North America,United States,Clothing,Apparel,31800,9540,707
2017-10-01,North America,United States,Clothing,Accessories,13911,2782,464
2017-10-01,North America,United States,Furniture,Home,21281,3831,85
2017-10-01,North America,United States,Furniture,Office,16345,3596,54
2017-10-01,North America,Canada,Electronics,Phones,16383,1638,109
2017-10-01,North America,Canada,Electronics,Computers,10548,1582,53
2017-10-01,North America,Canada,Clothing,Apparel,10299,3090,229
2017-10-01,North America,Canada,Clothing,Accessories,5019,1004,167
2017-10-01,North America,Canada,Furniture,Home,7309,1316,29
2017-10-01,North America,Canada,Furniture,Office,5351,1177,18
2017-10-01,South America,Brazil,Electronics,Phones,14084,1408,94
2017-10-01,South America,Brazil,Electronics,Computers,10422,1563,52
2017-10-01,South America,Brazil,Clothing,Apparel,9790,2937,218
2017-10-01,South America,Brazil,Clothing,Accessories,3865,773,129
2017-10-01,South America,Brazil,Furniture,Home,6815,1227,27
2017-10-01,South America,Brazil,Furniture,Office,4610,1014,15
2017-10-01,Europe,United Kingdom,Electronics,Phones,28998,2900,193
2017-10-01,Europe,United Kingdom,Electronics,Computers,19256,2888,96
2017-10-01,Europe,United Kingdom,Clothing,Apparel,18103,5431,402
2017-10-01,Europe,United Kingdom,Clothing,Accessories,8622,1724,287
2017-10-01,Europe,United Kingdom,Furniture,Home,12622,2272,50
2017-10-01,Europe,United Kingdom,Furniture,Office,8556,1882,29
2017-10-01,Europe,Germany,Electronics,Phones,22558,2256,150
2017-10-01,Europe,Germany,Electronics,Computers,17965,2695,90
2017-10-01,Europe,Germany,Clothing,Apparel,16780,5034,373
2017-10-01,Europe,Germany,Clothing,Accessories,7234,1447,241
2017-10-01,Europe,Germany,Furniture,Home,12334,2220,49
2017-10-01,Europe,Germany,Furniture,Office,7904,1739,26
2017-10-01,Europe,France,Electronics,Phones,22037,2204,147
2017-10-01,Europe,France,Electronics,Computers,16093,2414,80
2017-10-01,Europe,France,Clothing,Apparel,18670,5601,415
2017-10-01,Europe,France,Clothing,Accessories,7604,1521,253
2017-10-01,Europe,France,Furniture,Home,12012,2162,48
2017-10-01,Europe,France,Furniture,Office,7300,1606,24
2017-10-01,Asia,Japan,Electronics,Phones,34173,3417,228
2017-10-01,Asia,Japan,Electronics,Computers,21545,3232,108
2017-10-01,Asia,Japan,Clothing,Apparel,21294,6388,473
2017-10-01,Asia,Japan,Clothing,Accessories,9833,1967,328
2017-10-01,Asia,Japan,Furniture,Home,14626,2633,59
2017-10-01,Asia,Japan,Furniture,Office,10488,2307,35
2017-10-01,Asia,China,Electronics,Phones,38504,3850,257
2017-10-01,Asia,China,Electronics,Computers,27845,4177,139
2017-10-01,Asia,China,Clothing,Apparel,26478,7943,588
2017-10-01,Asia,China,Clothing,Accessories,11581,2316,386
2017-10-01,Asia,China,Furniture,Home,18948,3411,76
2017-10-01,Asia,China,Furniture,Office,13643,3001,45
2017-10-01,Asia,India,Electronics,Phones,12168,1217,81
2017-10-01,Asia,India,Electronics,Computers,7433,1115,37
2017-10-01,Asia,India,Clothing,Apparel,7397,2219,164
2017-10-01,Asia,India,Clothing,Accessories,3144,629,105
2017-10-01,Asia,India,Furniture,Home,5504,991,22
2017-10-01,Asia,India,Furniture,Office,3866,851,13
2017-10-01,Africa,South Africa,Electronics,Phones,5718,572,38
2017-10-01,Africa,South Africa,Electronics,Computers,3274,491,16
2017-10-01,Africa,South Africa,Clothing,Apparel,3259,978,72
2017-10-01,Africa,South Africa,Clothing,Accessories,1254,251,42
2017-10-01,Africa,South Africa,Furniture,Home,1912,344,8
2017-10-01,Africa,South Africa,Furniture,Office,1383,304,5
2017-11-01,North America,United States,Electronics,Phones,63340,6334,422
2017-11-01,North America,United States,Electronics,Computers,44467,6670,222
2017-11-01,North America,United States,Clothing,Apparel,36208,10862,805
2017-11-01,North America,United States,Clothing,Accessories,17416,3483,581
2017-11-01,North America,United States,Furniture,Home,30262,5447,121
2017-11-01,North America,United States,Furniture,Office,19536,4298,65
2017-11-01,North America,Canada,Electronics,Phones,20602,2060,137
2017-11-01,North America,Canada,Electronics,Computers,14811,2222,74
2017-11-01,North America,Canada,Clothing,Apparel,13064,3919,290
2017-11-01,North America,Canada,Clothing,Accessories,6322,1264,211
2017-11-01,North America,Canada,Furniture,Home,8967,1614,36
2017-11-01,North America,Canada,Furniture,Office,7199,1584,24
2017-11-01,South America,Brazil,Electronics,Phones,19887,1989,133
2017-11-01,South America,Brazil,Electronics,Computers,11208,1681,56
2017-11-01,South America,Brazil,Clothing,Apparel,12743,3823,283
2017-11-01,South America,Brazil,Clothing,Accessories,4944,989,165
2017-11-01,South America,Brazil,Furniture,Home,7849,1413,31
2017-11-01,South America,Brazil,Furniture,Office,5632,1239,19
2017-11-01,Europe,United Kingdom,Electronics,Phones,35037,3504,234
2017-11-01,Europe,United Kingdom,Electronics,Computers,26886,4033,134
2017-11-01,Europe,United Kingdom,Clothing,Apparel,24387,7316,542
2017-11-01,Europe,United Kingdom,Clothing,Accessories,10914,2183,364
2017-11-01,Europe,United Kingdom,Furniture,Home,16155,2908,65
2017-11-01,Europe,United Kingdom,Furniture,Office,11108,2444,37
2017-11-01,Europe,Germany,Electronics,Phones,29756,2976,198
2017-11-01,Europe,Germany,Electronics,Computers,19438,2916,97
2017-11-01,Europe,Germany,Clothing,Apparel,19358,5807,430
2017-11-01,Europe,Germany,Clothing,Accessories,8271,1654,276
2017-11-01,Europe,Germany,Furniture,Home,13699,2466,55
2017-11-01,Europe,Germany,Furniture,Office,10886,2395,36
2017-11-01,Europe,France,Electronics,Phones,27141,2714,181
2017-11-01,Europe,France,Electronics,Computers,19442,2916,97
2017-11-01,Europe,France,Clothing,Apparel,22999,6900,511
2017-11-01,Europe,France,Clothing,Accessories,8867,1773,296
2017-11-01,Europe,France,Furniture,Home,13825,2488,55
2017-11-01,Europe,France,Furniture,Office,9496,2089,32
2017-11-01,Asia,Japan,Electronics,Phones,40631,4063,271
2017-11-01,Asia,Japan,Electronics,Computers,26655,3998,133
2017-11-01,Asia,Japan,Clothing,Apparel,25738,7721,572
2017-11-01,Asia,Japan,Clothing,Accessories,12592,2518,420
2017-11-01,Asia,Japan,Furniture,Home,18493,3329,74
2017-11-01,Asia,Japan,Furniture,Office,11937,2626,40
2017-11-01,Asia,China,Electronics,Phones,46199,4620,308
2017-11-01,Asia,China,Electronics,Computers,31974,4796,160
2017-11-01,Asia,China,Clothing,Apparel,30151,9045,670
2017-11-01,Asia,China,Clothing,Accessories,14123,2825,471
2017-11-01,Asia,China,Furniture,Home,23167,4170,93
2017-11-01,Asia,China,Furniture,Office,15924,3503,53
2017-11-01,Asia,India,Electronics,Phones,15446,1545,103
2017-11-01,Asia,India,Electronics,Computers,9448,1417,47
2017-11-01,Asia,India,Clothing,Apparel,10275,3082,228
2017-11-01,Asia,India,Clothing,Accessories,4524,905,151
2017-11-01,Asia,India,Furniture,Home,6808,1225,27
2017-11-01,Asia,India,Furniture,Office,4405,969,15
2017-11-01,Africa,South Africa,Electronics,Phones,6181,618,41
2017-11-01,Africa,South Africa,Electronics,Computers,4674,701,23
2017-11-01,Africa,South Africa,Clothing,Apparel,3606,1082,80
2017-11-01,Africa,South Africa,Clothing,Accessories,1728,346,58
2017-11-01,Africa,South Africa,Furniture,Home,2477,446,10
2017-11-01,Africa,South Africa,Furniture,Office,1793,394,6
2017-12-01,North America,United States,Electronics,Phones,72214,7221,481
2017-12-01,North America,United States,Electronics,Computers,49095,7364,245
2017-12-01,North America,United States,Clothing,Apparel,40625,12188,903
2017-12-01,North America,United States,Clothing,Accessories,17316,3463,577
2017-12-01,North America,United States,Furniture,Home,35736,6432,143
2017-12-01,North America,United States,Furniture,Office,24263,5338,81
2017-12-01,North America,Canada,Electronics,Phones,24673,2467,164
2017-12-01,North America,Canada,Electronics,Computers,16755,2513,84
2017-12-01,North America,Canada,Clothing,Apparel,15322,4597,340
2017-12-01,North America,Canada,Clothing,Accessories,7142,1428,238
2017-12-01,North America,Canada,Furniture,Home,10842,1952,43
2017-12-01,North America,Canada,Furniture,Office,7955,1750,27
2017-12-01,South America,Brazil,Electronics,Phones,18944,1894,126
2017-12-01,South America,Brazil,Electronics,Computers,14020,2103,70
2017-12-01,South America,Brazil,Clothing,Apparel,13028,3908,290
2017-12-01,South America,Brazil,Clothing,Accessories,5864,1173,195
2017-12-01,South America,Brazil,Furniture,Home,9867,1776,39
2017-12-01,South America,Brazil,Furniture,Office,6514,1433,22
2017-12-01,Europe,United Kingdom,Electronics,Phones,42822,4282,285
2017-12-01,Europe,United Kingdom,Electronics,Computers,28575,4286,143
2017-12-01,Europe,United Kingdom,Clothing,Apparel,25101,7530,558
2017-12-01,Europe,United Kingdom,Clothing,Accessories,12058,2412,402
2017-12-01,Europe,United Kingdom,Furniture,Home,17232,3102,69
2017-12-01,Europe,United Kingdom,Furniture,Office,12806,2817,43
2017-12-01,Europe,Germany,Electronics,Phones,33736,3374,225
2017-12-01,Europe,Germany,Electronics,Computers,25801,3870,129
2017-12-01,Europe,Germany,Clothing,Apparel,20127,6038,447
2017-12-01,Europe,Germany,Clothing,Accessories,10146,2029,338
2017-12-01,Europe,Germany,Furniture,Home,17785,3201,71
2017-12-01,Europe,Germany,Furniture,Office,12159,2675,41
2017-12-01,Europe,France,Electronics,Phones,34091,3409,227
2017-12-01,Europe,France,Electronics,Computers,19355,2903,97
2017-12-01,Europe,France,Clothing,Apparel,22528,6758,501
2017-12-01,Europe,France,Clothing,Accessories,9765,1953,326
2017-12-01,Europe,France,Furniture,Home,15232,2742,61
2017-12-01,Europe,France,Furniture,Office,10878,2393,36
2017-12-01,Asia,Japan,Electronics,Phones,52780,5278,352
2017-12-01,Asia,Japan,Electronics,Computers,31560,4734,158
2017-12-01,Asia,Japan,Clothing,Apparel,30547,9164,679
2017-12-01,Asia,Japan,Clothing,Accessories,13028,2606,434
2017-12-01,Asia,Japan,Furniture,Home,20611,3710,82
2017-12-01,Asia,Japan,Furniture,Office,14186,3121,47
2017-12-01,Asia,China,Electronics,Phones,62906,6291,419
2017-12-01,Asia,China,Electronics,Computers,36098,5415,180
2017-12-01,Asia,China,Clothing,Apparel,36958,11087,821
2017-12-01,Asia,China,Clothing,Accessories,16340,3268,545
2017-12-01,Asia,China,Furniture,Home,27557,4960,110
2017-12-01,Asia,China,Furniture,Office,19100,4202,64
2017-12-01,Asia,India,Electronics,Phones,18079,1808,121
2017-12-01,Asia,India,Electronics,Computers,10526,1579,53
2017-12-01,Asia,India,Clothing,Apparel,10870,3261,242
2017-12-01,Asia,India,Clothing,Accessories,4824,965,161
2017-12-01,Asia,India,Furniture,Home,6960,1253,28
2017-12-01,Asia,India,Furniture,Office,4593,1010,15
2017-12-01,Africa,South Africa,Electronics,Phones,7136,714,48
2017-12-01,Africa,South Africa,Electronics,Computers,5092,764,25
2017-12-01,Africa,South Africa,Clothing,Apparel,4397,1319,98
2017-12-01,Africa,South Africa,Clothing,Accessories,2018,404,67
2017-12-01,Africa,South Africa,Furniture,Home,2902,522,12
2017-12-01,Africa,South Africa,Furniture,Office,2046,450,7
2018-01-01,North America,United States,Electronics,Phones,36155,3616,241
2018-01-01,North America,United States,Electronics,Computers,26373,3956,132
2018-01-01,North America,United States,Clothing,Apparel,22238,6671,494
2018-01-01,North America,United States,Clothing,Accessories,9885,1977,330
2018-01-01,North America,United States,Furniture,Home,19709,3548,79
2018-01-01,North America,United States,Furniture,Office,13187,2901,44
2018-01-01,North America,Canada,Electronics,Phones,13048,1305,87
2018-01-01,North America,Canada,Electronics,Computers,7949,1192,40
2018-01-01,North America,Canada,Clothing,Apparel,7838,2351,174
2018-01-01,North America,Canada,Clothing,Accessories,3984,797,133
2018-01-01,North America,Canada,Furniture,Home,6797,1223,27
2018-01-01,North America,Canada,Furniture,Office,4249,935,14
2018-01-01,South America,Brazil,Electronics,Phones,10461,1046,70
2018-01-01,South America,Brazil,Electronics,Computers,8352,1253,42
2018-01-01,South America,Brazil,Clothing,Apparel,7071,2121,157
2018-01-01,South America,Brazil,Clothing,Accessories,3438,688,115
2018-01-01,South America,Brazil,Furniture,Home,5336,960,21
2018-01-01,South America,Brazil,Furniture,Office,3673,808,12
2018-01-01,Europe,United Kingdom,Electronics,Phones,24607,2461,164
2018-01-01,Europe,United Kingdom,Electronics,Computers,15415,2312,77
2018-01-01,Europe,United Kingdom,Clothing,Apparel,14004,4201,311
2018-01-01,Europe,United Kingdom,Clothing,Accessories,6114,1223,204
2018-01-01,Europe,United Kingdom,Furniture,Home,9946,1790,40
2018-01-01,Europe,United Kingdom,Furniture,Office,7462,1642,25
2018-01-01,Europe,Germany,Electronics,Phones,18977,1898,127
2018-01-01,Europe,Germany,Electronics,Computers,13964,2095,70
2018-01-01,Europe,Germany,Clothing,Apparel,11827,3548,263
2018-01-01,Europe,Germany,Clothing,Accessories,5513,1103,184
2018-01-01,Europe,Germany,Furniture,Home,8761,1577,35
2018-01-01,Europe,Germany,Furniture,Office,6909,1520,23
2018-01-01,Europe,France,Electronics,Phones,18085,1808,121
2018-01-01,Europe,France,Electronics,Computers,11541,1731,58
2018-01-01,Europe,France,Clothing,Apparel,14740,4422,328
2018-01-01,Europe,France,Clothing,Accessories,5255,1051,175
2018-01-01,Europe,France,Furniture,Home,8804,1585,35
2018-01-01,Europe,France,Furniture,Office,6347,1396,21
2018-01-01,Asia,Japan,Electronics,Phones,26405,2640,176
2018-01-01,Asia,Japan,Electronics,Computers,19161,2874,96
2018-01-01,Asia,Japan,Clothing,Apparel,18693,5608,415
2018-01-01,Asia,Japan,Clothing,Accessories,7191,1438,240
2018-01-01,Asia,Japan,Furniture,Home,12171,2191,49
2018-01-01,Asia,Japan,Furniture,Office,6969,1533,23
2018-01-01,Asia,China,Electronics,Phones,30044,3004,200
2018-01-01,Asia,China,Electronics,Computers,23047,3457,115
2018-01-01,Asia,China,Clothing,Apparel,19545,5864,434
2018-01-01,Asia,China,Clothing,Accessories,8150,1630,272
2018-01-01,Asia,China,Furniture,Home,15982,2877,64
2018-01-01,Asia,China,Furniture,Office,9657,2125,32
2018-01-01,Asia,India,Electronics,Phones,9780,978,65
2018-01-01,Asia,India,Electronics,Computers,6496,974,32
2018-01-01,Asia,India,Clothing,Apparel,5612,1684,125
2018-01-01,Asia,India,Clothing,Accessories,2685,537,90
2018-01-01,Asia,India,Furniture,Home,4446,800,18
2018-01-01,Asia,India,Furniture,Office,2917,642,10
2018-01-01,Africa,South Africa,Electronics,Phones,3845,384,26
2018-01-01,Africa,South Africa,Electronics,Computers,2604,391,13
2018-01-01,Africa,South Africa,Clothing,Apparel,2551,765,57
2018-01-01,Africa,South Africa,Clothing,Accessories,1077,215,36
2018-01-01,Africa,South Africa,Furniture,Home,1649,297,7
2018-01-01,Africa,South Africa,Furniture,Office,1011,222,3
2018-02-01,North America,United States,Electronics,Phones,33977,3398,227
2018-02-01,North America,United States,Electronics,Computers,22153,3323,111
2018-02-01,North America,United States,Clothing,Apparel,22067,6620,490
2018-02-01,North America,United States,Clothing,Accessories,9559,1912,319
2018-02-01,North America,United States,Furniture,Home,16418,2955,66
2018-02-01,North America,United States,Furniture,Office,10630,2339,35
2018-02-01,North America,Canada,Electronics,Phones,11525,1152,77
2018-02-01,North America,Canada,Electronics,Computers,8112,1217,41
2018-02-01,North America,Canada,Clothing,Apparel,8119,2436,180
2018-02-01,North America,Canada,Clothing,Accessories,3379,676,113
2018-02-01,North America,Canada,Furniture,Home,5342,962,21
2018-02-01,North America,Canada,Furniture,Office,3819,840,13
2018-02-01,South America,Brazil,Electronics,Phones,9938,994,66
2018-02-01,South America,Brazil,Electronics,Computers,7353,1103,37
2018-02-01,South America,Brazil,Clothing,Apparel,6642,1993,148
2018-02-01,South America,Brazil,Clothing,Accessories,2883,577,96
2018-02-01,South America,Brazil,Furniture,Home,4713,848,19
2018-02-01,South America,Brazil,Furniture,Office,3205,705,11
2018-02-01,Europe,United Kingdom,Electronics,Phones,20290,2029,135
2018-02-01,Europe,United Kingdom,Electronics,Computers,15935,2390,80
2018-02-01,Europe,United Kingdom,Clothing,Apparel,15504,4651,345
2018-02-01,Europe,United Kingdom,Clothing,Accessories,6734,1347,224
2018-02-01,Europe,United Kingdom,Furniture,Home,9976,1796,40
2018-02-01,Europe,United Kingdom,Furniture,Office,6123,1347,20
2018-02-01,Europe,Germany,Electronics,Phones,17760,1776,118
2018-02-01,Europe,Germany,Electronics,Computers,11253,1688,56
2018-02-01,Europe,Germany,Clothing,Apparel,11017,3305,245
2018-02-01,Europe,Germany,Clothing,Accessories,4911,982,164
2018-02-01,Europe,Germany,Furniture,Home,8078,1454,32
2018-02-01,Europe,Germany,Furniture,Office,5824,1281,19
2018-02-01,Europe,France,Electronics,Phones,15971,1597,106
2018-02-01,Europe,France,Electronics,Computers,10784,1618,54
2018-02-01,Europe,France,Clothing,Apparel,11553,3466,257
2018-02-01,Europe,France,Clothing,Accessories,5140,1028,171
2018-02-01,Europe,France,Furniture,Home,7936,1428,32
2018-02-01,Europe,France,Furniture,Office,5712,1257,19
2018-02-01,Asia,Japan,Electronics,Phones,26050,2605,174
2018-02-01,Asia,Japan,Electronics,Computers,16009,2401,80
2018-02-01,Asia,Japan,Clothing,Apparel,14800,4440,329
2018-02-01,Asia,Japan,Clothing,Accessories,6615,1323,220
2018-02-01,Asia,Japan,Furniture,Home,11789,2122,47
2018-02-01,Asia,Japan,Furniture,Office,6970,1533,23
2018-02-01,Asia,China,Electronics,Phones,30213,3021,201
2018-02-01,Asia,China,Electronics,Computers,20865,3130,104
2018-02-01,Asia,China,Clothing,Apparel,17732,5320,394
2018-02-01,Asia,China,Clothing,Accessories,7608,1522,254
2018-02-01,Asia,China,Furniture,Home,14637,2635,59
2018-02-01,Asia,China,Furniture,Office,9839,2165,33
2018-02-01,Asia,India,Electronics,Phones,9691,969,65
2018-02-01,Asia,India,Electronics,Computers,5471,821,27
2018-02-01,Asia,India,Clothing,Apparel,5531,1659,123
2018-02-01,Asia,India,Clothing,Accessories,2679,536,89
2018-02-01,Asia,India,Furniture,Home,3698,666,15
2018-02-01,Asia,India,Furniture,Office,2525,556,8
2018-02-01,Africa,South Africa,Electronics,Phones,4299,430,29
2018-02-01,Africa,South Africa,Electronics,Computers,2868,430,14
2018-02-01,Africa,South Africa,Clothing,Apparel,2199,660,49
2018-02-01,Africa,South Africa,Clothing,Accessories,1022,204,34
2018-02-01,Africa,South Africa,Furniture,Home,1473,265,6
2018-02-01,Africa,South Africa,Furniture,Office,998,220,3
2018-03-01,North America,United States,Electronics,Phones,39644,3964,264
2018-03-01,North America,United States,Electronics,Computers,27174,4076,136
2018-03-01,North America,United States,Clothing,Apparel,27653,8296,615
2018-03-01,North America,United States,Clothing,Accessories,10907,2181,364
2018-03-01,North America,United States,Furniture,Home,17999,3240,72
2018-03-01,North America,United States,Furniture,Office,13170,2897,44
2018-03-01,North America,Canada,Electronics,Phones,14189,1419,95
2018-03-01,North America,Canada,Electronics,Computers,9373,1406,47
2018-03-01,North America,Canada,Clothing,Apparel,9433,2830,210
2018-03-01,North America,Canada,Clothing,Accessories,3940,788,131
2018-03-01,North America,Canada,Furniture,Home,7293,1313,29
2018-03-01,North America,Canada,Furniture,Office,4424,973,15
2018-03-01,South America,Brazil,Electronics,Phones,12771,1277,85
2018-03-01,South America,Brazil,Electronics,Computers,8073,1211,40
2018-03-01,South America,Brazil,Clothing,Apparel,7476,2243,166
2018-03-01,South America,Brazil,Clothing,Accessories,3473,695,116
2018-03-01,South America,Brazil,Furniture,Home,5928,1067,24
2018-03-01,South America,Brazil,Furniture,Office,3935,866,13
2018-03-01,Europe,United Kingdom,Electronics,Phones,24622,2462,164
2018-03-01,Europe,United Kingdom,Electronics,Computers,16716,2507,84
2018-03-01,Europe,United Kingdom,Clothing,Apparel,16688,5006,371
2018-03-01,Europe,United Kingdom,Clothing,Accessories,6607,1321,220
2018-03-01,Europe,United Kingdom,Furniture,Home,11500,2070,46
2018-03-01,Europe,United Kingdom,Furniture,Office,7750,1705,26
2018-03-01,Europe,Germany,Electronics,Phones,21812,2181,145
2018-03-01,Europe,Germany,Electronics,Computers,12575,1886,63
2018-03-01,Europe,Germany,Clothing,Apparel,14280,4284,317
2018-03-01,Europe,Germany,Clothing,Accessories,5550,1110,185
2018-03-01,Europe,Germany,Furniture,Home,9832,1770,39
2018-03-01,Europe,Germany,Furniture,Office,6696,1473,22
2018-03-01,Europe,France,Electronics,Phones,19937,1994,133
2018-03-01,Europe,France,Electronics,Computers,12730,1910,64
2018-03-01,Europe,France,Clothing,Apparel,14429,4329,321
2018-03-01,Europe,France,Clothing,Accessories,6487,1297,216
2018-03-01,Europe,France,Furniture,Home,9208,1657,37
2018-03-01,Europe,France,Furniture,Office,6816,1500,23
2018-03-01,Asia,Japan,Electronics,Phones,29193,2919,195
2018-03-01,Asia,Japan,Electronics,Computers,19853,2978,99
2018-03-01,Asia,Japan,Clothing,Apparel,16694,5008,371
2018-03-01,Asia,Japan,Clothing,Accessories,8222,1644,274
2018-03-01,Asia,Japan,Furniture,Home,12647,2276,51
2018-03-01,Asia,Japan,Furniture,Office,7937,1746,26
2018-03-01,Asia,China,Electronics,Phones,34421,3442,229
2018-03-01,Asia,China,Electronics,Computers,20260,3039,101
2018-03-01,Asia,China,Clothing,Apparel,22818,6845,507
2018-03-01,Asia,China,Clothing,Accessories,9233,1847,308
2018-03-01,Asia,China,Furniture,Home,15291,2752,61
2018-03-01,Asia,China,Furniture,Office,10928,2404,36
2018-03-01,Asia,India,Electronics,Phones,10966,1097,73
2018-03-01,Asia,India,Electronics,Computers,6594,989,33
2018-03-01,Asia,India,Clothing,Apparel,5865,1760,130
2018-03-01,Asia,India,Clothing,Accessories,2652,530,88
2018-03-01,Asia,India,Furniture,Home,4468,804,18
2018-03-01,Asia,India,Furniture,Office,2983,656,10
2018-03-01,Africa,South Africa,Electronics,Phones,4530,453,30
2018-03-01,Africa,South Africa,Electronics,Computers,3017,453,15
2018-03-01,Africa,South Africa,Clothing,Apparel,2572,772,57
2018-03-01,Africa,South Africa,Clothing,Accessories,1090,218,36
2018-03-01,Africa,South Africa,Furniture,Home,1763,317,7
2018-03-01,Africa,South Africa,Furniture,Office,1134,249,4
2018-04-01,North America,United States,Electronics,Phones,44260,4426,295
2018-04-01,North America,United States,Electronics,Computers,28589,4288,143
2018-04-01,North America,United States,Clothing,Apparel,24918,7475,554
2018-04-01,North America,United States,Clothing,Accessories,10868,2174,362
2018-04-01,North America,United States,Furniture,Home,20305,3655,81
2018-04-01,North America,United States,Furniture,Office,15040,3309,50
2018-04-01,North America,Canada,Electronics,Phones,13619,1362,91
2018-04-01,North America,Canada,Electronics,Computers,10701,1605,54
2018-04-01,North America,Canada,Clothing,Apparel,8947,2684,199
2018-04-01,North America,Canada,Clothing,Accessories,3975,795,132
2018-04-01,North America,Canada,Furniture,Home,7018,1263,28
2018-04-01,North America,Canada,Furniture,Office,4444,978,15
2018-04-01,South America,Brazil,Electronics,Phones,12937,1294,86
2018-04-01,South America,Brazil,Electronics,Computers,8613,1292,43
2018-04-01,South America,Brazil,Clothing,Apparel,8159,2448,181
2018-04-01,South America,Brazil,Clothing,Accessories,3680,736,123
2018-04-01,South America,Brazil,Furniture,Home,5687,1024,23
2018-04-01,South America,Brazil,Furniture,Office,3777,831,13
2018-04-01,Europe,United Kingdom,Electronics,Phones,28201,2820,188
2018-04-01,Europe,United Kingdom,Electronics,Computers,16339,2451,82
2018-04-01,Europe,United Kingdom,Clothing,Apparel,18412,5524,409
2018-04-01,Europe,United Kingdom,Clothing,Accessories,7594,1519,253
2018-04-01,Europe,United Kingdom,Furniture,Home,12220,2200,49
2018-04-01,Europe,United Kingdom,Furniture,Office,7339,1615,24
2018-04-01,Europe,Germany,Electronics,Phones,23946,2395,160
2018-04-01,Europe,Germany,Electronics,Computers,13810,2072,69
2018-04-01,Europe,Germany,Clothing,Apparel,12872,3862,286
2018-04-01,Europe,Germany,Clothing,Accessories,5500,1100,183
2018-04-01,Europe,Germany,Furniture,Home,10748,1935,43
2018-04-01,Europe,Germany,Furniture,Office,7730,1701,26
2018-04-01,Europe,France,Electronics,Phones,18428,1843,123
2018-04-01,Europe,France,Electronics,Computers,12735,1910,64
2018-04-01,Europe,France,Clothing,Apparel,14189,4257,315
2018-04-01,Europe,France,Clothing,Accessories,6673,1335,222
2018-04-01,Europe,France,Furniture,Home,9895,1781,40
2018-04-01,Europe,France,Furniture,Office,6058,1333,20
2018-04-01,Asia,Japan,Electronics,Phones,31384,3138,209
2018-04-01,Asia,Japan,Electronics,Computers,19218,2883,96
2018-04-01,Asia,Japan,Clothing,Apparel,19631,5889,436
2018-04-01,Asia,Japan,Clothing,Accessories,8077,1615,269
2018-04-01,Asia,Japan,Furniture,Home,13513,2432,54
2018-04-01,Asia,Japan,Furniture,Office,8145,1792,27
2018-04-01,Asia,China,Electronics,Phones,37191,3719,248
2018-04-01,Asia,China,Electronics,Computers,25060,3759,125
2018-04-01,Asia,China,Clothing,Apparel,20102,6031,447
2018-04-01,Asia,China,Clothing,Accessories,8689,1738,290
2018-04-01,Asia,China,Furniture,Home,17751,3195,71
2018-04-01,Asia,China,Furniture,Office,10325,2272,34
2018-04-01,Asia,India,Electronics,Phones,10252,1025,68
2018-04-01,Asia,India,Electronics,Computers,7021,1053,35
2018-04-01,Asia,India,Clothing,Apparel,6557,1967,146
2018-04-01,Asia,India,Clothing,Accessories,3164,633,105
2018-04-01,Asia,India,Furniture,Home,4747,854,19
2018-04-01,Asia,India,Furniture,Office,3235,712,11
2018-04-01,Africa,South Africa,Electronics,Phones,4812,481,32
2018-04-01,Africa,South Africa,Electronics,Computers,3217,483,16
2018-04-01,Africa,South Africa,Clothing,Apparel,2802,841,62
2018-04-01,Africa,South Africa,Clothing,Accessories,1144,229,38
2018-04-01,Africa,South Africa,Furniture,Home,1893,341,8
2018-04-01,Africa,South Africa,Furniture,Office,1208,266,4
2018-05-01,North America,United States,Electronics,Phones,49645,4964,331
2018-05-01,North America,United States,Electronics,Computers,32426,4864,162
2018-05-01,North America,United States,Clothing,Apparel,27889,8367,620
2018-05-01,North America,United States,Clothing,Accessories,12742,2548,425
2018-05-01,North America,United States,Furniture,Home,19989,3598,80
2018-05-01,North America,United States,Furniture,Office,13469,2963,45
2018-05-01,North America,Canada,Electronics,Phones,14381,1438,96
2018-05-01,North America,Canada,Electronics,Computers,9977,1497,50
2018-05-01,North America,Canada,Clothing,Apparel,9528,2858,212
2018-05-01,North America,Canada,Clothing,Accessories,4529,906,151
2018-05-01,North America,Canada,Furniture,Home,7490,1348,30
2018-05-01,North America,Canada,Furniture,Office,4901,1078,16
2018-05-01,South America,Brazil,Electronics,Phones,12710,1271,85
2018-05-01,South America,Brazil,Electronics,Computers,8923,1338,45
2018-05-01,South America,Brazil,Clothing,Apparel,8172,2452,182
2018-05-01,South America,Brazil,Clothing,Accessories,3838,768,128
2018-05-01,South America,Brazil,Furniture,Home,6470,1165,26
2018-05-01,South America,Brazil,Furniture,Office,4273,940,14
2018-05-01,Europe,United Kingdom,Electronics,Phones,30831,3083,206
2018-05-01,Europe,United Kingdom,Electronics,Computers,18891,2834,94
2018-05-01,Europe,United Kingdom,Clothing,Apparel,18129,5439,403
2018-05-01,Europe,United Kingdom,Clothing,Accessories,7226,1445,241
2018-05-01,Europe,United Kingdom,Furniture,Home,11995,2159,48
2018-05-01,Europe,United Kingdom,Furniture,Office,8223,1809,27
2018-05-01,Europe,Germany,Electronics,Phones,20988,2099,140
2018-05-01,Europe,Germany,Electronics,Computers,14931,2240,75
2018-05-01,Europe,Germany,Clothing,Apparel,13108,3932,291
2018-05-01,Europe,Germany,Clothing,Accessories,5776,1155,193
2018-05-01,Europe,Germany,Furniture,Home,11918,2145,48
2018-05-01,Europe,Germany,Furniture,Office,8168,1797,27
2018-05-01,Europe,France,Electronics,Phones,20577,2058,137
2018-05-01,Europe,France,Electronics,Computers,13689,2053,68
2018-05-01,Europe,France,Clothing,Apparel,16577,4973,368
2018-05-01,Europe,France,Clothing,Accessories,6736,1347,225
2018-05-01,Europe,France,Furniture,Home,11308,2035,45
2018-05-01,Europe,France,Furniture,Office,7043,1549,23
2018-05-01,Asia,Japan,Electronics,Phones,29685,2968,198
2018-05-01,Asia,Japan,Electronics,Computers,19566,2935,98
2018-05-01,Asia,Japan,Clothing,Apparel,21409,6423,476
2018-05-01,Asia,Japan,Clothing,Accessories,8357,1671,279
2018-05-01,Asia,Japan,Furniture,Home,13086,2355,52
2018-05-01,Asia,Japan,Furniture,Office,9204,2025,31
2018-05-01,Asia,China,Electronics,Phones,34891,3489,233
2018-05-01,Asia,China,Electronics,Computers,24702,3705,124
2018-05-01,Asia,China,Clothing,Apparel,24381,7314,542
2018-05-01,Asia,China,Clothing,Accessories,10496,2099,350
2018-05-01,Asia,China,Furniture,Home,17613,3170,70
2018-05-01,Asia,China,Furniture,Office,10727,2360,36
2018-05-01,Asia,India,Electronics,Phones,10346,1035,69
2018-05-01,Asia,India,Electronics,Computers,7886,1183,39
2018-05-01,Asia,India,Clothing,Apparel,7736,2321,172
2018-05-01,Asia,India,Clothing,Accessories,3031,606,101
2018-05-01,Asia,India,Furniture,Home,5304,955,21
2018-05-01,Asia,India,Furniture,Office,3017,664,10
2018-05-01,Africa,South Africa,Electronics,Phones,5201,520,35
2018-05-01,Africa,South Africa,Electronics,Computers,3353,503,17
2018-05-01,Africa,South Africa,Clothing,Apparel,3191,957,71
2018-05-01,Africa,South Africa,Clothing,Accessories,1147,229,38
2018-05-01,Africa,South Africa,Furniture,Home,1992,359,8
2018-05-01,Africa,South Africa,Furniture,Office,1308,288,4
2018-06-01,North America,United States,Electronics,Phones,42465,4246,283
2018-06-01,North America,United States,Electronics,Computers,32450,4868,162
2018-06-01,North America,United States,Clothing,Apparel,27260,8178,606
2018-06-01,North America,United States,Clothing,Accessories,11444,2289,381
2018-06-01,North America,United States,Furniture,Home,21961,3953,88
2018-06-01,North America,United States,Furniture,Office,13601,2992,45
2018-06-01,North America,Canada,Electronics,Phones,16209,1621,108
2018-06-01,North America,Canada,Electronics,Computers,10377,1557,52
2018-06-01,North America,Canada,Clothing,Apparel,9131,2739,203
2018-06-01,North America,Canada,Clothing,Accessories,4387,877,146
2018-06-01,North America,Canada,Furniture,Home,7205,1297,29
2018-06-01,North America,Canada,Furniture,Office,4580,1008,15
2018-06-01,South America,Brazil,Electronics,Phones,13529,1353,90
2018-06-01,South America,Brazil,Electronics,Computers,8884,1333,44
2018-06-01,South America,Brazil,Clothing,Apparel,7709,2313,171
2018-06-01,South America,Brazil,Clothing,Accessories,3285,657,110
2018-06-01,South America,Brazil,Furniture,Home,5554,1000,22
2018-06-01,South America,Brazil,Furniture,Office,3703,815,12
2018-06-01,Europe,United Kingdom,Electronics,Phones,24213,2421,161
2018-06-01,Europe,United Kingdom,Electronics,Computers,17174,2576,86
2018-06-01,Europe,United Kingdom,Clothing,Apparel,16457,4937,366
2018-06-01,Europe,United Kingdom,Clothing,Accessories,7433,1487,248
2018-06-01,Europe,United Kingdom,Furniture,Home,11385,2049,46
2018-06-01,Europe,United Kingdom,Furniture,Office,8189,1802,27
2018-06-01,Europe,Germany,Electronics,Phones,20913,2091,139
2018-06-01,Europe,Germany,Electronics,Computers,13878,2082,69
2018-06-01,Europe,Germany,Clothing,Apparel,14754,4426,328
2018-06-01,Europe,Germany,Clothing,Accessories,6474,1295,216
2018-06-01,Europe,Germany,Furniture,Home,11002,1980,44
2018-06-01,Europe,Germany,Furniture,Office,6508,1432,22
2018-06-01,Europe,France,Electronics,Phones,21275,2128,142
2018-06-01,Europe,France,Electronics,Computers,13723,2058,69
2018-06-01,Europe,France,Clothing,Apparel,16414,4924,365
2018-06-01,Europe,France,Clothing,Accessories,7130,1426,238
2018-06-01,Europe,France,Furniture,Home,10768,1938,43
2018-06-01,Europe,France,Furniture,Office,6188,1361,21
2018-06-01,Asia,Japan,Electronics,Phones,32930,3293,220
2018-06-01,Asia,Japan,Electronics,Computers,19432,2915,97
2018-06-01,Asia,Japan,Clothing,Apparel,20091,6027,446
2018-06-01,Asia,Japan,Clothing,Accessories,8804,1761,293
2018-06-01,Asia,Japan,Furniture,Home,13660,2459,55
2018-06-01,Asia,Japan,Furniture,Office,8959,1971,30
2018-06-01,Asia,China,Electronics,Phones,35330,3533,236
2018-06-01,Asia,China,Electronics,Computers,23968,3595,120
2018-06-01,Asia,China,Clothing,Apparel,21010,6303,467
2018-06-01,Asia,China,Clothing,Accessories,9279,1856,309
2018-06-01,Asia,China,Furniture,Home,16363,2945,65
2018-06-01,Asia,China,Furniture,Office,11309,2488,38
2018-06-01,Asia,India,Electronics,Phones,11429,1143,76
2018-06-01,Asia,India,Electronics,Computers,6505,976,33
2018-06-01,Asia,India,Clothing,Apparel,6906,2072,153
2018-06-01,Asia,India,Clothing,Accessories,2819,564,94
2018-06-01,Asia,India,Furniture,Home,5133,924,21
2018-06-01,Asia,India,Furniture,Office,3065,674,10
2018-06-01,Africa,South Africa,Electronics,Phones,5146,515,34
2018-06-01,Africa,South Africa,Electronics,Computers,3038,456,15
2018-06-01,Africa,South Africa,Clothing,Apparel,2480,744,55
2018-06-01,Africa,South Africa,Clothing,Accessories,1245,249,42
2018-06-01,Africa,South Africa,Furniture,Home,1853,334,7
2018-06-01,Africa,South Africa,Furniture,Office,1235,272,4
2018-07-01,North America,United States,Electronics,Phones,41449,4145,276
2018-07-01,North America,United States,Electronics,Computers,28779,4317,144
2018-07-01,North America,United States,Clothing,Apparel,25269,7581,562
2018-07-01,North America,United States,Clothing,Accessories,10172,2034,339
2018-07-01,North America,United States,Furniture,Home,19639,3535,79
2018-07-01,North America,United States,Furniture,Office,12270,2699,41
2018-07-01,North America,Canada,Electronics,Phones,13736,1374,92
2018-07-01,North America,Canada,Electronics,Computers,8753,1313,44
2018-07-01,North America,Canada,Clothing,Apparel,8681,2604,193
2018-07-01,North America,Canada,Clothing,Accessories,4157,831,139
2018-07-01,North America,Canada,Furniture,Home,6470,1165,26
2018-07-01,North America,Canada,Furniture,Office,4528,996,15
2018-07-01,South America,Brazil,Electronics,Phones,12423,1242,83
2018-07-01,South America,Brazil,Electronics,Computers,8150,1222,41
2018-07-01,South America,Brazil,Clothing,Apparel,7558,2267,168
2018-07-01,South America,Brazil,Clothing,Accessories,3466,693,116
2018-07-01,South America,Brazil,Furniture,Home,5070,913,20
2018-07-01,South America,Brazil,Furniture,Office,3418,752,11
2018-07-01,Europe,United Kingdom,Electronics,Phones,26502,2650,177
2018-07-01,Europe,United Kingdom,Electronics,Computers,16584,2488,83
2018-07-01,Europe,United Kingdom,Clothing,Apparel,15033,4510,334
2018-07-01,Europe,United Kingdom,Clothing,Accessories,7464,1493,249
2018-07-01,Europe,United Kingdom,Furniture,Home,11015,1983,44
2018-07-01,Europe,United Kingdom,Furniture,Office,6688,1471,22
2018-07-01,Europe,Germany,Electronics,Phones,22509,2251,150
2018-07-01,Europe,Germany,Electronics,Computers,12928,1939,65
2018-07-01,Europe,Germany,Clothing,Apparel,13494,4048,300
2018-07-01,Europe,Germany,Clothing,Accessories,5163,1033,172
2018-07-01,Europe,Germany,Furniture,Home,10332,1860,41
2018-07-01,Europe,Germany,Furniture,Office,6231,1371,21
2018-07-01,Europe,France,Electronics,Phones,19982,1998,133
2018-07-01,Europe,France,Electronics,Computers,11706,1756,59
2018-07-01,Europe,France,Clothing,Apparel,14746,4424,328
2018-07-01,Europe,France,Clothing,Accessories,5824,1165,194
2018-07-01,Europe,France,Furniture,Home,9231,1662,37
2018-07-01,Europe,France,Furniture,Office,6826,1502,23
2018-07-01,Asia,Japan,Electronics,Phones,27041,2704,180
2018-07-01,Asia,Japan,Electronics,Computers,18919,2838,95
2018-07-01,Asia,Japan,Clothing,Apparel,17497,5249,389
2018-07-01,Asia,Japan,Clothing,Accessories,8113,1623,270
2018-07-01,Asia,Japan,Furniture,Home,11608,2089,46
2018-07-01,Asia,Japan,Furniture,Office,8428,1854,28
2018-07-01,Asia,China,Electronics,Phones,34800,3480,232
2018-07-01,Asia,China,Electronics,Computers,20067,3010,100
2018-07-01,Asia,China,Clothing,Apparel,20709,6213,460
2018-07-01,Asia,China,Clothing,Accessories,8262,1652,275
2018-07-01,Asia,China,Furniture,Home,14750,2655,59
2018-07-01,Asia,China,Furniture,Office,10777,2371,36
2018-07-01,Asia,India,Electronics,Phones,9047,905,60
2018-07-01,Asia,India,Electronics,Computers,6949,1042,35
2018-07-01,Asia,India,Clothing,Apparel,6914,2074,154
2018-07-01,Asia,India,Clothing,Accessories,3058,612,102
2018-07-01,Asia,India,Furniture,Home,4389,790,18
2018-07-01,Asia,India,Furniture,Office,2754,606,9
2018-07-01,Africa,South Africa,Electronics,Phones,4076,408,27
2018-07-01,Africa,South Africa,Electronics,Computers,2903,435,15
2018-07-01,Africa,South Africa,Clothing,Apparel,2721,816,60
2018-07-01,Africa,South Africa,Clothing,Accessories,1026,205,34
2018-07-01,Africa,South Africa,Furniture,Home,1609,290,6
2018-07-01,Africa,South Africa,Furniture,Office,1200,264,4
2018-08-01,North America,United States,Electronics,Phones,41044,4104,274
2018-08-01,North America,United States,Electronics,Computers,31117,4668,156
2018-08-01,North America,United States,Clothing,Apparel,28931,8679,643
2018-08-01,North America,United States,Clothing,Accessories,10936,2187,365
2018-08-01,North America,United States,Furniture,Home,22689,4084,91
2018-08-01,North America,United States,Furniture,Office,12785,2813,43
2018-08-01,North America,Canada,Electronics,Phones,14842,1484,99
2018-08-01,North America,Canada,Electronics,Computers,8868,1330,44
2018-08-01,North America,Canada,Clothing,Apparel,9927,2978,221
2018-08-01,North America,Canada,Clothing,Accessories,4081,816,136
2018-08-01,North America,Canada,Furniture,Home,7396,1331,30
2018-08-01,North America,Canada,Furniture,Office,4842,1065,16
2018-08-01,South America,Brazil,Electronics,Phones,12076,1208,81
2018-08-01,South America,Brazil,Electronics,Computers,8502,1275,43
2018-08-01,South America,Brazil,Clothing,Apparel,8569,2571,190
2018-08-01,South America,Brazil,Clothing,Accessories,3795,759,126
2018-08-01,South America,Brazil,Furniture,Home,5413,974,22
2018-08-01,South America,Brazil,Furniture,Office,3619,796,12
2018-08-01,Europe,United Kingdom,Electronics,Phones,27894,2789,186
2018-08-01,Europe,United Kingdom,Electronics,Computers,18019,2703,90
2018-08-01,Europe,United Kingdom,Clothing,Apparel,16811,5043,374
2018-08-01,Europe,United Kingdom,Clothing,Accessories,8059,1612,269
2018-08-01,Europe,United Kingdom,Furniture,Home,11364,2046,45
2018-08-01,Europe,United Kingdom,Furniture,Office,7301,1606,24
2018-08-01,Europe,Germany,Electronics,Phones,20859,2086,139
2018-08-01,Europe,Germany,Electronics,Computers,13345,2002,67
2018-08-01,Europe,Germany,Clothing,Apparel,13915,4174,309
2018-08-01,Europe,Germany,Clothing,Accessories,6019,1204,201
2018-08-01,Europe,Germany,Furniture,Home,10850,1953,43
2018-08-01,Europe,Germany,Furniture,Office,7476,1645,25
2018-08-01,Europe,France,Electronics,Phones,20214,2021,135
2018-08-01,Europe,France,Electronics,Computers,13885,2083,69
2018-08-01,Europe,France,Clothing,Apparel,15625,4688,347
2018-08-01,Europe,France,Clothing,Accessories,6233,1247,208
2018-08-01,Europe,France,Furniture,Home,10067,1812,40
2018-08-01,Europe,France,Furniture,Office,6700,1474,22
2018-08-01,Asia,Japan,Electronics,Phones,32205,3220,215
2018-08-01,Asia,Japan,Electronics,Computers,19619,2943,98
2018-08-01,Asia,Japan,Clothing,Apparel,17559,5268,390
2018-08-01,Asia,Japan,Clothing,Accessories,8918,1784,297
2018-08-01,Asia,Japan,Furniture,Home,14162,2549,57
2018-08-01,Asia,Japan,Furniture,Office,8646,1902,29
2018-08-01,Asia,China,Electronics,Phones,32662,3266,218
2018-08-01,Asia,China,Electronics,Computers,23601,3540,118
2018-08-01,Asia,China,Clothing,Apparel,22443,6733,499
2018-08-01,Asia,China,Clothing,Accessories,9495,1899,316
2018-08-01,Asia,China,Furniture,Home,18101,3258,72
2018-08-01,Asia,China,Furniture,Office,12087,2659,40
2018-08-01,Asia,India,Electronics,Phones,11543,1154,77
2018-08-01,Asia,India,Electronics,Computers,6560,984,33
2018-08-01,Asia,India,Clothing,Apparel,7381,2214,164
2018-08-01,Asia,India,Clothing,Accessories,2991,598,100
2018-08-01,Asia,India,Furniture,Home,4594,827,18
2018-08-01,Asia,India,Furniture,Office,3262,718,11
2018-08-01,Africa,South Africa,Electronics,Phones,4969,497,33
2018-08-01,Africa,South Africa,Electronics,Computers,3433,515,17
2018-08-01,Africa,South Africa,Clothing,Apparel,2903,871,65
2018-08-01,Africa,South Africa,Clothing,Accessories,1066,213,36
2018-08-01,Africa,South Africa,Furniture,Home,1617,291,6
2018-08-01,Africa,South Africa,Furniture,Office,1124,247,4
2018-09-01,North America,United States,Electronics,Phones,44647,4465,298
2018-09-01,North America,United States,Electronics,Computers,29900,4485,150
2018-09-01,North America,United States,Clothing,Apparel,32367,9710,719
2018-09-01,North America,United States,Clothing,Accessories,13130,2626,438
2018-09-01,North America,United States,Furniture,Home,23537,4237,94
2018-09-01,North America,United States,Furniture,Office,15301,3366,51
2018-09-01,North America,Canada,Electronics,Phones,16114,1611,107
2018-09-01,North America,Canada,Electronics,Computers,11368,1705,57
2018-09-01,North America,Canada,Clothing,Apparel,9814,2944,218
2018-09-01,North America,Canada,Clothing,Accessories,4623,925,154
2018-09-01,North America,Canada,Furniture,Home,8050,1449,32
2018-09-01,North America,Canada,Furniture,Office,5012,1103,17
2018-09-01,South America,Brazil,Electronics,Phones,13876,1388,93
2018-09-01,South America,Brazil,Electronics,Computers,9638,1446,48
2018-09-01,South America,Brazil,Clothing,Apparel,8634,2590,192
2018-09-01,South America,Brazil,Clothing,Accessories,4176,835,139
2018-09-01,South America,Brazil,Furniture,Home,6604,1189,26
2018-09-01,South America,Brazil,Furniture,Office,4275,940,14
2018-09-01,Europe,United Kingdom,Electronics,Phones,30296,3030,202
2018-09-01,Europe,United Kingdom,Electronics,Computers,20985,3148,105
2018-09-01,Europe,United Kingdom,Clothing,Apparel,19815,5944,440
2018-09-01,Europe,United Kingdom,Clothing,Accessories,7484,1497,249
2018-09-01,Europe,United Kingdom,Furniture,Home,13634,2454,55
2018-09-01,Europe,United Kingdom,Furniture,Office,9144,2012,30
2018-09-01,Europe,Germany,Electronics,Phones,25940,2594,173
2018-09-01,Europe,Germany,Electronics,Computers,14742,2211,74
2018-09-01,Europe,Germany,Clothing,Apparel,14032,4210,312
2018-09-01,Europe,Germany,Clothing,Accessories,6470,1294,216
2018-09-01,Europe,Germany,Furniture,Home,11691,2104,47
2018-09-01,Europe,Germany,Furniture,Office,8039,1769,27
2018-09-01,Europe,France,Electronics,Phones,20811,2081,139
2018-09-01,Europe,France,Electronics,Computers,15121,2268,76
2018-09-01,Europe,France,Clothing,Apparel,17638,5291,392
2018-09-01,Europe,France,Clothing,Accessories,6663,1333,222
2018-09-01,Europe,France,Furniture,Home,11609,2090,46
2018-09-01,Europe,France,Furniture,Office,7730,1701,26
2018-09-01,Asia,Japan,Electronics,Phones,31801,3180,212
2018-09-01,Asia,Japan,Electronics,Computers,24788,3718,124
2018-09-01,Asia,Japan,Clothing,Apparel,21516,6455,478
2018-09-01,Asia,Japan,Clothing,Accessories,9698,1940,323
2018-09-01,Asia,Japan,Furniture,Home,15061,2711,60
2018-09-01,Asia,Japan,Furniture,Office,8976,1975,30
2018-09-01,Asia,China,Electronics,Phones,36403,3640,243
2018-09-01,Asia,China,Electronics,Computers,27700,4155,138
2018-09-01,Asia,China,Clothing,Apparel,23345,7004,519
2018-09-01,Asia,China,Clothing,Accessories,11301,2260,377
2018-09-01,Asia,China,Furniture,Home,19354,3484,77
2018-09-01,Asia,China,Furniture,Office,11087,2439,37
2018-09-01,Asia,India,Electronics,Phones,12526,1253,84
2018-09-01,Asia,India,Electronics,Computers,7509,1126,38
2018-09-01,Asia,India,Clothing,Apparel,6982,2095,155
2018-09-01,Asia,India,Clothing,Accessories,3417,683,114
2018-09-01,Asia,India,Furniture,Home,5325,958,21
2018-09-01,Asia,India,Furniture,Office,3201,704,11
2018-09-01,Africa,South Africa,Electronics,Phones,5198,520,35
2018-09-01,Africa,South Africa,Electronics,Computers,3399,510,17
2018-09-01,Africa,South Africa,Clothing,Apparel,3059,918,68
2018-09-01,Africa,South Africa,Clothing,Accessories,1329,266,44
2018-09-01,Africa,South Africa,Furniture,Home,1915,345,8
2018-09-01,Africa,South Africa,Furniture,Office,1247,274,4
2018-10-01,North America,United States,Electronics,Phones,47531,4753,317
2018-10-01,North America,United States,Electronics,Computers,34930,5240,175
2018-10-01,North America,United States,Clothing,Apparel,33558,10067,746
2018-10-01,North America,United States,Clothing,Accessories,13020,2604,434
2018-10-01,North America,United States,Furniture,Home,24137,4345,97
2018-10-01,North America,United States,Furniture,Office,14598,3212,49
2018-10-01,North America,Canada,Electronics,Phones,18460,1846,123
2018-10-01,North America,Canada,Electronics,Computers,10887,1633,54
2018-10-01,North America,Canada,Clothing,Apparel,11181,3354,248
2018-10-01,North America,Canada,Clothing,Accessories,4706,941,157
2018-10-01,North America,Canada,Furniture,Home,7683,1383,31
2018-10-01,North America,Canada,Furniture,Office,5982,1316,20
2018-10-01,South America,Brazil,Electronics,Phones,16228,1623,108
2018-10-01,South America,Brazil,Electronics,Computers,10204,1531,51
2018-10-01,South America,Brazil,Clothing,Apparel,10436,3131,232
2018-10-01,South America,Brazil,Clothing,Accessories,4329,866,144
2018-10-01,South America,Brazil,Furniture,Home,6773,1219,27
2018-10-01,South America,Brazil,Furniture,Office,4426,974,15
2018-10-01,Europe,United Kingdom,Electronics,Phones,30460,3046,203
2018-10-01,Europe,United Kingdom,Electronics,Computers,21562,3234,108
2018-10-01,Europe,United Kingdom,Clothing,Apparel,19160,5748,426
2018-10-01,Europe,United Kingdom,Clothing,Accessories,7879,1576,263
2018-10-01,Europe,United Kingdom,Furniture,Home,13418,2415,54
2018-10-01,Europe,United Kingdom,Furniture,Office,9183,2020,31
2018-10-01,Europe,Germany,Electronics,Phones,27519,2752,183
2018-10-01,Europe,Germany,Electronics,Computers,15892,2384,79
2018-10-01,Europe,Germany,Clothing,Apparel,17041,5112,379
2018-10-01,Europe,Germany,Clothing,Accessories,7547,1509,252
2018-10-01,Europe,Germany,Furniture,Home,13517,2433,54
2018-10-01,Europe,Germany,Furniture,Office,7549,1661,25
2018-10-01,Europe,France,Electronics,Phones,22559,2256,150
2018-10-01,Europe,France,Electronics,Computers,14486,2173,72
2018-10-01,Europe,France,Clothing,Apparel,18888,5666,420
2018-10-01,Europe,France,Clothing,Accessories,7311,1462,244
2018-10-01,Europe,France,Furniture,Home,11827,2129,47
2018-10-01,Europe,France,Furniture,Office,7034,1547,23
2018-10-01,Asia,Japan,Electronics,Phones,33655,3366,224
2018-10-01,Asia,Japan,Electronics,Computers,24170,3626,121
2018-10-01,Asia,Japan,Clothing,Apparel,21606,6482,480
2018-10-01,Asia,Japan,Clothing,Accessories,9874,1975,329
2018-10-01,Asia,Japan,Furniture,Home,15036,2706,60
2018-10-01,Asia,Japan,Furniture,Office,10282,2262,34
2018-10-01,Asia,China,Electronics,Phones,41250,4125,275
2018-10-01,Asia,China,Electronics,Computers,29038,4356,145
2018-10-01,Asia,China,Clothing,Apparel,24135,7240,536
2018-10-01,Asia,China,Clothing,Accessories,11897,2379,397
2018-10-01,Asia,China,Furniture,Home,20280,3650,81
2018-10-01,Asia,China,Furniture,Office,12195,2683,41
2018-10-01,Asia,India,Electronics,Phones,11168,1117,74
2018-10-01,Asia,India,Electronics,Computers,8112,1217,41
2018-10-01,Asia,India,Clothing,Apparel,7603,2281,169
2018-10-01,Asia,India,Clothing,Accessories,3336,667,111
2018-10-01,Asia,India,Furniture,Home,5881,1059,24
2018-10-01,Asia,India,Furniture,Office,3949,869,13
2018-10-01,Africa,South Africa,Electronics,Phones,6004,600,40
2018-10-01,Africa,South Africa,Electronics,Computers,3305,496,17
2018-10-01,Africa,South Africa,Clothing,Apparel,3314,994,74
2018-10-01,Africa,South Africa,Clothing,Accessories,1473,295,49
2018-10-01,Africa,South Africa,Furniture,Home,2159,389,9
2018-10-01,Africa,South Africa,Furniture,Office,1268,279,4
2018-11-01,North America,United States,Electronics,Phones,64306,6431,429
2018-11-01,North America,United States,Electronics,Computers,40385,6058,202
2018-11-01,North America,United States,Clothing,Apparel,39712,11914,882
2018-11-01,North America,United States,Clothing,Accessories,15546,3109,518
2018-11-01,North America,United States,Furniture,Home,32796,5903,131
2018-11-01,North America,United States,Furniture,Office,20729,4560,69
2018-11-01,North America,Canada,Electronics,Phones,19574,1957,130
2018-11-01,North America,Canada,Electronics,Computers,15402,2310,77
2018-11-01,North America,Canada,Clothing,Apparel,15027,4508,334
2018-11-01,North America,Canada,Clothing,Accessories,5990,1198,200
2018-11-01,North America,Canada,Furniture,Home,10639,1915,43
2018-11-01,North America,Canada,Furniture,Office,6645,1462,22
2018-11-01,South America,Brazil,Electronics,Phones,20531,2053,137
2018-11-01,South America,Brazil,Electronics,Computers,11463,1719,57
2018-11-01,South America,Brazil,Clothing,Apparel,10967,3290,244
2018-11-01,South America,Brazil,Clothing,Accessories,4739,948,158
2018-11-01,South America,Brazil,Furniture,Home,9069,1632,36
2018-11-01,South America,Brazil,Furniture,Office,5199,1144,17
2018-11-01,Europe,United Kingdom,Electronics,Phones,38875,3888,259
2018-11-01,Europe,United Kingdom,Electronics,Computers,25237,3786,126
2018-11-01,Europe,United Kingdom,Clothing,Apparel,27168,8150,604
2018-11-01,Europe,United Kingdom,Clothing,Accessories,10093,2019,336
2018-11-01,Europe,United Kingdom,Furniture,Home,16232,2922,65
2018-11-01,Europe,United Kingdom,Furniture,Office,10944,2408,36
2018-11-01,Europe,Germany,Electronics,Phones,33433,3343,223
2018-11-01,Europe,Germany,Electronics,Computers,21868,3280,109
2018-11-01,Europe,Germany,Clothing,Apparel,20824,6247,463
2018-11-01,Europe,Germany,Clothing,Accessories,8213,1643,274
2018-11-01,Europe,Germany,Furniture,Home,14642,2636,59
2018-11-01,Europe,Germany,Furniture,Office,9358,2059,31
2018-11-01,Europe,France,Electronics,Phones,26454,2645,176
2018-11-01,Europe,France,Electronics,Computers,19801,2970,99
2018-11-01,Europe,France,Clothing,Apparel,22247,6674,494
2018-11-01,Europe,France,Clothing,Accessories,8729,1746,291
2018-11-01,Europe,France,Furniture,Home,13517,2433,54
2018-11-01,Europe,France,Furniture,Office,9594,2111,32
2018-11-01,Asia,Japan,Electronics,Phones,43492,4349,290
2018-11-01,Asia,Japan,Electronics,Computers,29760,4464,149
2018-11-01,Asia,Japan,Clothing,Apparel,30430,9129,676
2018-11-01,Asia,Japan,Clothing,Accessories,11235,2247,374
2018-11-01,Asia,Japan,Furniture,Home,18032,3246,72
2018-11-01,Asia,Japan,Furniture,Office,11913,2621,40
2018-11-01,Asia,China,Electronics,Phones,47252,4725,315
2018-11-01,Asia,China,Electronics,Computers,31758,4764,159
2018-11-01,Asia,China,Clothing,Apparel,33004,9901,733
2018-11-01,Asia,China,Clothing,Accessories,14527,2905,484
2018-11-01,Asia,China,Furniture,Home,24805,4465,99
2018-11-01,Asia,China,Furniture,Office,14447,3178,48
2018-11-01,Asia,India,Electronics,Phones,16373,1637,109
2018-11-01,Asia,India,Electronics,Computers,9876,1481,49
2018-11-01,Asia,India,Clothing,Apparel,9131,2739,203
2018-11-01,Asia,India,Clothing,Accessories,4047,809,135
2018-11-01,Asia,India,Furniture,Home,6622,1192,26
2018-11-01,Asia,India,Furniture,Office,4558,1003,15
2018-11-01,Africa,South Africa,Electronics,Phones,7060,706,47
2018-11-01,Africa,South Africa,Electronics,Computers,4328,649,22
2018-11-01,Africa,South Africa,Clothing,Apparel,4368,1310,97
2018-11-01,Africa,South Africa,Clothing,Accessories,1545,309,52
2018-11-01,Africa,South Africa,Furniture,Home,2508,451,10
2018-11-01,Africa,South Africa,Furniture,Office,1688,371,6
2018-12-01,North America,United States,Electronics,Phones,77419,7742,516
2018-12-01,North America,United States,Electronics,Computers,46713,7007,234
2018-12-01,North America,United States,Clothing,Apparel,45546,13664,1012
2018-12-01,North America,United States,Clothing,Accessories,20865,4173,696
2018-12-01,North America,United States,Furniture,Home,31941,5749,128
2018-12-01,North America,United States,Furniture,Office,20707,4556,69
2018-12-01,North America,Canada,Electronics,Phones,26211,2621,175
2018-12-01,North America,Canada,Electronics,Computers,17973,2696,90
2018-12-01,North America,Canada,Clothing,Apparel,14877,4463,331
2018-12-01,North America,Canada,Clothing,Accessories,7330,1466,244
2018-12-01,North America,Canada,Furniture,Home,11500,2070,46
2018-12-01,North America,Canada,Furniture,Office,8073,1776,27
2018-12-01,South America,Brazil,Electronics,Phones,22262,2226,148
2018-12-01,South America,Brazil,Electronics,Computers,14661,2199,73
2018-12-01,South America,Brazil,Clothing,Apparel,13104,3931,291
2018-12-01,South America,Brazil,Clothing,Accessories,6270,1254,209
2018-12-01,South America,Brazil,Furniture,Home,8894,1601,36
2018-12-01,South America,Brazil,Furniture,Office,5985,1317,20
2018-12-01,Europe,United Kingdom,Electronics,Phones,47818,4782,319
2018-12-01,Europe,United Kingdom,Electronics,Computers,29170,4376,146
2018-12-01,Europe,United Kingdom,Clothing,Apparel,26555,7966,590
2018-12-01,Europe,United Kingdom,Clothing,Accessories,13289,2658,443
2018-12-01,Europe,United Kingdom,Furniture,Home,20965,3774,84
2018-12-01,Europe,United Kingdom,Furniture,Office,12671,2788,42
2018-12-01,Europe,Germany,Electronics,Phones,33060,3306,220
2018-12-01,Europe,Germany,Electronics,Computers,24069,3610,120
2018-12-01,Europe,Germany,Clothing,Apparel,21424,6427,476
2018-12-01,Europe,Germany,Clothing,Accessories,9980,1996,333
2018-12-01,Europe,Germany,Furniture,Home,18841,3391,75
2018-12-01,Europe,Germany,Furniture,Office,11554,2542,39
2018-12-01,Europe,France,Electronics,Phones,29400,2940,196
2018-12-01,Europe,France,Electronics,Computers,22429,3364,112
2018-12-01,Europe,France,Clothing,Apparel,23590,7077,524
2018-12-01,Europe,France,Clothing,Accessories,10201,2040,340
2018-12-01,Europe,France,Furniture,Home,15673,2821,63
2018-12-01,Europe,France,Furniture,Office,10655,2344,36
2018-12-01,Asia,Japan,Electronics,Phones,55061,5506,367
2018-12-01,Asia,Japan,Electronics,Computers,30920,4638,155
2018-12-01,Asia,Japan,Clothing,Apparel,32892,9868,731
2018-12-01,Asia,Japan,Clothing,Accessories,13068,2614,436
2018-12-01,Asia,Japan,Furniture,Home,20749,3735,83
2018-12-01,Asia,Japan,Furniture,Office,14170,3117,47
2018-12-01,Asia,China,Electronics,Phones,59605,5960,397
2018-12-01,Asia,China,Electronics,Computers,35884,5383,179
2018-12-01,Asia,China,Clothing,Apparel,35098,10529,780
2018-12-01,Asia,China,Clothing,Accessories,14594,2919,486
2018-12-01,Asia,China,Furniture,Home,25882,4659,104
2018-12-01,Asia,China,Furniture,Office,19770,4349,66
2018-12-01,Asia,India,Electronics,Phones,17794,1779,119
2018-12-01,Asia,India,Electronics,Computers,12110,1816,61
2018-12-01,Asia,India,Clothing,Apparel,12167,3650,270
2018-12-01,Asia,India,Clothing,Accessories,5207,1041,174
2018-12-01,Asia,India,Furniture,Home,8638,1555,35
2018-12-01,Asia,India,Furniture,Office,5541,1219,18
2018-12-01,Africa,South Africa,Electronics,Phones,7646,765,51
2018-12-01,Africa,South Africa,Electronics,Computers,5292,794,26
2018-12-01,Africa,South Africa,Clothing,Apparel,4575,1372,102
2018-12-01,Africa,South Africa,Clothing,Accessories,2129,426,71
2018-12-01,Africa,South Africa,Furniture,Home,2952,531,12
2018-12-01,Africa,South Africa,Furniture,Office,1923,423,6
2019-01-01,North America,United States,Electronics,Phones,37924,3792,253
2019-01-01,North America,United States,Electronics,Computers,26034,3905,130
2019-01-01,North America,United States,Clothing,Apparel,23795,7138,529
2019-01-01,North America,United States,Clothing,Accessories,11660,2332,389
2019-01-01,North America,United States,Furniture,Home,19962,3593,80
2019-01-01,North America,United States,Furniture,Office,11493,2528,38
2019-01-01,North America,Canada,Electronics,Phones,14834,1483,99
2019-01-01,North America,Canada,Electronics,Computers,9057,1359,45
2019-01-01,North America,Canada,Clothing,Apparel,9295,2788,207
2019-01-01,North America,Canada,Clothing,Accessories,4160,832,139
2019-01-01,North America,Canada,Furniture,Home,7097,1277,28
2019-01-01,North America,Canada,Furniture,Office,3976,875,13
2019-01-01,South America,Brazil,Electronics,Phones,12258,1226,82
2019-01-01,South America,Brazil,Electronics,Computers,7554,1133,38
2019-01-01,South America,Brazil,Clothing,Apparel,8042,2413,179
2019-01-01,South America,Brazil,Clothing,Accessories,3512,702,117
2019-01-01,South America,Brazil,Furniture,Home,4923,886,20
2019-01-01,South America,Brazil,Furniture,Office,3959,871,13
2019-01-01,Europe,United Kingdom,Electronics,Phones,22947,2295,153
2019-01-01,Europe,United Kingdom,Electronics,Computers,17331,2600,87
2019-01-01,Europe,United Kingdom,Clothing,Apparel,16694,5008,371
2019-01-01,Europe,United Kingdom,Clothing,Accessories,6557,1311,219
2019-01-01,Europe,United Kingdom,Furniture,Home,11538,2077,46
2019-01-01,Europe,United Kingdom,Furniture,Office,7701,1694,26
2019-01-01,Europe,Germany,Electronics,Phones,18694,1869,125
2019-01-01,Europe,Germany,Electronics,Computers,13573,2036,68
2019-01-01,Europe,Germany,Clothing,Apparel,13378,4013,297
2019-01-01,Europe,Germany,Clothing,Accessories,5616,1123,187
2019-01-01,Europe,Germany,Furniture,Home,10530,1895,42
2019-01-01,Europe,Germany,Furniture,Office,5871,1292,20
2019-01-01,Europe,France,Electronics,Phones,18543,1854,124
2019-01-01,Europe,France,Electronics,Computers,12949,1942,65
2019-01-01,Europe,France,Clothing,Apparel,14043,4213,312
2019-01-01,Europe,France,Clothing,Accessories,6018,1204,201
2019-01-01,Europe,France,Furniture,Home,8611,1550,34
2019-01-01,Europe,France,Furniture,Office,6720,1478,22
2019-01-01,Asia,Japan,Electronics,Phones,30237,3024,202
2019-01-01,Asia,Japan,Electronics,Computers,18699,2805,93
2019-01-01,Asia,Japan,Clothing,Apparel,16974,5092,377
2019-01-01,Asia,Japan,Clothing,Accessories,7549,1510,252
2019-01-01,Asia,Japan,Furniture,Home,10911,1964,44
2019-01-01,Asia,Japan,Furniture,Office,7500,1650,25
2019-01-01,Asia,China,Electronics,Phones,30592,3059,204
2019-01-01,Asia,China,Electronics,Computers,21724,3259,109
2019-01-01,Asia,China,Clothing,Apparel,18155,5446,403
2019-01-01,Asia,China,Clothing,Accessories,9366,1873,312
2019-01-01,Asia,China,Furniture,Home,14224,2560,57
2019-01-01,Asia,China,Furniture,Office,9339,2055,31
2019-01-01,Asia,India,Electronics,Phones,10146,1015,68
2019-01-01,Asia,India,Electronics,Computers,7026,1054,35
2019-01-01,Asia,India,Clothing,Apparel,6737,2021,150
2019-01-01,Asia,India,Clothing,Accessories,2606,521,87
2019-01-01,Asia,India,Furniture,Home,3909,704,16
2019-01-01,Asia,India,Furniture,Office,2931,645,10
2019-01-01,Africa,South Africa,Electronics,Phones,4683,468,31
2019-01-01,Africa,South Africa,Electronics,Computers,3039,456,15
2019-01-01,Africa,South Africa,Clothing,Apparel,2696,809,60
2019-01-01,Africa,South Africa,Clothing,Accessories,1158,232,39
2019-01-01,Africa,South Africa,Furniture,Home,1770,319,7
2019-01-01,Africa,South Africa,Furniture,Office,1053,232,4
2019-02-01,North America,United States,Electronics,Phones,41343,4134,276
2019-02-01,North America,United States,Electronics,Computers,24795,3719,124
2019-02-01,North America,United States,Clothing,Apparel,21750,6525,483
2019-02-01,North America,United States,Clothing,Accessories,9728,1946,324
2019-02-01,North America,United States,Furniture,Home,16438,2959,66
2019-02-01,North America,United States,Furniture,Office,11008,2422,37
2019-02-01,North America,Canada,Electronics,Phones,13798,1380,92
2019-02-01,North America,Canada,Electronics,Computers,8934,1340,45
2019-02-01,North America,Canada,Clothing,Apparel,9035,2710,201
2019-02-01,North America,Canada,Clothing,Accessories,3651,730,122
2019-02-01,North America,Canada,Furniture,Home,5682,1023,23
2019-02-01,North America,Canada,Furniture,Office,4432,975,15
2019-02-01,South America,Brazil,Electronics,Phones,11574,1157,77
2019-02-01,South America,Brazil,Electronics,Computers,8065,1210,40
2019-02-01,South America,Brazil,Clothing,Apparel,7498,2249,167
2019-02-01,South America,Brazil,Clothing,Accessories,2871,574,96
2019-02-01,South America,Brazil,Furniture,Home,5155,928,21
2019-02-01,South America,Brazil,Furniture,Office,3157,695,11
2019-02-01,Europe,United Kingdom,Electronics,Phones,21911,2191,146
2019-02-01,Europe,United Kingdom,Electronics,Computers,15767,2365,79
2019-02-01,Europe,United Kingdom,Clothing,Apparel,13671,4101,304
2019-02-01,Europe,United Kingdom,Clothing,Accessories,6621,1324,221
2019-02-01,Europe,United Kingdom,Furniture,Home,11039,1987,44
2019-02-01,Europe,United Kingdom,Furniture,Office,7359,1619,25
2019-02-01,Europe,Germany,Electronics,Phones,18333,1833,122
2019-02-01,Europe,Germany,Electronics,Computers,13728,2059,69
2019-02-01,Europe,Germany,Clothing,Apparel,12917,3875,287
2019-02-01,Europe,Germany,Clothing,Accessories,4591,918,153
2019-02-01,Europe,Germany,Furniture,Home,9303,1675,37
2019-02-01,Europe,Germany,Furniture,Office,6590,1450,22
2019-02-01,Europe,France,Electronics,Phones,18277,1828,122
2019-02-01,Europe,France,Electronics,Computers,10521,1578,53
2019-02-01,Europe,France,Clothing,Apparel,13170,3951,293
2019-02-01,Europe,France,Clothing,Accessories,6058,1212,202
2019-02-01,Europe,France,Furniture,Home,7991,1438,32
2019-02-01,Europe,France,Furniture,Office,6022,1325,20
2019-02-01,Asia,Japan,Electronics,Phones,24957,2496,166
2019-02-01,Asia,Japan,Electronics,Computers,19252,2888,96
2019-02-01,Asia,Japan,Clothing,Apparel,15446,4634,343
2019-02-01,Asia,Japan,Clothing,Accessories,7637,1527,255
2019-02-01,Asia,Japan,Furniture,Home,10226,1841,41
2019-02-01,Asia,Japan,Furniture,Office,7739,1703,26
2019-02-01,Asia,China,Electronics,Phones,31234,3123,208
2019-02-01,Asia,China,Electronics,Computers,21826,3274,109
2019-02-01,Asia,China,Clothing,Apparel,18707,5612,416
2019-02-01,Asia,China,Clothing,Accessories,7723,1545,257
2019-02-01,Asia,China,Furniture,Home,13471,2425,54
2019-02-01,Asia,China,Furniture,Office,8637,1900,29
2019-02-01,Asia,India,Electronics,Phones,8673,867,58
2019-02-01,Asia,India,Electronics,Computers,5601,840,28
2019-02-01,Asia,India,Clothing,Apparel,5320,1596,118
2019-02-01,Asia,India,Clothing,Accessories,2475,495,82
2019-02-01,Asia,India,Furniture,Home,4240,763,17
2019-02-01,Asia,India,Furniture,Office,2955,650,10
2019-02-01,Africa,South Africa,Electronics,Phones,4363,436,29
2019-02-01,Africa,South Africa,Electronics,Computers,2697,405,13
2019-02-01,Africa,South Africa,Clothing,Apparel,2306,692,51
2019-02-01,Africa,South Africa,Clothing,Accessories,1022,204,34
2019-02-01,Africa,South Africa,Furniture,Home,1398,252,6
2019-02-01,Africa,South Africa,Furniture,Office,1009,222,3
2019-03-01,North America,United States,Electronics,Phones,46185,4618,308
2019-03-01,North America,United States,Electronics,Computers,29567,4435,148
2019-03-01,North America,United States,Clothing,Apparel,27790,8337,618
2019-03-01,North America,United States,Clothing,Accessories,10706,2141,357
2019-03-01,North America,United States,Furniture,Home,18377,3308,74
2019-03-01,North America,United States,Furniture,Office,14320,3150,48
2019-03-01,North America,Canada,Electronics,Phones,13762,1376,92
2019-03-01,North America,Canada,Electronics,Computers,9220,1383,46
2019-03-01,North America,Canada,Clothing,Apparel,10222,3067,227
2019-03-01,North America,Canada,Clothing,Accessories,3676,735,123
2019-03-01,North America,Canada,Furniture,Home,6434,1158,26
2019-03-01,North America,Canada,Furniture,Office,4478,985,15
2019-03-01,South America,Brazil,Electronics,Phones,13214,1321,88
2019-03-01,South America,Brazil,Electronics,Computers,8498,1275,42
2019-03-01,South America,Brazil,Clothing,Apparel,8676,2603,193
2019-03-01,South America,Brazil,Clothing,Accessories,3164,633,105
2019-03-01,South America,Brazil,Furniture,Home,5848,1053,23
2019-03-01,South America,Brazil,Furniture,Office,3914,861,13
2019-03-01,Europe,United Kingdom,Electronics,Phones,25741,2574,172
2019-03-01,Europe,United Kingdom,Electronics,Computers,15605,2341,78
2019-03-01,Europe,United Kingdom,Clothing,Apparel,18223,5467,405
2019-03-01,Europe,United Kingdom,Clothing,Accessories,6694,1339,223
2019-03-01,Europe,United Kingdom,Furniture,Home,12375,2228,50
2019-03-01,Europe,United Kingdom,Furniture,Office,7129,1568,24
2019-03-01,Europe,Germany,Electronics,Phones,19545,1954,130
2019-03-01,Europe,Germany,Electronics,Computers,13325,1999,67
2019-03-01,Europe,Germany,Clothing,Apparel,12563,3769,279
2019-03-01,Europe,Germany,Clothing,Accessories,5966,1193,199
2019-03-01,Europe,Germany,Furniture,Home,10791,1942,43
2019-03-01,Europe,Germany,Furniture,Office,7205,1585,24
2019-03-01,Europe,France,Electronics,Phones,18053,1805,120
2019-03-01,Europe,France,Electronics,Computers,12076,1811,60
2019-03-01,Europe,France,Clothing,Apparel,13960,4188,310
2019-03-01,Europe,France,Clothing,Accessories,5745,1149,192
2019-03-01,Europe,France,Furniture,Home,9898,1782,40
2019-03-01,Europe,France,Furniture,Office,6948,1529,23
2019-03-01,Asia,Japan,Electronics,Phones,27781,2778,185
2019-03-01,Asia,Japan,Electronics,Computers,19345,2902,97
2019-03-01,Asia,Japan,Clothing,Apparel,18479,5544,411
2019-03-01,Asia,Japan,Clothing,Accessories,7706,1541,257
2019-03-01,Asia,Japan,Furniture,Home,13037,2347,52
2019-03-01,Asia,Japan,Furniture,Office,8588,1889,29
2019-03-01,Asia,China,Electronics,Phones,32372,3237,216
2019-03-01,Asia,China,Electronics,Computers,20783,3117,104
2019-03-01,Asia,China,Clothing,Apparel,20019,6006,445
2019-03-01,Asia,China,Clothing,Accessories,8802,1760,293
2019-03-01,Asia,China,Furniture,Home,14728,2651,59
2019-03-01,Asia,China,Furniture,Office,11452,2519,38
2019-03-01,Asia,India,Electronics,Phones,9936,994,66
2019-03-01,Asia,India,Electronics,Computers,6747,1012,34
2019-03-01,Asia,India,Clothing,Apparel,6682,2005,148
2019-03-01,Asia,India,Clothing,Accessories,2962,592,99
2019-03-01,Asia,India,Furniture,Home,4217,759,17
2019-03-01,Asia,India,Furniture,Office,3088,679,10
2019-03-01,Africa,South Africa,Electronics,Phones,4303,430,29
2019-03-01,Africa,South Africa,Electronics,Computers,3297,495,16
2019-03-01,Africa,South Africa,Clothing,Apparel,2609,783,58
2019-03-01,Africa,South Africa,Clothing,Accessories,1136,227,38
2019-03-01,Africa,South Africa,Furniture,Home,1641,295,7
2019-03-01,Africa,South Africa,Furniture,Office,1140,251,4
2019-04-01,North America,United States,Electronics,Phones,43087,4309,287
2019-04-01,North America,United States,Electronics,Computers,28982,4347,145
2019-04-01,North America,United States,Clothing,Apparel,25876,7763,575
2019-04-01,North America,United States,Clothing,Accessories,12769,2554,426
2019-04-01,North America,United States,Furniture,Home,21985,3957,88
2019-04-01,North America,United States,Furniture,Office,13006,2861,43
2019-04-01,North America,Canada,Electronics,Phones,14720,1472,98
2019-04-01,North America,Canada,Electronics,Computers,10214,1532,51
2019-04-01,North America,Canada,Clothing,Apparel,10862,3259,241
2019-04-01,North America,Canada,Clothing,Accessories,4331,866,144
2019-04-01,North America,Canada,Furniture,Home,7371,1327,29
2019-04-01,North America,Canada,Furniture,Office,5194,1143,17
2019-04-01,South America,Brazil,Electronics,Phones,14223,1422,95
2019-04-01,South America,Brazil,Electronics,Computers,8769,1315,44
2019-04-01,South America,Brazil,Clothing,Apparel,8569,2571,190
2019-04-01,South America,Brazil,Clothing,Accessories,3914,783,130
2019-04-01,South America,Brazil,Furniture,Home,6047,1088,24
2019-04-01,South America,Brazil,Furniture,Office,4361,959,15
2019-04-01,Europe,United Kingdom,Electronics,Phones,27220,2722,181
2019-04-01,Europe,United Kingdom,Electronics,Computers,16698,2505,83
2019-04-01,Europe,United Kingdom,Clothing,Apparel,19155,5746,426
2019-04-01,Europe,United Kingdom,Clothing,Accessories,7923,1585,264
2019-04-01,Europe,United Kingdom,Furniture,Home,12161,2189,49
2019-04-01,Europe,United Kingdom,Furniture,Office,8753,1926,29
2019-04-01,Europe,Germany,Electronics,Phones,23839,2384,159
2019-04-01,Europe,Germany,Electronics,Computers,15524,2329,78
2019-04-01,Europe,Germany,Clothing,Apparel,14523,4357,323
2019-04-01,Europe,Germany,Clothing,Accessories,5616,1123,187
2019-04-01,Europe,Germany,Furniture,Home,11503,2071,46
2019-04-01,Europe,Germany,Furniture,Office,6816,1500,23
2019-04-01,Europe,France,Electronics,Phones,22000,2200,147
2019-04-01,Europe,France,Electronics,Computers,14634,2195,73
2019-04-01,Europe,France,Clothing,Apparel,16562,4969,368
2019-04-01,Europe,France,Clothing,Accessories,6186,1237,206
2019-04-01,Europe,France,Furniture,Home,10174,1831,41
2019-04-01,Europe,France,Furniture,Office,7561,1663,25
2019-04-01,Asia,Japan,Electronics,Phones,31196,3120,208
2019-04-01,Asia,Japan,Electronics,Computers,23165,3475,116
2019-04-01,Asia,Japan,Clothing,Apparel,20359,6108,452
2019-04-01,Asia,Japan,Clothing,Accessories,9077,1815,303
2019-04-01,Asia,Japan,Furniture,Home,12724,2290,51
2019-04-01,Asia,Japan,Furniture,Office,9646,2122,32
2019-04-01,Asia,China,Electronics,Phones,39487,3949,263
2019-04-01,Asia,China,Electronics,Computers,22206,3331,111
2019-04-01,Asia,China,Clothing,Apparel,22182,6655,493
2019-04-01,Asia,China,Clothing,Accessories,9525,1905,318
2019-04-01,Asia,China,Furniture,Home,16426,2957,66
2019-04-01,Asia,China,Furniture,Office,10837,2384,36
2019-04-01,Asia,India,Electronics,Phones,10848,1085,72
2019-04-01,Asia,India,Electronics,Computers,7838,1176,39
2019-04-01,Asia,India,Clothing,Apparel,7497,2249,167
2019-04-01,Asia,India,Clothing,Accessories,3114,623,104
2019-04-01,Asia,India,Furniture,Home,4884,879,20
2019-04-01,Asia,India,Furniture,Office,3189,702,11
2019-04-01,Africa,South Africa,Electronics,Phones,4779,478,32
2019-04-01,Africa,South Africa,Electronics,Computers,3013,452,15
2019-04-01,Africa,South Africa,Clothing,Apparel,2886,866,64
2019-04-01,Africa,South Africa,Clothing,Accessories,1278,256,43
2019-04-01,Africa,South Africa,Furniture,Home,1984,357,8
2019-04-01,Africa,South Africa,Furniture,Office,1319,290,4
2019-05-01,North America,United States,Electronics,Phones,48719,4872,325
2019-05-01,North America,United States,Electronics,Computers,29517,4428,148
2019-05-01,North America,United States,Clothing,Apparel,28658,8597,637
2019-05-01,North America,United States,Clothing,Accessories,12922,2584,431
2019-05-01,North America,United States,Furniture,Home,21753,3916,87
2019-05-01,North America,United States,Furniture,Office,14702,3234,49
2019-05-01,North America,Canada,Electronics,Phones,15663,1566,104
2019-05-01,North America,Canada,Electronics,Computers,10662,1599,53
2019-05-01,North America,Canada,Clothing,Apparel,10707,3212,238
2019-05-01,North America,Canada,Clothing,Accessories,4075,815,136
2019-05-01,North America,Canada,Furniture,Home,7353,1324,29
2019-05-01,North America,Canada,Furniture,Office,4767,1049,16
2019-05-01,South America,Brazil,Electronics,Phones,14421,1442,96
2019-05-01,South America,Brazil,Electronics,Computers,9774,1466,49
2019-05-01,South America,Brazil,Clothing,Apparel,8153,2446,181
2019-05-01,South America,Brazil,Clothing,Accessories,4149,830,138
2019-05-01,South America,Brazil,Furniture,Home,6199,1116,25
2019-05-01,South America,Brazil,Furniture,Office,4052,891,14
2019-05-01,Europe,United Kingdom,Electronics,Phones,30288,3029,202
2019-05-01,Europe,United Kingdom,Electronics,Computers,20866,3130,104
2019-05-01,Europe,United Kingdom,Clothing,Apparel,20197,6059,449
2019-05-01,Europe,United Kingdom,Clothing,Accessories,7250,1450,242
2019-05-01,Europe,United Kingdom,Furniture,Home,13645,2456,55
2019-05-01,Europe,United Kingdom,Furniture,Office,8217,1808,27
2019-05-01,Europe,Germany,Electronics,Phones,22694,2269,151
2019-05-01,Europe,Germany,Electronics,Computers,15798,2370,79
2019-05-01,Europe,Germany,Clothing,Apparel,15557,4667,346
2019-05-01,Europe,Germany,Clothing,Accessories,5900,1180,197
2019-05-01,Europe,Germany,Furniture,Home,12400,2232,50
2019-05-01,Europe,Germany,Furniture,Office,7136,1570,24
2019-05-01,Europe,France,Electronics,Phones,23179,2318,155
2019-05-01,Europe,France,Electronics,Computers,13953,2093,70
2019-05-01,Europe,France,Clothing,Apparel,17539,5262,390
2019-05-01,Europe,France,Clothing,Accessories,6732,1346,224
2019-05-01,Europe,France,Furniture,Home,10725,1930,43
2019-05-01,Europe,France,Furniture,Office,7482,1646,25
2019-05-01,Asia,Japan,Electronics,Phones,31278,3128,209
2019-05-01,Asia,Japan,Electronics,Computers,20956,3143,105
2019-05-01,Asia,Japan,Clothing,Apparel,22315,6694,496
2019-05-01,Asia,Japan,Clothing,Accessories,9414,1883,314
2019-05-01,Asia,Japan,Furniture,Home,14846,2672,59
2019-05-01,Asia,Japan,Furniture,Office,10100,2222,34
2019-05-01,Asia,China,Electronics,Phones,40964,4096,273
2019-05-01,Asia,China,Electronics,Computers,25740,3861,129
2019-05-01,Asia,China,Clothing,Apparel,22317,6695,496
2019-05-01,Asia,China,Clothing,Accessories,9877,1975,329
2019-05-01,Asia,China,Furniture,Home,17988,3238,72
2019-05-01,Asia,China,Furniture,Office,11103,2443,37
2019-05-01,Asia,India,Electronics,Phones,12359,1236,82
2019-05-01,Asia,India,Electronics,Computers,8283,1242,41
2019-05-01,Asia,India,Clothing,Apparel,6780,2034,151
2019-05-01,Asia,India,Clothing,Accessories,3011,602,100
2019-05-01,Asia,India,Furniture,Home,5474,985,22
2019-05-01,Asia,India,Furniture,Office,3652,803,12
2019-05-01,Africa,South Africa,Electronics,Phones,4875,488,32
2019-05-01,Africa,South Africa,Electronics,Computers,3392,509,17
2019-05-01,Africa,South Africa,Clothing,Apparel,3244,973,72
2019-05-01,Africa,South Africa,Clothing,Accessories,1336,267,45
2019-05-01,Africa,South Africa,Furniture,Home,1838,331,7
2019-05-01,Africa,South Africa,Furniture,Office,1366,301,5
2019-06-01,North America,United States,Electronics,Phones,45630,4563,304
2019-06-01,North America,United States,Electronics,Computers,31212,4682,156
2019-06-01,North America,United States,Clothing,Apparel,26229,7869,583
2019-06-01,North America,United States,Clothing,Accessories,11014,2203,367
2019-06-01,North America,United States,Furniture,Home,20730,3731,83
2019-06-01,North America,United States,Furniture,Office,14448,3179,48
2019-06-01,North America,Canada,Electronics,Phones,14215,1422,95
2019-06-01,North America,Canada,Electronics,Computers,10880,1632,54
2019-06-01,North America,Canada,Clothing,Apparel,10099,3030,224
2019-06-01,North America,Canada,Clothing,Accessories,4127,825,138
2019-06-01,North America,Canada,Furniture,Home,6802,1224,27
2019-06-01,North America,Canada,Furniture,Office,5246,1154,17
2019-06-01,South America,Brazil,Electronics,Phones,14037,1404,94
2019-06-01,South America,Brazil,Electronics,Computers,9251,1388,46
2019-06-01,South America,Brazil,Clothing,Apparel,8143,2443,181
2019-06-01,South America,Brazil,Clothing,Accessories,3564,713,119
2019-06-01,South America,Brazil,Furniture,Home,5668,1020,23
2019-06-01,South America,Brazil,Furniture,Office,4110,904,14
2019-06-01,Europe,United Kingdom,Electronics,Phones,29893,2989,199
2019-06-01,Europe,United Kingdom,Electronics,Computers,19536,2930,98
2019-06-01,Europe,United Kingdom,Clothing,Apparel,18249,5475,406
2019-06-01,Europe,United Kingdom,Clothing,Accessories,7867,1573,262
2019-06-01,Europe,United Kingdom,Furniture,Home,11594,2087,46
2019-06-01,Europe,United Kingdom,Furniture,Office,7957,1751,27
2019-06-01,Europe,Germany,Electronics,Phones,20329,2033,136
2019-06-01,Europe,Germany,Electronics,Computers,15832,2375,79
2019-06-01,Europe,Germany,Clothing,Apparel,14940,4482,332
2019-06-01,Europe,Germany,Clothing,Accessories,5481,1096,183
2019-06-01,Europe,Germany,Furniture,Home,11840,2131,47
2019-06-01,Europe,Germany,Furniture,Office,7508,1652,25
2019-06-01,Europe,France,Electronics,Phones,20462,2046,136
2019-06-01,Europe,France,Electronics,Computers,12057,1809,60
2019-06-01,Europe,France,Clothing,Apparel,14827,4448,329
2019-06-01,Europe,France,Clothing,Accessories,7093,1419,236
2019-06-01,Europe,France,Furniture,Home,9930,1787,40
2019-06-01,Europe,France,Furniture,Office,7531,1657,25
2019-06-01,Asia,Japan,Electronics,Phones,32507,3251,217
2019-06-01,Asia,Japan,Electronics,Computers,20748,3112,104
2019-06-01,Asia,Japan,Clothing,Apparel,19363,5809,430
2019-06-01,Asia,Japan,Clothing,Accessories,8251,1650,275
2019-06-01,Asia,Japan,Furniture,Home,12708,2287,51
2019-06-01,Asia,Japan,Furniture,Office,8855,1948,30
2019-06-01,Asia,China,Electronics,Phones,37759,3776,252
2019-06-01,Asia,China,Electronics,Computers,25888,3883,129
2019-06-01,Asia,China,Clothing,Apparel,22224,6667,494
2019-06-01,Asia,China,Clothing,Accessories,8951,1790,298
2019-06-01,Asia,China,Furniture,Home,17057,3070,68
2019-06-01,Asia,China,Furniture,Office,11714,2577,39
2019-06-01,Asia,India,Electronics,Phones,11691,1169,78
2019-06-01,Asia,India,Electronics,Computers,7110,1066,36
2019-06-01,Asia,India,Clothing,Apparel,7300,2190,162
2019-06-01,Asia,India,Clothing,Accessories,3105,621,104
2019-06-01,Asia,India,Furniture,Home,4666,840,19
2019-06-01,Asia,India,Furniture,Office,2987,657,10
2019-06-01,Africa,South Africa,Electronics,Phones,4438,444,30
2019-06-01,Africa,South Africa,Electronics,Computers,3558,534,18
2019-06-01,Africa,South Africa,Clothing,Apparel,2916,875,65
2019-06-01,Africa,South Africa,Clothing,Accessories,1303,261,43
2019-06-01,Africa,South Africa,Furniture,Home,1736,312,7
2019-06-01,Africa,South Africa,Furniture,Office,1267,279,4
2019-07-01,North America,United States,Electronics,Phones,46429,4643,310
2019-07-01,North America,United States,Electronics,Computers,27546,4132,138
2019-07-01,North America,United States,Clothing,Apparel,24912,7474,554
2019-07-01,North America,United States,Clothing,Accessories,12090,2418,403
2019-07-01,North America,United States,Furniture,Home,21696,3905,87
2019-07-01,North America,United States,Furniture,Office,14212,3127,47
2019-07-01,North America,Canada,Electronics,Phones,15218,1522,101
2019-07-01,North America,Canada,Electronics,Computers,9758,1464,49
2019-07-01,North America,Canada,Clothing,Apparel,9676,2903,215
2019-07-01,North America,Canada,Clothing,Accessories,4163,833,139
2019-07-01,North America,Canada,Furniture,Home,7193,1295,29
2019-07-01,North America,Canada,Furniture,Office,4735,1042,16
2019-07-01,South America,Brazil,Electronics,Phones,13885,1388,93
2019-07-01,South America,Brazil,Electronics,Computers,8014,1202,40
2019-07-01,South America,Brazil,Clothing,Apparel,7905,2372,176
2019-07-01,South America,Brazil,Clothing,Accessories,3367,673,112
2019-07-01,South America,Brazil,Furniture,Home,5207,937,21
2019-07-01,South America,Brazil,Furniture,Office,3986,877,13
2019-07-01,Europe,United Kingdom,Electronics,Phones,26203,2620,175
2019-07-01,Europe,United Kingdom,Electronics,Computers,16152,2423,81
2019-07-01,Europe,United Kingdom,Clothing,Apparel,17501,5250,389
2019-07-01,Europe,United Kingdom,Clothing,Accessories,6777,1355,226
2019-07-01,Europe,United Kingdom,Furniture,Home,11560,2081,46
2019-07-01,Europe,United Kingdom,Furniture,Office,8090,1780,27
2019-07-01,Europe,Germany,Electronics,Phones,22965,2296,153
2019-07-01,Europe,Germany,Electronics,Computers,14646,2197,73
2019-07-01,Europe,Germany,Clothing,Apparel,13413,4024,298
2019-07-01,Europe,Germany,Clothing,Accessories,6137,1227,205
2019-07-01,Europe,Germany,Furniture,Home,11036,1986,44
2019-07-01,Europe,Germany,Furniture,Office,7407,1630,25
2019-07-01,Europe,France,Electronics,Phones,17734,1773,118
2019-07-01,Europe,France,Electronics,Computers,11612,1742,58
2019-07-01,Europe,France,Clothing,Apparel,13637,4091,303
2019-07-01,Europe,France,Clothing,Accessories,6009,1202,200
2019-07-01,Europe,France,Furniture,Home,10360,1865,41
2019-07-01,Europe,France,Furniture,Office,6848,1507,23
2019-07-01,Asia,Japan,Electronics,Phones,27957,2796,186
2019-07-01,Asia,Japan,Electronics,Computers,20614,3092,103
2019-07-01,Asia,Japan,Clothing,Apparel,18135,5440,403
2019-07-01,Asia,Japan,Clothing,Accessories,7376,1475,246
2019-07-01,Asia,Japan,Furniture,Home,12263,2207,49
2019-07-01,Asia,Japan,Furniture,Office,8830,1943,29
2019-07-01,Asia,China,Electronics,Phones,33112,3311,221
2019-07-01,Asia,China,Electronics,Computers,24283,3642,121
2019-07-01,Asia,China,Clothing,Apparel,20707,6212,460
2019-07-01,Asia,China,Clothing,Accessories,8744,1749,291
2019-07-01,Asia,China,Furniture,Home,15410,2774,62
2019-07-01,Asia,China,Furniture,Office,11467,2523,38
2019-07-01,Asia,India,Electronics,Phones,10271,1027,68
2019-07-01,Asia,India,Electronics,Computers,7393,1109,37
2019-07-01,Asia,India,Clothing,Apparel,6809,2043,151
2019-07-01,Asia,India,Clothing,Accessories,3125,625,104
2019-07-01,Asia,India,Furniture,Home,4198,756,17
2019-07-01,Asia,India,Furniture,Office,3300,726,11
2019-07-01,Africa,South Africa,Electronics,Phones,4593,459,31
2019-07-01,Africa,South Africa,Electronics,Computers,3286,493,16
2019-07-01,Africa,South Africa,Clothing,Apparel,2615,784,58
2019-07-01,Africa,South Africa,Clothing,Accessories,1102,220,37
2019-07-01,Africa,South Africa,Furniture,Home,1568,282,6
2019-07-01,Africa,South Africa,Furniture,Office,1229,270,4
2019-08-01,North America,United States,Electronics,Phones,42277,4228,282
2019-08-01,North America,United States,Electronics,Computers,28567,4285,143
2019-08-01,North America,United States,Clothing,Apparel,27848,8354,619
2019-08-01,North America,United States,Clothing,Accessories,12324,2465,411
2019-08-01,North America,United States,Furniture,Home,23002,4140,92
2019-08-01,North America,United States,Furniture,Office,14061,3093,47
2019-08-01,North America,Canada,Electronics,Phones,14636,1464,98
2019-08-01,North America,Canada,Electronics,Computers,10567,1585,53
2019-08-01,North America,Canada,Clothing,Apparel,10481,3144,233
2019-08-01,North America,Canada,Clothing,Accessories,4244,849,141
2019-08-01,North America,Canada,Furniture,Home,7484,1347,30
2019-08-01,North America,Canada,Furniture,Office,4548,1001,15
2019-08-01,South America,Brazil,Electronics,Phones,13731,1373,92
2019-08-01,South America,Brazil,Electronics,Computers,8031,1205,40
2019-08-01,South America,Brazil,Clothing,Apparel,8123,2437,181
2019-08-01,South America,Brazil,Clothing,Accessories,3837,767,128
2019-08-01,South America,Brazil,Furniture,Home,5675,1022,23
2019-08-01,South America,Brazil,Furniture,Office,4266,939,14
2019-08-01,Europe,United Kingdom,Electronics,Phones,27293,2729,182
2019-08-01,Europe,United Kingdom,Electronics,Computers,19194,2879,96
2019-08-01,Europe,United Kingdom,Clothing,Apparel,16266,4880,361
2019-08-01,Europe,United Kingdom,Clothing,Accessories,7771,1554,259
2019-08-01,Europe,United Kingdom,Furniture,Home,12480,2246,50
2019-08-01,Europe,United Kingdom,Furniture,Office,7947,1748,26
2019-08-01,Europe,Germany,Electronics,Phones,24580,2458,164
2019-08-01,Europe,Germany,Electronics,Computers,14642,2196,73
2019-08-01,Europe,Germany,Clothing,Apparel,12870,3861,286
2019-08-01,Europe,Germany,Clothing,Accessories,5712,1142,190
2019-08-01,Europe,Germany,Furniture,Home,10662,1919,43
2019-08-01,Europe,Germany,Furniture,Office,6585,1449,22
2019-08-01,Europe,France,Electronics,Phones,19343,1934,129
2019-08-01,Europe,France,Electronics,Computers,14262,2139,71
2019-08-01,Europe,France,Clothing,Apparel,14634,4390,325
2019-08-01,Europe,France,Clothing,Accessories,6922,1384,231
2019-08-01,Europe,France,Furniture,Home,10594,1907,42
2019-08-01,Europe,France,Furniture,Office,6542,1439,22
2019-08-01,Asia,Japan,Electronics,Phones,32828,3283,219
2019-08-01,Asia,Japan,Electronics,Computers,20414,3062,102
2019-08-01,Asia,Japan,Clothing,Apparel,18381,5514,408
2019-08-01,Asia,Japan,Clothing,Accessories,8311,1662,277
2019-08-01,Asia,Japan,Furniture,Home,13608,2449,54
2019-08-01,Asia,Japan,Furniture,Office,8320,1830,28
2019-08-01,Asia,China,Electronics,Phones,38828,3883,259
2019-08-01,Asia,China,Electronics,Computers,23330,3500,117
2019-08-01,Asia,China,Clothing,Apparel,21741,6522,483
2019-08-01,Asia,China,Clothing,Accessories,10168,2034,339
2019-08-01,Asia,China,Furniture,Home,17346,3122,69
2019-08-01,Asia,China,Furniture,Office,10977,2415,37
2019-08-01,Asia,India,Electronics,Phones,11789,1179,79
2019-08-01,Asia,India,Electronics,Computers,8016,1202,40
2019-08-01,Asia,India,Clothing,Apparel,6868,2060,153
2019-08-01,Asia,India,Clothing,Accessories,3283,657,109
2019-08-01,Asia,India,Furniture,Home,4725,850,19
2019-08-01,Asia,India,Furniture,Office,3039,669,10
2019-08-01,Africa,South Africa,Electronics,Phones,5298,530,35
2019-08-01,Africa,South Africa,Electronics,Computers,3513,527,18
2019-08-01,Africa,South Africa,Clothing,Apparel,2781,834,62
2019-08-01,Africa,South Africa,Clothing,Accessories,1150,230,38
2019-08-01,Africa,South Africa,Furniture,Home,1906,343,8
2019-08-01,Africa,South Africa,Furniture,Office,1126,248,4
2019-09-01,North America,United States,Electronics,Phones,53019,5302,353
2019-09-01,North America,United States,Electronics,Computers,34371,5156,172
2019-09-01,North America,United States,Clothing,Apparel,29428,8828,654
2019-09-01,North America,United States,Clothing,Accessories,13146,2629,438
2019-09-01,North America,United States,Furniture,Home,24347,4382,97
2019-09-01,North America,United States,Furniture,Office,14299,3146,48
2019-09-01,North America,Canada,Electronics,Phones,18154,1815,121
2019-09-01,North America,Canada,Electronics,Computers,10705,1606,54
2019-09-01,North America,Canada,Clothing,Apparel,11107,3332,247
2019-09-01,North America,Canada,Clothing,Accessories,4300,860,143
2019-09-01,North America,Canada,Furniture,Home,8905,1603,36
2019-09-01,North America,Canada,Furniture,Office,5577,1227,19
2019-09-01,South America,Brazil,Electronics,Phones,15313,1531,102
2019-09-01,South America,Brazil,Electronics,Computers,8953,1343,45
2019-09-01,South America,Brazil,Clothing,Apparel,9813,2944,218
2019-09-01,South America,Brazil,Clothing,Accessories,3984,797,133
2019-09-01,South America,Brazil,Furniture,Home,6591,1186,26
2019-09-01,South America,Brazil,Furniture,Office,4545,1000,15
2019-09-01,Europe,United Kingdom,Electronics,Phones,30233,3023,202
2019-09-01,Europe,United Kingdom,Electronics,Computers,18854,2828,94
2019-09-01,Europe,United Kingdom,Clothing,Apparel,20465,6140,455
2019-09-01,Europe,United Kingdom,Clothing,Accessories,8661,1732,289
2019-09-01,Europe,United Kingdom,Furniture,Home,12969,2334,52
2019-09-01,Europe,United Kingdom,Furniture,Office,9295,2045,31
2019-09-01,Europe,Germany,Electronics,Phones,25798,2580,172
2019-09-01,Europe,Germany,Electronics,Computers,15891,2384,79
2019-09-01,Europe,Germany,Clothing,Apparel,16090,4827,358
2019-09-01,Europe,Germany,Clothing,Accessories,6263,1253,209
2019-09-01,Europe,Germany,Furniture,Home,12959,2333,52
2019-09-01,Europe,Germany,Furniture,Office,7463,1642,25
2019-09-01,Europe,France,Electronics,Phones,23260,2326,155
2019-09-01,Europe,France,Electronics,Computers,13721,2058,69
2019-09-01,Europe,France,Clothing,Apparel,15995,4798,355
2019-09-01,Europe,France,Clothing,Accessories,6843,1369,228
2019-09-01,Europe,France,Furniture,Home,10788,1942,43
2019-09-01,Europe,France,Furniture,Office,7194,1583,24
2019-09-01,Asia,Japan,Electronics,Phones,33451,3345,223
2019-09-01,Asia,Japan,Electronics,Computers,23519,3528,118
2019-09-01,Asia,Japan,Clothing,Apparel,20744,6223,461
2019-09-01,Asia,Japan,Clothing,Accessories,9839,1968,328
2019-09-01,Asia,Japan,Furniture,Home,14249,2565,57
2019-09-01,Asia,Japan,Furniture,Office,8992,1978,30
2019-09-01,Asia,China,Electronics,Phones,40489,4049,270
2019-09-01,Asia,China,Electronics,Computers,25433,3815,127
2019-09-01,Asia,China,Clothing,Apparel,27395,8218,609
2019-09-01,Asia,China,Clothing,Accessories,10439,2088,348
2019-09-01,Asia,China,Furniture,Home,17028,3065,68
2019-09-01,Asia,China,Furniture,Office,13038,2868,43
2019-09-01,Asia,India,Electronics,Phones,13145,1314,88
2019-09-01,Asia,India,Electronics,Computers,8647,1297,43
2019-09-01,Asia,India,Clothing,Apparel,8145,2444,181
2019-09-01,Asia,India,Clothing,Accessories,3140,628,105
2019-09-01,Asia,India,Furniture,Home,4960,893,20
2019-09-01,Asia,India,Furniture,Office,3610,794,12
2019-09-01,Africa,South Africa,Electronics,Phones,5644,564,38
2019-09-01,Africa,South Africa,Electronics,Computers,3314,497,17
2019-09-01,Africa,South Africa,Clothing,Apparel,2998,899,67
2019-09-01,Africa,South Africa,Clothing,Accessories,1278,256,43
2019-09-01,Africa,South Africa,Furniture,Home,2224,400,9
2019-09-01,Africa,South Africa,Furniture,Office,1296,285,4
2019-10-01,North America,United States,Electronics,Phones,52800,5280,352
2019-10-01,North America,United States,Electronics,Computers,32616,4892,163
2019-10-01,North America,United States,Clothing,Apparel,30937,9281,687
2019-10-01,North America,United States,Clothing,Accessories,12875,2575,429
2019-10-01,North America,United States,Furniture,Home,23778,4280,95
2019-10-01,North America,United States,Furniture,Office,17543,3859,58
2019-10-01,North America,Canada,Electronics,Phones,17063,1706,114
2019-10-01,North America,Canada,Electronics,Computers,12382,1857,62
2019-10-01,North America,Canada,Clothing,Apparel,10643,3193,237
2019-10-01,North America,Canada,Clothing,Accessories,5220,1044,174
2019-10-01,North America,Canada,Furniture,Home,7736,1392,31
2019-10-01,North America,Canada,Furniture,Office,6072,1336,20
2019-10-01,South America,Brazil,Electronics,Phones,16109,1611,107
2019-10-01,South America,Brazil,Electronics,Computers,9714,1457,49
2019-10-01,South America,Brazil,Clothing,Apparel,9644,2893,214
2019-10-01,South America,Brazil,Clothing,Accessories,4201,840,140
2019-10-01,South America,Brazil,Furniture,Home,7263,1307,29
2019-10-01,South America,Brazil,Furniture,Office,5085,1119,17
2019-10-01,Europe,United Kingdom,Electronics,Phones,29311,2931,195
2019-10-01,Europe,United Kingdom,Electronics,Computers,22612,3392,113
2019-10-01,Europe,United Kingdom,Clothing,Apparel,19369,5811,430
2019-10-01,Europe,United Kingdom,Clothing,Accessories,8687,1737,290
2019-10-01,Europe,United Kingdom,Furniture,Home,15493,2789,62
2019-10-01,Europe,United Kingdom,Furniture,Office,9023,1985,30
2019-10-01,Europe,Germany,Electronics,Phones,25636,2564,171
2019-10-01,Europe,Germany,Electronics,Computers,18717,2808,94
2019-10-01,Europe,Germany,Clothing,Apparel,17537,5261,390
2019-10-01,Europe,Germany,Clothing,Accessories,7302,1460,243
2019-10-01,Europe,Germany,Furniture,Home,13521,2434,54
2019-10-01,Europe,Germany,Furniture,Office,7850,1727,26
2019-10-01,Europe,France,Electronics,Phones,24317,2432,162
2019-10-01,Europe,France,Electronics,Computers,14223,2133,71
2019-10-01,Europe,France,Clothing,Apparel,19810,5943,440
2019-10-01,Europe,France,Clothing,Accessories,7268,1454,242
2019-10-01,Europe,France,Furniture,Home,11852,2133,47
2019-10-01,Europe,France,Furniture,Office,8182,1800,27
2019-10-01,Asia,Japan,Electronics,Phones,39101,3910,261
2019-10-01,Asia,Japan,Electronics,Computers,25458,3819,127
2019-10-01,Asia,Japan,Clothing,Apparel,21686,6506,482
2019-10-01,Asia,Japan,Clothing,Accessories,9688,1938,323
2019-10-01,Asia,Japan,Furniture,Home,15158,2728,61
2019-10-01,Asia,Japan,Furniture,Office,9420,2072,31
2019-10-01,Asia,China,Electronics,Phones,44114,4411,294
2019-10-01,Asia,China,Electronics,Computers,30283,4542,151
2019-10-01,Asia,China,Clothing,Apparel,28979,8694,644
2019-10-01,Asia,China,Clothing,Accessories,10507,2101,350
2019-10-01,Asia,China,Furniture,Home,21523,3874,86
2019-10-01,Asia,China,Furniture,Office,12211,2686,41
2019-10-01,Asia,India,Electronics,Phones,12537,1254,84
2019-10-01,Asia,India,Electronics,Computers,7736,1160,39
2019-10-01,Asia,India,Clothing,Apparel,7878,2363,175
2019-10-01,Asia,India,Clothing,Accessories,3414,683,114
2019-10-01,Asia,India,Furniture,Home,5905,1063,24
2019-10-01,Asia,India,Furniture,Office,3916,862,13
2019-10-01,Africa,South Africa,Electronics,Phones,5976,598,40
2019-10-01,Africa,South Africa,Electronics,Computers,3840,576,19
2019-10-01,Africa,South Africa,Clothing,Apparel,3352,1006,74
2019-10-01,Africa,South Africa,Clothing,Accessories,1554,311,52
2019-10-01,Africa,South Africa,Furniture,Home,2199,396,9
2019-10-01,Africa,South Africa,Furniture,Office,1372,302,5
2019-11-01,North America,United States,Electronics,Phones,66146,6615,441
2019-11-01,North America,United States,Electronics,Computers,45656,6848,228
2019-11-01,North America,United States,Clothing,Apparel,37652,11296,837
2019-11-01,North America,United States,Clothing,Accessories,18126,3625,604
2019-11-01,North America,United States,Furniture,Home,29181,5253,117
2019-11-01,North America,United States,Furniture,Office,19852,4367,66
2019-11-01,North America,Canada,Electronics,Phones,22721,2272,151
2019-11-01,North America,Canada,Electronics,Computers,14295,2144,71
2019-11-01,North America,Canada,Clothing,Apparel,15311,4593,340
2019-11-01,North America,Canada,Clothing,Accessories,6217,1243,207
2019-11-01,North America,Canada,Furniture,Home,11563,2081,46
2019-11-01,North America,Canada,Furniture,Office,6398,1408,21
2019-11-01,South America,Brazil,Electronics,Phones,19868,1987,132
2019-11-01,South America,Brazil,Electronics,Computers,11992,1799,60
2019-11-01,South America,Brazil,Clothing,Apparel,13148,3944,292
2019-11-01,South America,Brazil,Clothing,Accessories,5638,1128,188
2019-11-01,South America,Brazil,Furniture,Home,9428,1697,38
2019-11-01,South America,Brazil,Furniture,Office,5355,1178,18
2019-11-01,Europe,United Kingdom,Electronics,Phones,39439,3944,263
2019-11-01,Europe,United Kingdom,Electronics,Computers,24972,3746,125
2019-11-01,Europe,United Kingdom,Clothing,Apparel,28013,8404,623
2019-11-01,Europe,United Kingdom,Clothing,Accessories,9987,1997,333
2019-11-01,Europe,United Kingdom,Furniture,Home,16584,2985,66
2019-11-01,Europe,United Kingdom,Furniture,Office,12041,2649,40
2019-11-01,Europe,Germany,Electronics,Phones,31854,3185,212
2019-11-01,Europe,Germany,Electronics,Computers,20507,3076,103
2019-11-01,Europe,Germany,Clothing,Apparel,20317,6095,451
2019-11-01,Europe,Germany,Clothing,Accessories,9308,1862,310
2019-11-01,Europe,Germany,Furniture,Home,15638,2815,63
2019-11-01,Europe,Germany,Furniture,Office,11286,2483,38
2019-11-01,Europe,France,Electronics,Phones,28664,2866,191
2019-11-01,Europe,France,Electronics,Computers,17841,2676,89
2019-11-01,Europe,France,Clothing,Apparel,22521,6756,500
2019-11-01,Europe,France,Clothing,Accessories,9953,1991,332
2019-11-01,Europe,France,Furniture,Home,13738,2473,55
2019-11-01,Europe,France,Furniture,Office,9775,2150,33
2019-11-01,Asia,Japan,Electronics,Phones,46172,4617,308
2019-11-01,Asia,Japan,Electronics,Computers,27391,4109,137
2019-11-01,Asia,Japan,Clothing,Apparel,26332,7900,585
2019-11-01,Asia,Japan,Clothing,Accessories,12547,2509,418
2019-11-01,Asia,Japan,Furniture,Home,19774,3559,79
2019-11-01,Asia,Japan,Furniture,Office,12373,2722,41
2019-11-01,Asia,China,Electronics,Phones,52762,5276,352
2019-11-01,Asia,China,Electronics,Computers,33057,4959,165
2019-11-01,Asia,China,Clothing,Apparel,33899,10170,753
2019-11-01,Asia,China,Clothing,Accessories,15312,3062,510
2019-11-01,Asia,China,Furniture,Home,23909,4304,96
2019-11-01,Asia,China,Furniture,Office,14927,3284,50
2019-11-01,Asia,India,Electronics,Phones,14926,1493,100
2019-11-01,Asia,India,Electronics,Computers,10439,1566,52
2019-11-01,Asia,India,Clothing,Apparel,10365,3110,230
2019-11-01,Asia,India,Clothing,Accessories,4495,899,150
2019-11-01,Asia,India,Furniture,Home,6985,1257,28
2019-11-01,Asia,India,Furniture,Office,4829,1062,16
2019-11-01,Africa,South Africa,Electronics,Phones,7326,733,49
2019-11-01,Africa,South Africa,Electronics,Computers,4321,648,22
2019-11-01,Africa,South Africa,Clothing,Apparel,4309,1293,96
2019-11-01,Africa,South Africa,Clothing,Accessories,1658,332,55
2019-11-01,Africa,South Africa,Furniture,Home,2550,459,10
2019-11-01,Africa,South Africa,Furniture,Office,1872,412,6
2019-12-01,North America,United States,Electronics,Phones,83029,8303,554
2019-12-01,North America,United States,Electronics,Computers,48541,7281,243
2019-12-01,North America,United States,Clothing,Apparel,47479,14244,1055
2019-12-01,North America,United States,Clothing,Accessories,21078,4216,703
2019-12-01,North America,United States,Furniture,Home,32233,5802,129
2019-12-01,North America,United States,Furniture,Office,22048,4851,73
2019-12-01,North America,Canada,Electronics,Phones,23503,2350,157
2019-12-01,North America,Canada,Electronics,Computers,17615,2642,88
2019-12-01,North America,Canada,Clothing,Apparel,17278,5183,384
2019-12-01,North America,Canada,Clothing,Accessories,6533,1307,218
2019-12-01,North America,Canada,Furniture,Home,12425,2236,50
2019-12-01,North America,Canada,Furniture,Office,7597,1671,25
2019-12-01,South America,Brazil,Electronics,Phones,24203,2420,161
2019-12-01,South America,Brazil,Electronics,Computers,14538,2181,73
2019-12-01,South America,Brazil,Clothing,Apparel,14060,4218,312
2019-12-01,South America,Brazil,Clothing,Accessories,6420,1284,214
2019-12-01,South America,Brazil,Furniture,Home,10569,1902,42
2019-12-01,South America,Brazil,Furniture,Office,6223,1369,21
2019-12-01,Europe,United Kingdom,Electronics,Phones,44803,4480,299
2019-12-01,Europe,United Kingdom,Electronics,Computers,32982,4947,165
2019-12-01,Europe,United Kingdom,Clothing,Apparel,31539,9462,701
2019-12-01,Europe,United Kingdom,Clothing,Accessories,12887,2577,430
2019-12-01,Europe,United Kingdom,Furniture,Home,21362,3845,85
2019-12-01,Europe,United Kingdom,Furniture,Office,13372,2942,45
2019-12-01,Europe,Germany,Electronics,Phones,38667,3867,258
2019-12-01,Europe,Germany,Electronics,Computers,27266,4090,136
2019-12-01,Europe,Germany,Clothing,Apparel,21909,6573,487
2019-12-01,Europe,Germany,Clothing,Accessories,10127,2025,338
2019-12-01,Europe,Germany,Furniture,Home,18344,3302,73
2019-12-01,Europe,Germany,Furniture,Office,11058,2433,37
2019-12-01,Europe,France,Electronics,Phones,36338,3634,242
2019-12-01,Europe,France,Electronics,Computers,23795,3569,119
2019-12-01,Europe,France,Clothing,Apparel,25911,7773,576
2019-12-01,Europe,France,Clothing,Accessories,11161,2232,372
2019-12-01,Europe,France,Furniture,Home,18671,3361,75
2019-12-01,Europe,France,Furniture,Office,10739,2363,36
2019-12-01,Asia,Japan,Electronics,Phones,53501,5350,357
2019-12-01,Asia,Japan,Electronics,Computers,36735,5510,184
2019-12-01,Asia,Japan,Clothing,Apparel,30631,9189,681
2019-12-01,Asia,Japan,Clothing,Accessories,13862,2772,462
2019-12-01,Asia,Japan,Furniture,Home,22733,4092,91
2019-12-01,Asia,Japan,Furniture,Office,15994,3519,53
2019-12-01,Asia,China,Electronics,Phones,60827,6083,406
2019-12-01,Asia,China,Electronics,Computers,39584,5938,198
2019-12-01,Asia,China,Clothing,Apparel,41444,12433,921
2019-12-01,Asia,China,Clothing,Accessories,17555,3511,585
2019-12-01,Asia,China,Furniture,Home,29851,5373,119
2019-12-01,Asia,China,Furniture,Office,18052,3971,60
2019-12-01,Asia,India,Electronics,Phones,19924,1992,133
2019-12-01,Asia,India,Electronics,Computers,13299,1995,66
2019-12-01,Asia,India,Clothing,Apparel,11706,3512,260
2019-12-01,Asia,India,Clothing,Accessories,4693,939,156
2019-12-01,Asia,India,Furniture,Home,7962,1433,32
2019-12-01,Asia,India,Furniture,Office,5619,1236,19
2019-12-01,Africa,South Africa,Electronics,Phones,8506,851,57
2019-12-01,Africa,South Africa,Electronics,Computers,5185,778,26
2019-12-01,Africa,South Africa,Clothing,Apparel,4918,1475,109
2019-12-01,Africa,South Africa,Clothing,Accessories,2172,434,72
2019-12-01,Africa,South Africa,Furniture,Home,3168,570,13
2019-12-01,Africa,South Africa,Furniture,Office,2202,484,7
2020-01-01,North America,United States,Electronics,Phones,42841,4284,286
2020-01-01,North America,United States,Electronics,Computers,26158,3924,131
2020-01-01,North America,United States,Clothing,Apparel,26613,7984,591
2020-01-01,North America,United States,Clothing,Accessories,10663,2133,355
2020-01-01,North America,United States,Furniture,Home,18873,3397,75
2020-01-01,North America,United States,Furniture,Office,13431,2955,45
2020-01-01,North America,Canada,Electronics,Phones,15250,1525,102
2020-01-01,North America,Canada,Electronics,Computers,9553,1433,48
2020-01-01,North America,Canada,Clothing,Apparel,9922,2977,220
2020-01-01,North America,Canada,Clothing,Accessories,3898,780,130
2020-01-01,North America,Canada,Furniture,Home,6937,1249,28
2020-01-01,North America,Canada,Furniture,Office,4293,944,14
2020-01-01,South America,Brazil,Electronics,Phones,11300,1130,75
2020-01-01,South America,Brazil,Electronics,Computers,7920,1188,40
2020-01-01,South America,Brazil,Clothing,Apparel,7760,2328,172
2020-01-01,South America,Brazil,Clothing,Accessories,3386,677,113
2020-01-01,South America,Brazil,Furniture,Home,5751,1035,23
2020-01-01,South America,Brazil,Furniture,Office,3648,803,12
2020-01-01,Europe,United Kingdom,Electronics,Phones,26282,2628,175
2020-01-01,Europe,United Kingdom,Electronics,Computers,17833,2675,89
2020-01-01,Europe,United Kingdom,Clothing,Apparel,15535,4660,345
2020-01-01,Europe,United Kingdom,Clothing,Accessories,7439,1488,248
2020-01-01,Europe,United Kingdom,Furniture,Home,11815,2127,47
2020-01-01,Europe,United Kingdom,Furniture,Office,7453,1640,25
2020-01-01,Europe,Germany,Electronics,Phones,18634,1863,124
2020-01-01,Europe,Germany,Electronics,Computers,12752,1913,64
2020-01-01,Europe,Germany,Clothing,Apparel,13426,4028,298
2020-01-01,Europe,Germany,Clothing,Accessories,5231,1046,174
2020-01-01,Europe,Germany,Furniture,Home,10517,1893,42
2020-01-01,Europe,Germany,Furniture,Office,6225,1370,21
2020-01-01,Europe,France,Electronics,Phones,17579,1758,117
2020-01-01,Europe,France,Electronics,Computers,11631,1745,58
2020-01-01,Europe,France,Clothing,Apparel,15252,4576,339
2020-01-01,Europe,France,Clothing,Accessories,6354,1271,212
2020-01-01,Europe,France,Furniture,Home,9072,1633,36
2020-01-01,Europe,France,Furniture,Office,6626,1458,22
2020-01-01,Asia,Japan,Electronics,Phones,26229,2623,175
2020-01-01,Asia,Japan,Electronics,Computers,20502,3075,103
2020-01-01,Asia,Japan,Clothing,Apparel,16732,5020,372
2020-01-01,Asia,Japan,Clothing,Accessories,8364,1673,279
2020-01-01,Asia,Japan,Furniture,Home,12828,2309,51
2020-01-01,Asia,Japan,Furniture,Office,8757,1927,29
2020-01-01,Asia,China,Electronics,Phones,35006,3501,233
2020-01-01,Asia,China,Electronics,Computers,22531,3380,113
2020-01-01,Asia,China,Clothing,Apparel,19684,5905,437
2020-01-01,Asia,China,Clothing,Accessories,9409,1882,314
2020-01-01,Asia,China,Furniture,Home,16512,2972,66
2020-01-01,Asia,China,Furniture,Office,9946,2188,33
2020-01-01,Asia,India,Electronics,Phones,10346,1035,69
2020-01-01,Asia,India,Electronics,Computers,7247,1087,36
2020-01-01,Asia,India,Clothing,Apparel,6346,1904,141
2020-01-01,Asia,India,Clothing,Accessories,3036,607,101
2020-01-01,Asia,India,Furniture,Home,4875,878,20
2020-01-01,Asia,India,Furniture,Office,2857,629,10
2020-01-01,Africa,South Africa,Electronics,Phones,4498,450,30
2020-01-01,Africa,South Africa,Electronics,Computers,2679,402,13
2020-01-01,Africa,South Africa,Clothing,Apparel,2468,740,55
2020-01-01,Africa,South Africa,Clothing,Accessories,1140,228,38
2020-01-01,Africa,South Africa,Furniture,Home,1763,317,7
2020-01-01,Africa,South Africa,Furniture,Office,1195,263,4
2020-02-01,North America,United States,Electronics,Phones,41708,4171,278
2020-02-01,North America,United States,Electronics,Computers,28230,4234,141
2020-02-01,North America,United States,Clothing,Apparel,25341,7602,563
2020-02-01,North America,United States,Clothing,Accessories,10742,2148,358
2020-02-01,North America,United States,Furniture,Home,19190,3454,77
2020-02-01,North America,United States,Furniture,Office,12286,2703,41
2020-02-01,North America,Canada,Electronics,Phones,13312,1331,89
2020-02-01,North America,Canada,Electronics,Computers,9175,1376,46
2020-02-01,North America,Canada,Clothing,Apparel,9312,2794,207
2020-02-01,North America,Canada,Clothing,Accessories,3501,700,117
2020-02-01,North America,Canada,Furniture,Home,5856,1054,23
2020-02-01,North America,Canada,Furniture,Office,4326,952,14
2020-02-01,South America,Brazil,Electronics,Phones,10758,1076,72
2020-02-01,South America,Brazil,Electronics,Computers,7152,1073,36
2020-02-01,South America,Brazil,Clothing,Apparel,7324,2197,163
2020-02-01,South America,Brazil,Clothing,Accessories,3053,611,102
2020-02-01,South America,Brazil,Furniture,Home,5142,926,21
2020-02-01,South America,Brazil,Furniture,Office,3517,774,12
2020-02-01,Europe,United Kingdom,Electronics,Phones,21738,2174,145
2020-02-01,Europe,United Kingdom,Electronics,Computers,15913,2387,80
2020-02-01,Europe,United Kingdom,Clothing,Apparel,14470,4341,322
2020-02-01,Europe,United Kingdom,Clothing,Accessories,6300,1260,210
2020-02-01,Europe,United Kingdom,Furniture,Home,10871,1957,43
2020-02-01,Europe,United Kingdom,Furniture,Office,6475,1424,22
2020-02-01,Europe,Germany,Electronics,Phones,17965,1796,120
2020-02-01,Europe,Germany,Electronics,Computers,12411,1862,62
2020-02-01,Europe,Germany,Clothing,Apparel,11079,3324,246
2020-02-01,Europe,Germany,Clothing,Accessories,5668,1134,189
2020-02-01,Europe,Germany,Furniture,Home,9607,1729,38
2020-02-01,Europe,Germany,Furniture,Office,6463,1422,22
2020-02-01,Europe,France,Electronics,Phones,17183,1718,115
2020-02-01,Europe,France,Electronics,Computers,11644,1747,58
2020-02-01,Europe,France,Clothing,Apparel,13010,3903,289
2020-02-01,Europe,France,Clothing,Accessories,6064,1213,202
2020-02-01,Europe,France,Furniture,Home,8545,1538,34
2020-02-01,Europe,France,Furniture,Office,5581,1228,19
2020-02-01,Asia,Japan,Electronics,Phones,25412,2541,169
2020-02-01,Asia,Japan,Electronics,Computers,16523,2478,83
2020-02-01,Asia,Japan,Clothing,Apparel,17059,5118,379
2020-02-01,Asia,Japan,Clothing,Accessories,7181,1436,239
2020-02-01,Asia,Japan,Furniture,Home,11562,2081,46
2020-02-01,Asia,Japan,Furniture,Office,7027,1546,23
2020-02-01,Asia,China,Electronics,Phones,29555,2956,197
2020-02-01,Asia,China,Electronics,Computers,19671,2951,98
2020-02-01,Asia,China,Clothing,Apparel,18821,5646,418
2020-02-01,Asia,China,Clothing,Accessories,8114,1623,270
2020-02-01,Asia,China,Furniture,Home,13784,2481,55
2020-02-01,Asia,China,Furniture,Office,10230,2251,34
2020-02-01,Asia,India,Electronics,Phones,9447,945,63
2020-02-01,Asia,India,Electronics,Computers,6882,1032,34
2020-02-01,Asia,India,Clothing,Apparel,6480,1944,144
2020-02-01,Asia,India,Clothing,Accessories,2859,572,95
2020-02-01,Asia,India,Furniture,Home,3763,677,15
2020-02-01,Asia,India,Furniture,Office,2876,633,10
2020-02-01,Africa,South Africa,Electronics,Phones,4128,413,28
2020-02-01,Africa,South Africa,Electronics,Computers,3007,451,15
2020-02-01,Africa,South Africa,Clothing,Apparel,2490,747,55
2020-02-01,Africa,South Africa,Clothing,Accessories,1069,214,36
2020-02-01,Africa,South Africa,Furniture,Home,1709,308,7
2020-02-01,Africa,South Africa,Furniture,Office,1081,238,4
2020-03-01,North America,United States,Electronics,Phones,42754,4275,285
2020-03-01,North America,United States,Electronics,Computers,32021,4803,160
2020-03-01,North America,United States,Clothing,Apparel,30046,9014,668
2020-03-01,North America,United States,Clothing,Accessories,11555,2311,385
2020-03-01,North America,United States,Furniture,Home,20860,3755,83
2020-03-01,North America,United States,Furniture,Office,13196,2903,44
2020-03-01,North America,Canada,Electronics,Phones,15997,1600,107
2020-03-01,North America,Canada,Electronics,Computers,10489,1573,52
2020-03-01,North America,Canada,Clothing,Apparel,9415,2824,209
2020-03-01,North America,Canada,Clothing,Accessories,4389,878,146
2020-03-01,North America,Canada,Furniture,Home,7018,1263,28
2020-03-01,North America,Canada,Furniture,Office,4298,946,14
2020-03-01,South America,Brazil,Electronics,Phones,14043,1404,94
2020-03-01,South America,Brazil,Electronics,Computers,8138,1221,41
2020-03-01,South America,Brazil,Clothing,Apparel,8300,2490,184
2020-03-01,South America,Brazil,Clothing,Accessories,3865,773,129
2020-03-01,South America,Brazil,Furniture,Home,5519,993,22
2020-03-01,South America,Brazil,Furniture,Office,4301,946,14
2020-03-01,Europe,United Kingdom,Electronics,Phones,26807,2681,179
2020-03-01,Europe,United Kingdom,Electronics,Computers,15989,2398,80
2020-03-01,Europe,United Kingdom,Clothing,Apparel,15746,4724,350
2020-03-01,Europe,United Kingdom,Clothing,Accessories,7642,1528,255
2020-03-01,Europe,United Kingdom,Furniture,Home,12472,2245,50
2020-03-01,Europe,United Kingdom,Furniture,Office,8458,1861,28
2020-03-01,Europe,Germany,Electronics,Phones,21544,2154,144
2020-03-01,Europe,Germany,Electronics,Computers,13428,2014,67
2020-03-01,Europe,Germany,Clothing,Apparel,13900,4170,309
2020-03-01,Europe,Germany,Clothing,Accessories,6152,1230,205
2020-03-01,Europe,Germany,Furniture,Home,11656,2098,47
2020-03-01,Europe,Germany,Furniture,Office,7485,1647,25
2020-03-01,Europe,France,Electronics,Phones,20082,2008,134
2020-03-01,Europe,France,Electronics,Computers,14151,2123,71
2020-03-01,Europe,France,Clothing,Apparel,15924,4777,354
2020-03-01,Europe,France,Clothing,Accessories,6053,1211,202
2020-03-01,Europe,France,Furniture,Home,9969,1794,40
2020-03-01,Europe,France,Furniture,Office,6475,1424,22
2020-03-01,Asia,Japan,Electronics,Phones,28208,2821,188
2020-03-01,Asia,Japan,Electronics,Computers,18669,2800,93
2020-03-01,Asia,Japan,Clothing,Apparel,20450,6135,454
2020-03-01,Asia,Japan,Clothing,Accessories,8373,1675,279
2020-03-01,Asia,Japan,Furniture,Home,13202,2376,53
2020-03-01,Asia,Japan,Furniture,Office,8199,1804,27
2020-03-01,Asia,China,Electronics,Phones,33761,3376,225
2020-03-01,Asia,China,Electronics,Computers,23120,3468,116
2020-03-01,Asia,China,Clothing,Apparel,22647,6794,503
2020-03-01,Asia,China,Clothing,Accessories,9333,1867,311
2020-03-01,Asia,China,Furniture,Home,14955,2692,60
2020-03-01,Asia,China,Furniture,Office,11419,2512,38
2020-03-01,Asia,India,Electronics,Phones,10716,1072,71
2020-03-01,Asia,India,Electronics,Computers,7295,1094,36
2020-03-01,Asia,India,Clothing,Apparel,7061,2118,157
2020-03-01,Asia,India,Clothing,Accessories,3107,621,104
2020-03-01,Asia,India,Furniture,Home,4811,866,19
2020-03-01,Asia,India,Furniture,Office,3280,722,11
2020-03-01,Africa,South Africa,Electronics,Phones,4326,433,29
2020-03-01,Africa,South Africa,Electronics,Computers,3423,513,17
2020-03-01,Africa,South Africa,Clothing,Apparel,2542,763,56
2020-03-01,Africa,South Africa,Clothing,Accessories,1250,250,42
2020-03-01,Africa,South Africa,Furniture,Home,1703,307,7
2020-03-01,Africa,South Africa,Furniture,Office,1085,239,4
2020-04-01,North America,United States,Electronics,Phones,49442,4944,330
2020-04-01,North America,United States,Electronics,Computers,30910,4636,155
2020-04-01,North America,United States,Clothing,Apparel,28601,8580,636
2020-04-01,North America,United States,Clothing,Accessories,12923,2585,431
2020-04-01,North America,United States,Furniture,Home,21796,3923,87
2020-04-01,North America,United States,Furniture,Office,14705,3235,49
2020-04-01,North America,Canada,Electronics,Phones,14512,1451,97
2020-04-01,North America,Canada,Electronics,Computers,10206,1531,51
2020-04-01,North America,Canada,Clothing,Apparel,10833,3250,241
2020-04-01,North America,Canada,Clothing,Accessories,4422,884,147
2020-04-01,North America,Canada,Furniture,Home,8203,1477,33
2020-04-01,North America,Canada,Furniture,Office,4652,1023,16
2020-04-01,South America,Brazil,Electronics,Phones,14261,1426,95
2020-04-01,South America,Brazil,Electronics,Computers,9942,1491,50
2020-04-01,South America,Brazil,Clothing,Apparel,9281,2784,206
2020-04-01,South America,Brazil,Clothing,Accessories,3928,786,131
2020-04-01,South America,Brazil,Furniture,Home,6101,1098,24
2020-04-01,South America,Brazil,Furniture,Office,4549,1001,15
2020-04-01,Europe,United Kingdom,Electronics,Phones,28472,2847,190
2020-04-01,Europe,United Kingdom,Electronics,Computers,18987,2848,95
2020-04-01,Europe,United Kingdom,Clothing,Apparel,16883,5065,375
2020-04-01,Europe,United Kingdom,Clothing,Accessories,7050,1410,235
2020-04-01,Europe,United Kingdom,Furniture,Home,12762,2297,51
2020-04-01,Europe,United Kingdom,Furniture,Office,8409,1850,28
2020-04-01,Europe,Germany,Electronics,Phones,25233,2523,168
2020-04-01,Europe,Germany,Electronics,Computers,14838,2226,74
2020-04-01,Europe,Germany,Clothing,Apparel,15332,4600,341
2020-04-01,Europe,Germany,Clothing,Accessories,6765,1353,226
2020-04-01,Europe,Germany,Furniture,Home,10916,1965,44
2020-04-01,Europe,Germany,Furniture,Office,7381,1624,25
2020-04-01,Europe,France,Electronics,Phones,21261,2126,142
2020-04-01,Europe,France,Electronics,Computers,13807,2071,69
2020-04-01,Europe,France,Clothing,Apparel,14978,4493,333
2020-04-01,Europe,France,Clothing,Accessories,6502,1300,217
2020-04-01,Europe,France,Furniture,Home,11355,2044,45
2020-04-01,Europe,France,Furniture,Office,6661,1465,22
2020-04-01,Asia,Japan,Electronics,Phones,30478,3048,203
2020-04-01,Asia,Japan,Electronics,Computers,23002,3450,115
2020-04-01,Asia,Japan,Clothing,Apparel,21890,6567,486
2020-04-01,Asia,Japan,Clothing,Accessories,9380,1876,313
2020-04-01,Asia,Japan,Furniture,Home,14963,2693,60
2020-04-01,Asia,Japan,Furniture,Office,10089,2220,34
2020-04-01,Asia,China,Electronics,Phones,37270,3727,248
2020-04-01,Asia,China,Electronics,Computers,25289,3793,126
2020-04-01,Asia,China,Clothing,Apparel,22392,6718,498
2020-04-01,Asia,China,Clothing,Accessories,9149,1830,305
2020-04-01,Asia,China,Furniture,Home,16120,2902,64
2020-04-01,Asia,China,Furniture,Office,12213,2687,41
2020-04-01,Asia,India,Electronics,Phones,11239,1124,75
2020-04-01,Asia,India,Electronics,Computers,7258,1089,36
2020-04-01,Asia,India,Clothing,Apparel,6760,2028,150
2020-04-01,Asia,India,Clothing,Accessories,3227,645,108
2020-04-01,Asia,India,Furniture,Home,4607,829,18
2020-04-01,Asia,India,Furniture,Office,3419,752,11
2020-04-01,Africa,South Africa,Electronics,Phones,5409,541,36
2020-04-01,Africa,South Africa,Electronics,Computers,3217,483,16
2020-04-01,Africa,South Africa,Clothing,Apparel,2893,868,64
2020-04-01,Africa,South Africa,Clothing,Accessories,1281,256,43
2020-04-01,Africa,South Africa,Furniture,Home,1805,325,7
2020-04-01,Africa,South Africa,Furniture,Office,1273,280,4
2020-05-01,North America,United States,Electronics,Phones,50209,5021,335
2020-05-01,North America,United States,Electronics,Computers,32144,4822,161
2020-05-01,North America,United States,Clothing,Apparel,29704,8911,660
2020-05-01,North America,United States,Clothing,Accessories,13026,2605,434
2020-05-01,North America,United States,Furniture,Home,20837,3751,83
2020-05-01,North America,United States,Furniture,Office,14636,3220,49
2020-05-01,North America,Canada,Electronics,Phones,15600,1560,104
2020-05-01,North America,Canada,Electronics,Computers,11541,1731,58
2020-05-01,North America,Canada,Clothing,Apparel,10655,3196,237
2020-05-01,North America,Canada,Clothing,Accessories,4940,988,165
2020-05-01,North America,Canada,Furniture,Home,7349,1323,29
2020-05-01,North America,Canada,Furniture,Office,5533,1217,18
2020-05-01,South America,Brazil,Electronics,Phones,15636,1564,104
2020-05-01,South America,Brazil,Electronics,Computers,9620,1443,48
2020-05-01,South America,Brazil,Clothing,Apparel,8990,2697,200
2020-05-01,South America,Brazil,Clothing,Accessories,3810,762,127
2020-05-01,South America,Brazil,Furniture,Home,6676,1202,27
2020-05-01,South America,Brazil,Furniture,Office,4120,906,14
2020-05-01,Europe,United Kingdom,Electronics,Phones,30370,3037,202
2020-05-01,Europe,United Kingdom,Electronics,Computers,21179,3177,106
2020-05-01,Europe,United Kingdom,Clothing,Apparel,20656,6197,459
2020-05-01,Europe,United Kingdom,Clothing,Accessories,7665,1533,256
2020-05-01,Europe,United Kingdom,Furniture,Home,13318,2397,53
2020-05-01,Europe,United Kingdom,Furniture,Office,8393,1846,28
2020-05-01,Europe,Germany,Electronics,Phones,26338,2634,176
2020-05-01,Europe,Germany,Electronics,Computers,14919,2238,75
2020-05-01,Europe,Germany,Clothing,Apparel,14109,4233,314
2020-05-01,Europe,Germany,Clothing,Accessories,5972,1194,199
2020-05-01,Europe,Germany,Furniture,Home,11911,2144,48
2020-05-01,Europe,Germany,Furniture,Office,7186,1581,24
2020-05-01,Europe,France,Electronics,Phones,22163,2216,148
2020-05-01,Europe,France,Electronics,Computers,14261,2139,71
2020-05-01,Europe,France,Clothing,Apparel,17266,5180,384
2020-05-01,Europe,France,Clothing,Accessories,7859,1572,262
2020-05-01,Europe,France,Furniture,Home,11349,2043,45
2020-05-01,Europe,France,Furniture,Office,7554,1662,25
2020-05-01,Asia,Japan,Electronics,Phones,37788,3779,252
2020-05-01,Asia,Japan,Electronics,Computers,22779,3417,114
2020-05-01,Asia,Japan,Clothing,Apparel,22774,6832,506
2020-05-01,Asia,Japan,Clothing,Accessories,9003,1801,300
2020-05-01,Asia,Japan,Furniture,Home,13733,2472,55
2020-05-01,Asia,Japan,Furniture,Office,10219,2248,34
2020-05-01,Asia,China,Electronics,Phones,41497,4150,277
2020-05-01,Asia,China,Electronics,Computers,25327,3799,127
2020-05-01,Asia,China,Clothing,Apparel,24495,7348,544
2020-05-01,Asia,China,Clothing,Accessories,10595,2119,353
2020-05-01,Asia,China,Furniture,Home,18120,3262,72
2020-05-01,Asia,China,Furniture,Office,12340,2715,41
2020-05-01,Asia,India,Electronics,Phones,12281,1228,82
2020-05-01,Asia,India,Electronics,Computers,8481,1272,42
2020-05-01,Asia,India,Clothing,Apparel,8182,2455,182
2020-05-01,Asia,India,Clothing,Accessories,3379,676,113
2020-05-01,Asia,India,Furniture,Home,4933,888,20
2020-05-01,Asia,India,Furniture,Office,3534,777,12
2020-05-01,Africa,South Africa,Electronics,Phones,5229,523,35
2020-05-01,Africa,South Africa,Electronics,Computers,3298,495,16
2020-05-01,Africa,South Africa,Clothing,Apparel,3360,1008,75
2020-05-01,Africa,South Africa,Clothing,Accessories,1364,273,45
2020-05-01,Africa,South Africa,Furniture,Home,2168,390,9
2020-05-01,Africa,South Africa,Furniture,Office,1384,304,5
2020-06-01,North America,United States,Electronics,Phones,46796,4680,312
2020-06-01,North America,United States,Electronics,Computers,30416,4562,152
2020-06-01,North America,United States,Clothing,Apparel,27571,8271,613
2020-06-01,North America,United States,Clothing,Accessories,12489,2498,416
2020-06-01,North America,United States,Furniture,Home,19995,3599,80
2020-06-01,North America,United States,Furniture,Office,14225,3130,47
2020-06-01,North America,Canada,Electronics,Phones,14219,1422,95
2020-06-01,North America,Canada,Electronics,Computers,9822,1473,49
2020-06-01,North America,Canada,Clothing,Apparel,11059,3318,246
2020-06-01,North America,Canada,Clothing,Accessories,4260,852,142
2020-06-01,North America,Canada,Furniture,Home,7467,1344,30
2020-06-01,North America,Canada,Furniture,Office,4963,1092,17
2020-06-01,South America,Brazil,Electronics,Phones,12523,1252,83
2020-06-01,South America,Brazil,Electronics,Computers,10064,1510,50
2020-06-01,South America,Brazil,Clothing,Apparel,8456,2537,188
2020-06-01,South America,Brazil,Clothing,Accessories,3909,782,130
2020-06-01,South America,Brazil,Furniture,Home,6287,1132,25
2020-06-01,South America,Brazil,Furniture,Office,4449,979,15
2020-06-01,Europe,United Kingdom,Electronics,Phones,30057,3006,200
2020-06-01,Europe,United Kingdom,Electronics,Computers,17891,2684,89
2020-06-01,Europe,United Kingdom,Clothing,Apparel,18421,5526,409
2020-06-01,Europe,United Kingdom,Clothing,Accessories,7315,1463,244
2020-06-01,Europe,United Kingdom,Furniture,Home,12905,2323,52
2020-06-01,Europe,United Kingdom,Furniture,Office,8122,1787,27
2020-06-01,Europe,Germany,Electronics,Phones,23873,2387,159
2020-06-01,Europe,Germany,Electronics,Computers,16478,2472,82
2020-06-01,Europe,Germany,Clothing,Apparel,14656,4397,326
2020-06-01,Europe,Germany,Clothing,Accessories,6105,1221,204
2020-06-01,Europe,Germany,Furniture,Home,12186,2193,49
2020-06-01,Europe,Germany,Furniture,Office,7537,1658,25
2020-06-01,Europe,France,Electronics,Phones,20050,2005,134
2020-06-01,Europe,France,Electronics,Computers,14785,2218,74
2020-06-01,Europe,France,Clothing,Apparel,16025,4808,356
2020-06-01,Europe,France,Clothing,Accessories,6861,1372,229
2020-06-01,Europe,France,Furniture,Home,10864,1956,43
2020-06-01,Europe,France,Furniture,Office,7097,1561,24
2020-06-01,Asia,Japan,Electronics,Phones,30202,3020,201
2020-06-01,Asia,Japan,Electronics,Computers,20250,3038,101
2020-06-01,Asia,Japan,Clothing,Apparel,18720,5616,416
2020-06-01,Asia,Japan,Clothing,Accessories,9016,1803,301
2020-06-01,Asia,Japan,Furniture,Home,12978,2336,52
2020-06-01,Asia,Japan,Furniture,Office,8607,1894,29
2020-06-01,Asia,China,Electronics,Phones,36525,3652,244
2020-06-01,Asia,China,Electronics,Computers,26129,3919,131
2020-06-01,Asia,China,Clothing,Apparel,21587,6476,480
2020-06-01,Asia,China,Clothing,Accessories,9476,1895,316
2020-06-01,Asia,China,Furniture,Home,18619,3351,74
2020-06-01,Asia,China,Furniture,Office,12200,2684,41
2020-06-01,Asia,India,Electronics,Phones,11226,1123,75
2020-06-01,Asia,India,Electronics,Computers,7480,1122,37
2020-06-01,Asia,India,Clothing,Apparel,6881,2064,153
2020-06-01,Asia,India,Clothing,Accessories,2918,584,97
2020-06-01,Asia,India,Furniture,Home,5342,962,21
2020-06-01,Asia,India,Furniture,Office,3020,664,10
2020-06-01,Africa,South Africa,Electronics,Phones,4550,455,30
2020-06-01,Africa,South Africa,Electronics,Computers,3388,508,17
2020-06-01,Africa,South Africa,Clothing,Apparel,2723,817,61
2020-06-01,Africa,South Africa,Clothing,Accessories,1284,257,43
2020-06-01,Africa,South Africa,Furniture,Home,1705,307,7
2020-06-01,Africa,South Africa,Furniture,Office,1270,279,4
2020-07-01,North America,United States,Electronics,Phones,40404,4040,269
2020-07-01,North America,United States,Electronics,Computers,28132,4220,141
2020-07-01,North America,United States,Clothing,Apparel,25825,7748,574
2020-07-01,North America,United States,Clothing,Accessories,12908,2582,430
2020-07-01,North America,United States,Furniture,Home,21104,3799,84
2020-07-01,North America,United States,Furniture,Office,13971,3074,47
2020-07-01,North America,Canada,Electronics,Phones,13358,1336,89
2020-07-01,North America,Canada,Electronics,Computers,10287,1543,51
2020-07-01,North America,Canada,Clothing,Apparel,9969,2991,222
2020-07-01,North America,Canada,Clothing,Accessories,3959,792,132
2020-07-01,North America,Canada,Furniture,Home,6507,1171,26
2020-07-01,North America,Canada,Furniture,Office,4682,1030,16
2020-07-01,South America,Brazil,Electronics,Phones,14289,1429,95
2020-07-01,South America,Brazil,Electronics,Computers,9308,1396,47
2020-07-01,South America,Brazil,Clothing,Apparel,7732,2320,172
2020-07-01,South America,Brazil,Clothing,Accessories,3782,756,126
2020-07-01,South America,Brazil,Furniture,Home,6032,1086,24
2020-07-01,South America,Brazil,Furniture,Office,4174,918,14
2020-07-01,Europe,United Kingdom,Electronics,Phones,28310,2831,189
2020-07-01,Europe,United Kingdom,Electronics,Computers,16608,2491,83
2020-07-01,Europe,United Kingdom,Clothing,Apparel,17795,5338,395
2020-07-01,Europe,United Kingdom,Clothing,Accessories,7042,1408,235
2020-07-01,Europe,United Kingdom,Furniture,Home,12355,2224,49
2020-07-01,Europe,United Kingdom,Furniture,Office,7635,1680,25
2020-07-01,Europe,Germany,Electronics,Phones,21672,2167,144
2020-07-01,Europe,Germany,Electronics,Computers,14848,2227,74
2020-07-01,Europe,Germany,Clothing,Apparel,13050,3915,290
2020-07-01,Europe,Germany,Clothing,Accessories,5777,1155,193
2020-07-01,Europe,Germany,Furniture,Home,9809,1766,39
2020-07-01,Europe,Germany,Furniture,Office,6672,1468,22
2020-07-01,Europe,France,Electronics,Phones,20914,2091,139
2020-07-01,Europe,France,Electronics,Computers,13018,1953,65
2020-07-01,Europe,France,Clothing,Apparel,14931,4479,332
2020-07-01,Europe,France,Clothing,Accessories,6048,1210,202
2020-07-01,Europe,France,Furniture,Home,9239,1663,37
2020-07-01,Europe,France,Furniture,Office,6668,1467,22
2020-07-01,Asia,Japan,Electronics,Phones,31450,3145,210
2020-07-01,Asia,Japan,Electronics,Computers,18606,2791,93
2020-07-01,Asia,Japan,Clothing,Apparel,20410,6123,454
2020-07-01,Asia,Japan,Clothing,Accessories,8283,1657,276
2020-07-01,Asia,Japan,Furniture,Home,12012,2162,48
2020-07-01,Asia,Japan,Furniture,Office,8641,1901,29
2020-07-01,Asia,China,Electronics,Phones,32851,3285,219
2020-07-01,Asia,China,Electronics,Computers,24139,3621,121
2020-07-01,Asia,China,Clothing,Apparel,23518,7055,523
2020-07-01,Asia,China,Clothing,Accessories,10211,2042,340
2020-07-01,Asia,China,Furniture,Home,17464,3144,70
2020-07-01,Asia,China,Furniture,Office,11366,2501,38
2020-07-01,Asia,India,Electronics,Phones,10689,1069,71
2020-07-01,Asia,India,Electronics,Computers,6911,1037,35
2020-07-01,Asia,India,Clothing,Apparel,6268,1880,139
2020-07-01,Asia,India,Clothing,Accessories,2974,595,99
2020-07-01,Asia,India,Furniture,Home,4474,805,18
2020-07-01,Asia,India,Furniture,Office,3344,736,11
2020-07-01,Africa,South Africa,Electronics,Phones,5004,500,33
2020-07-01,Africa,South Africa,Electronics,Computers,3078,462,15
2020-07-01,Africa,South Africa,Clothing,Apparel,2808,842,62
2020-07-01,Africa,South Africa,Clothing,Accessories,1240,248,41
2020-07-01,Africa,South Africa,Furniture,Home,1866,336,7
2020-07-01,Africa,South Africa,Furniture,Office,1229,270,4
2020-08-01,North America,United States,Electronics,Phones,43173,4317,288
2020-08-01,North America,United States,Electronics,Computers,29008,4351,145
2020-08-01,North America,United States,Clothing,Apparel,29080,8724,646
2020-08-01,North America,United States,Clothing,Accessories,11850,2370,395
2020-08-01,North America,United States,Furniture,Home,23484,4227,94
2020-08-01,North America,United States,Furniture,Office,13974,3074,47
2020-08-01,North America,Canada,Electronics,Phones,16829,1683,112
2020-08-01,North America,Canada,Electronics,Computers,10243,1536,51
2020-08-01,North America,Canada,Clothing,Apparel,9589,2877,213
2020-08-01,North America,Canada,Clothing,Accessories,4565,913,152
2020-08-01,North America,Canada,Furniture,Home,7947,1430,32
2020-08-01,North America,Canada,Furniture,Office,5086,1119,17
2020-08-01,South America,Brazil,Electronics,Phones,12720,1272,85
2020-08-01,South America,Brazil,Electronics,Computers,8277,1242,41
2020-08-01,South America,Brazil,Clothing,Apparel,9035,2710,201
2020-08-01,South America,Brazil,Clothing,Accessories,3897,779,130
2020-08-01,South America,Brazil,Furniture,Home,6030,1085,24
2020-08-01,South America,Brazil,Furniture,Office,4058,893,14
2020-08-01,Europe,United Kingdom,Electronics,Phones,26225,2622,175
2020-08-01,Europe,United Kingdom,Electronics,Computers,19350,2902,97
2020-08-01,Europe,United Kingdom,Clothing,Apparel,17359,5208,386
2020-08-01,Europe,United Kingdom,Clothing,Accessories,8381,1676,279
2020-08-01,Europe,United Kingdom,Furniture,Home,12329,2219,49
2020-08-01,Europe,United Kingdom,Furniture,Office,8122,1787,27
2020-08-01,Europe,Germany,Electronics,Phones,22123,2212,147
2020-08-01,Europe,Germany,Electronics,Computers,15999,2400,80
2020-08-01,Europe,Germany,Clothing,Apparel,15352,4606,341
2020-08-01,Europe,Germany,Clothing,Accessories,6151,1230,205
2020-08-01,Europe,Germany,Furniture,Home,11908,2143,48
2020-08-01,Europe,Germany,Furniture,Office,7486,1647,25
2020-08-01,Europe,France,Electronics,Phones,20122,2012,134
2020-08-01,Europe,France,Electronics,Computers,13923,2088,70
2020-08-01,Europe,France,Clothing,Apparel,15276,4583,339
2020-08-01,Europe,France,Clothing,Accessories,6620,1324,221
2020-08-01,Europe,France,Furniture,Home,10311,1856,41
2020-08-01,Europe,France,Furniture,Office,7386,1625,25
2020-08-01,Asia,Japan,Electronics,Phones,34087,3409,227
2020-08-01,Asia,Japan,Electronics,Computers,23242,3486,116
2020-08-01,Asia,Japan,Clothing,Apparel,21101,6330,469
2020-08-01,Asia,Japan,Clothing,Accessories,9198,1840,307
2020-08-01,Asia,Japan,Furniture,Home,13625,2452,54
2020-08-01,Asia,Japan,Furniture,Office,9547,2100,32
2020-08-01,Asia,China,Electronics,Phones,35020,3502,233
2020-08-01,Asia,China,Electronics,Computers,23610,3542,118
2020-08-01,Asia,China,Clothing,Apparel,22906,6872,509
2020-08-01,Asia,China,Clothing,Accessories,9692,1938,323
2020-08-01,Asia,China,Furniture,Home,17706,3187,71
2020-08-01,Asia,China,Furniture,Office,12146,2672,40
2020-08-01,Asia,India,Electronics,Phones,11734,1173,78
2020-08-01,Asia,India,Electronics,Computers,7002,1050,35
2020-08-01,Asia,India,Clothing,Apparel,7982,2395,177
2020-08-01,Asia,India,Clothing,Accessories,2820,564,94
2020-08-01,Asia,India,Furniture,Home,4598,828,18
2020-08-01,Asia,India,Furniture,Office,3102,682,10
2020-08-01,Africa,South Africa,Electronics,Phones,5435,544,36
2020-08-01,Africa,South Africa,Electronics,Computers,3296,494,16
2020-08-01,Africa,South Africa,Clothing,Apparel,2667,800,59
2020-08-01,Africa,South Africa,Clothing,Accessories,1182,236,39
2020-08-01,Africa,South Africa,Furniture,Home,1720,310,7
2020-08-01,Africa,South Africa,Furniture,Office,1136,250,4
2020-09-01,North America,United States,Electronics,Phones,50960,5096,340
2020-09-01,North America,United States,Electronics,Computers,38148,5722,191
2020-09-01,North America,United States,Clothing,Apparel,33200,9960,738
2020-09-01,North America,United States,Clothing,Accessories,13970,2794,466
2020-09-01,North America,United States,Furniture,Home,25375,4568,102
2020-09-01,North America,United States,Furniture,Office,16546,3640,55
2020-09-01,North America,Canada,Electronics,Phones,18939,1894,126
2020-09-01,North America,Canada,Electronics,Computers,12335,1850,62
2020-09-01,North America,Canada,Clothing,Apparel,11680,3504,260
2020-09-01,North America,Canada,Clothing,Accessories,4810,962,160
2020-09-01,North America,Canada,Furniture,Home,7849,1413,31
2020-09-01,North America,Canada,Furniture,Office,5739,1263,19
2020-09-01,South America,Brazil,Electronics,Phones,16233,1623,108
2020-09-01,South America,Brazil,Electronics,Computers,9765,1465,49
2020-09-01,South America,Brazil,Clothing,Apparel,8830,2649,196
2020-09-01,South America,Brazil,Clothing,Accessories,4256,851,142
2020-09-01,South America,Brazil,Furniture,Home,6978,1256,28
2020-09-01,South America,Brazil,Furniture,Office,4388,965,15
2020-09-01,Europe,United Kingdom,Electronics,Phones,29231,2923,195
2020-09-01,Europe,United Kingdom,Electronics,Computers,18931,2840,95
2020-09-01,Europe,United Kingdom,Clothing,Apparel,19229,5769,427
2020-09-01,Europe,United Kingdom,Clothing,Accessories,7826,1565,261
2020-09-01,Europe,United Kingdom,Furniture,Home,12958,2332,52
2020-09-01,Europe,United Kingdom,Furniture,Office,10196,2243,34
2020-09-01,Europe,Germany,Electronics,Phones,27175,2718,181
2020-09-01,Europe,Germany,Electronics,Computers,16653,2498,83
2020-09-01,Europe,Germany,Clothing,Apparel,15889,4767,353
2020-09-01,Europe,Germany,Clothing,Accessories,7075,1415,236
2020-09-01,Europe,Germany,Furniture,Home,12565,2262,50
2020-09-01,Europe,Germany,Furniture,Office,8742,1923,29
2020-09-01,Europe,France,Electronics,Phones,20973,2097,140
2020-09-01,Europe,France,Electronics,Computers,14048,2107,70
2020-09-01,Europe,France,Clothing,Apparel,17083,5125,380
2020-09-01,Europe,France,Clothing,Accessories,8156,1631,272
2020-09-01,Europe,France,Furniture,Home,12806,2305,51
2020-09-01,Europe,France,Furniture,Office,7644,1682,25
2020-09-01,Asia,Japan,Electronics,Phones,39521,3952,263
2020-09-01,Asia,Japan,Electronics,Computers,23035,3455,115
2020-09-01,Asia,Japan,Clothing,Apparel,23205,6962,516
2020-09-01,Asia,Japan,Clothing,Accessories,9143,1829,305
2020-09-01,Asia,Japan,Furniture,Home,16618,2991,66
2020-09-01,Asia,Japan,Furniture,Office,10354,2278,35
2020-09-01,Asia,China,Electronics,Phones,39740,3974,265
2020-09-01,Asia,China,Electronics,Computers,27306,4096,137
2020-09-01,Asia,China,Clothing,Apparel,23924,7177,532
2020-09-01,Asia,China,Clothing,Accessories,10177,2035,339
2020-09-01,Asia,China,Furniture,Home,18674,3361,75
2020-09-01,Asia,China,Furniture,Office,14145,3112,47
2020-09-01,Asia,India,Electronics,Phones,13279,1328,89
2020-09-01,Asia,India,Electronics,Computers,9109,1366,46
2020-09-01,Asia,India,Clothing,Apparel,8725,2618,194
2020-09-01,Asia,India,Clothing,Accessories,3696,739,123
2020-09-01,Asia,India,Furniture,Home,5648,1017,23
2020-09-01,Asia,India,Furniture,Office,3854,848,13
2020-09-01,Africa,South Africa,Electronics,Phones,6083,608,41
2020-09-01,Africa,South Africa,Electronics,Computers,3757,564,19
2020-09-01,Africa,South Africa,Clothing,Apparel,3421,1026,76
2020-09-01,Africa,South Africa,Clothing,Accessories,1463,293,49
2020-09-01,Africa,South Africa,Furniture,Home,2279,410,9
2020-09-01,Africa,South Africa,Furniture,Office,1380,304,5
2020-10-01,North America,United States,Electronics,Phones,54345,5434,362
2020-10-01,North America,United States,Electronics,Computers,37151,5573,186
2020-10-01,North America,United States,Clothing,Apparel,30861,9258,686
2020-10-01,North America,United States,Clothing,Accessories,13486,2697,450
2020-10-01,North America,United States,Furniture,Home,23351,4203,93
2020-10-01,North America,United States,Furniture,Office,17497,3849,58
2020-10-01,North America,Canada,Electronics,Phones,20063,2006,134
2020-10-01,North America,Canada,Electronics,Computers,12603,1890,63
2020-10-01,North America,Canada,Clothing,Apparel,11285,3386,251
2020-10-01,North America,Canada,Clothing,Accessories,4924,985,164
2020-10-01,North America,Canada,Furniture,Home,9562,1721,38
2020-10-01,North America,Canada,Furniture,Office,5862,1290,20
2020-10-01,South America,Brazil,Electronics,Phones,14492,1449,97
2020-10-01,South America,Brazil,Electronics,Computers,11423,1713,57
2020-10-01,South America,Brazil,Clothing,Apparel,9710,2913,216
2020-10-01,South America,Brazil,Clothing,Accessories,4025,805,134
2020-10-01,South America,Brazil,Furniture,Home,7557,1360,30
2020-10-01,South America,Brazil,Furniture,Office,5182,1140,17
2020-10-01,Europe,United Kingdom,Electronics,Phones,30079,3008,201
2020-10-01,Europe,United Kingdom,Electronics,Computers,23801,3570,119
2020-10-01,Europe,United Kingdom,Clothing,Apparel,21202,6361,471
2020-10-01,Europe,United Kingdom,Clothing,Accessories,8862,1772,295
2020-10-01,Europe,United Kingdom,Furniture,Home,15759,2837,63
2020-10-01,Europe,United Kingdom,Furniture,Office,9288,2043,31
2020-10-01,Europe,Germany,Electronics,Phones,29439,2944,196
2020-10-01,Europe,Germany,Electronics,Computers,18675,2801,93
2020-10-01,Europe,Germany,Clothing,Apparel,18438,5531,410
2020-10-01,Europe,Germany,Clothing,Accessories,7302,1460,243
2020-10-01,Europe,Germany,Furniture,Home,12357,2224,49
2020-10-01,Europe,Germany,Furniture,Office,9177,2019,31
2020-10-01,Europe,France,Electronics,Phones,25898,2590,173
2020-10-01,Europe,France,Electronics,Computers,15125,2269,76
2020-10-01,Europe,France,Clothing,Apparel,17631,5289,392
2020-10-01,Europe,France,Clothing,Accessories,7632,1526,254
2020-10-01,Europe,France,Furniture,Home,12710,2288,51
2020-10-01,Europe,France,Furniture,Office,7708,1696,26
2020-10-01,Asia,Japan,Electronics,Phones,34990,3499,233
2020-10-01,Asia,Japan,Electronics,Computers,27446,4117,137
2020-10-01,Asia,Japan,Clothing,Apparel,24697,7409,549
2020-10-01,Asia,Japan,Clothing,Accessories,10559,2112,352
2020-10-01,Asia,Japan,Furniture,Home,16433,2958,66
2020-10-01,Asia,Japan,Furniture,Office,11278,2481,38
2020-10-01,Asia,China,Electronics,Phones,44184,4418,295
2020-10-01,Asia,China,Electronics,Computers,26539,3981,133
2020-10-01,Asia,China,Clothing,Apparel,27170,8151,604
2020-10-01,Asia,China,Clothing,Accessories,11967,2393,399
2020-10-01,Asia,China,Furniture,Home,20418,3675,82
2020-10-01,Asia,China,Furniture,Office,14956,3290,50
2020-10-01,Asia,India,Electronics,Phones,14190,1419,95
2020-10-01,Asia,India,Electronics,Computers,9410,1412,47
2020-10-01,Asia,India,Clothing,Apparel,8505,2552,189
2020-10-01,Asia,India,Clothing,Accessories,4005,801,134
2020-10-01,Asia,India,Furniture,Home,6329,1139,25
2020-10-01,Asia,India,Furniture,Office,3724,819,12
2020-10-01,Africa,South Africa,Electronics,Phones,5518,552,37
2020-10-01,Africa,South Africa,Electronics,Computers,3955,593,20
2020-10-01,Africa,South Africa,Clothing,Apparel,3104,931,69
2020-10-01,Africa,South Africa,Clothing,Accessories,1548,310,52
2020-10-01,Africa,South Africa,Furniture,Home,2182,393,9
2020-10-01,Africa,South Africa,Furniture,Office,1473,324,5
2020-11-01,North America,United States,Electronics,Phones,67851,6785,452
2020-11-01,North America,United States,Electronics,Computers,44251,6638,221
2020-11-01,North America,United States,Clothing,Apparel,43770,13131,973
2020-11-01,North America,United States,Clothing,Accessories,16908,3382,564
2020-11-01,North America,United States,Furniture,Home,34664,6240,139
2020-11-01,North America,United States,Furniture,Office,21935,4826,73
2020-11-01,North America,Canada,Electronics,Phones,22425,2242,150
2020-11-01,North America,Canada,Electronics,Computers,15641,2346,78
2020-11-01,North America,Canada,Clothing,Apparel,13327,3998,296
2020-11-01,North America,Canada,Clothing,Accessories,5963,1193,199
2020-11-01,North America,Canada,Furniture,Home,11027,1985,44
2020-11-01,North America,Canada,Furniture,Office,6981,1536,23
2020-11-01,South America,Brazil,Electronics,Phones,20342,2034,136
2020-11-01,South America,Brazil,Electronics,Computers,12625,1894,63
2020-11-01,South America,Brazil,Clothing,Apparel,12782,3835,284
2020-11-01,South America,Brazil,Clothing,Accessories,5140,1028,171
2020-11-01,South America,Brazil,Furniture,Home,8991,1618,36
2020-11-01,South America,Brazil,Furniture,Office,6165,1356,21
2020-11-01,Europe,United Kingdom,Electronics,Phones,39599,3960,264
2020-11-01,Europe,United Kingdom,Electronics,Computers,27120,4068,136
2020-11-01,Europe,United Kingdom,Clothing,Apparel,24847,7454,552
2020-11-01,Europe,United Kingdom,Clothing,Accessories,11757,2351,392
2020-11-01,Europe,United Kingdom,Furniture,Home,17623,3172,70
2020-11-01,Europe,United Kingdom,Furniture,Office,12911,2840,43
2020-11-01,Europe,Germany,Electronics,Phones,31982,3198,213
2020-11-01,Europe,Germany,Electronics,Computers,20876,3131,104
2020-11-01,Europe,Germany,Clothing,Apparel,19542,5863,434
2020-11-01,Europe,Germany,Clothing,Accessories,9180,1836,306
2020-11-01,Europe,Germany,Furniture,Home,15393,2771,62
2020-11-01,Europe,Germany,Furniture,Office,9982,2196,33
2020-11-01,Europe,France,Electronics,Phones,28467,2847,190
2020-11-01,Europe,France,Electronics,Computers,18842,2826,94
2020-11-01,Europe,France,Clothing,Apparel,22894,6868,509
2020-11-01,Europe,France,Clothing,Accessories,9710,1942,324
2020-11-01,Europe,France,Furniture,Home,14283,2571,57
2020-11-01,Europe,France,Furniture,Office,11189,2462,37
2020-11-01,Asia,Japan,Electronics,Phones,43724,4372,291
2020-11-01,Asia,Japan,Electronics,Computers,33263,4989,166
2020-11-01,Asia,Japan,Clothing,Apparel,27628,8288,614
2020-11-01,Asia,Japan,Clothing,Accessories,12658,2532,422
2020-11-01,Asia,Japan,Furniture,Home,21865,3936,87
2020-11-01,Asia,Japan,Furniture,Office,14189,3122,47
2020-11-01,Asia,China,Electronics,Phones,54439,5444,363
2020-11-01,Asia,China,Electronics,Computers,37765,5665,189
2020-11-01,Asia,China,Clothing,Apparel,35685,10706,793
2020-11-01,Asia,China,Clothing,Accessories,13889,2778,463
2020-11-01,Asia,China,Furniture,Home,25633,4614,103
2020-11-01,Asia,China,Furniture,Office,17108,3764,57
2020-11-01,Asia,India,Electronics,Phones,15945,1594,106
2020-11-01,Asia,India,Electronics,Computers,11264,1690,56
2020-11-01,Asia,India,Clothing,Apparel,9621,2886,214
2020-11-01,Asia,India,Clothing,Accessories,4805,961,160
2020-11-01,Asia,India,Furniture,Home,7200,1296,29
2020-11-01,Asia,India,Furniture,Office,4948,1089,16
2020-11-01,Africa,South Africa,Electronics,Phones,7161,716,48
2020-11-01,Africa,South Africa,Electronics,Computers,4663,699,23
2020-11-01,Africa,South Africa,Clothing,Apparel,4102,1231,91
2020-11-01,Africa,South Africa,Clothing,Accessories,1830,366,61
2020-11-01,Africa,South Africa,Furniture,Home,2947,530,12
2020-11-01,Africa,South Africa,Furniture,Office,1721,379,6
2020-12-01,North America,United States,Electronics,Phones,70736,7074,472
2020-12-01,North America,United States,Electronics,Computers,48216,7232,241
2020-12-01,North America,United States,Clothing,Apparel,52267,15680,1161
2020-12-01,North America,United States,Clothing,Accessories,22800,4560,760
2020-12-01,North America,United States,Furniture,Home,34318,6177,137
2020-12-01,North America,United States,Furniture,Office,24714,5437,82
2020-12-01,North America,Canada,Electronics,Phones,26862,2686,179
2020-12-01,North America,Canada,Electronics,Computers,16257,2439,81
2020-12-01,North America,Canada,Clothing,Apparel,17997,5399,400
2020-12-01,North America,Canada,Clothing,Accessories,7092,1418,236
2020-12-01,North America,Canada,Furniture,Home,12954,2332,52
2020-12-01,North America,Canada,Furniture,Office,8326,1832,28
2020-12-01,South America,Brazil,Electronics,Phones,24039,2404,160
2020-12-01,South America,Brazil,Electronics,Computers,16495,2474,82
2020-12-01,South America,Brazil,Clothing,Apparel,14259,4278,317
2020-12-01,South America,Brazil,Clothing,Accessories,5993,1199,200
2020-12-01,South America,Brazil,Furniture,Home,10708,1927,43
2020-12-01,South America,Brazil,Furniture,Office,6462,1422,22
2020-12-01,Europe,United Kingdom,Electronics,Phones,43829,4383,292
2020-12-01,Europe,United Kingdom,Electronics,Computers,33227,4984,166
2020-12-01,Europe,United Kingdom,Clothing,Apparel,29441,8832,654
2020-12-01,Europe,United Kingdom,Clothing,Accessories,13384,2677,446
2020-12-01,Europe,United Kingdom,Furniture,Home,21166,3810,85
2020-12-01,Europe,United Kingdom,Furniture,Office,14882,3274,50
2020-12-01,Europe,Germany,Electronics,Phones,35294,3529,235
2020-12-01,Europe,Germany,Electronics,Computers,23996,3599,120
2020-12-01,Europe,Germany,Clothing,Apparel,23021,6906,512
2020-12-01,Europe,Germany,Clothing,Accessories,10051,2010,335
2020-12-01,Europe,Germany,Furniture,Home,17997,3239,72
2020-12-01,Europe,Germany,Furniture,Office,11938,2626,40
2020-12-01,Europe,France,Electronics,Phones,35426,3543,236
2020-12-01,Europe,France,Electronics,Computers,21903,3285,110
2020-12-01,Europe,France,Clothing,Apparel,26484,7945,589
2020-12-01,Europe,France,Clothing,Accessories,12310,2462,410
2020-12-01,Europe,France,Furniture,Home,17251,3105,69
2020-12-01,Europe,France,Furniture,Office,12030,2647,40
2020-12-01,Asia,Japan,Electronics,Phones,59305,5930,395
2020-12-01,Asia,Japan,Electronics,Computers,35547,5332,178
2020-12-01,Asia,Japan,Clothing,Apparel,31928,9578,710
2020-12-01,Asia,Japan,Clothing,Accessories,13214,2643,440
2020-12-01,Asia,Japan,Furniture,Home,23999,4320,96
2020-12-01,Asia,Japan,Furniture,Office,15798,3476,53
2020-12-01,Asia,China,Electronics,Phones,68115,6812,454
2020-12-01,Asia,China,Electronics,Computers,43409,6511,217
2020-12-01,Asia,China,Clothing,Apparel,35680,10704,793
2020-12-01,Asia,China,Clothing,Accessories,15581,3116,519
2020-12-01,Asia,China,Furniture,Home,26894,4841,108
2020-12-01,Asia,China,Furniture,Office,17777,3911,59
2020-12-01,Asia,India,Electronics,Phones,20203,2020,135
2020-12-01,Asia,India,Electronics,Computers,12641,1896,63
2020-12-01,Asia,India,Clothing,Apparel,11019,3306,245
2020-12-01,Asia,India,Clothing,Accessories,5109,1022,170
2020-12-01,Asia,India,Furniture,Home,8789,1582,35
2020-12-01,Asia,India,Furniture,Office,5101,1122,17
2020-12-01,Africa,South Africa,Electronics,Phones,7950,795,53
2020-12-01,Africa,South Africa,Electronics,Computers,5181,777,26
2020-12-01,Africa,South Africa,Clothing,Apparel,5020,1506,112
2020-12-01,Africa,South Africa,Clothing,Accessories,2248,450,75
2020-12-01,Africa,South Africa,Furniture,Home,3011,542,12
2020-12-01,Africa,South Africa,Furniture,Office,1981,436,7
2021-01-01,North America,United States,Electronics,Phones,41130,4113,274
2021-01-01,North America,United States,Electronics,Computers,29382,4407,147
2021-01-01,North America,United States,Clothing,Apparel,24774,7432,551
2021-01-01,North America,United States,Clothing,Accessories,12239,2448,408
2021-01-01,North America,United States,Furniture,Home,18169,3270,73
2021-01-01,North America,United States,Furniture,Office,13811,3038,46
2021-01-01,North America,Canada,Electronics,Phones,15361,1536,102
2021-01-01,North America,Canada,Electronics,Computers,9218,1383,46
2021-01-01,North America,Canada,Clothing,Apparel,9317,2795,207
2021-01-01,North America,Canada,Clothing,Accessories,4393,879,146
2021-01-01,North America,Canada,Furniture,Home,6934,1248,28
2021-01-01,North America,Canada,Furniture,Office,4376,963,15
2021-01-01,South America,Brazil,Electronics,Phones,12470,1247,83
2021-01-01,South America,Brazil,Electronics,Computers,9196,1379,46
2021-01-01,South America,Brazil,Clothing,Apparel,8341,2502,185
2021-01-01,South America,Brazil,Clothing,Accessories,3217,643,107
2021-01-01,South America,Brazil,Furniture,Home,5843,1052,23
2021-01-01,South America,Brazil,Furniture,Office,3921,863,13
2021-01-01,Europe,United Kingdom,Electronics,Phones,26492,2649,177
2021-01-01,Europe,United Kingdom,Electronics,Computers,17414,2612,87
2021-01-01,Europe,United Kingdom,Clothing,Apparel,16795,5038,373
2021-01-01,Europe,United Kingdom,Clothing,Accessories,7364,1473,245
2021-01-01,Europe,United Kingdom,Furniture,Home,11027,1985,44
2021-01-01,Europe,United Kingdom,Furniture,Office,7408,1630,25
2021-01-01,Europe,Germany,Electronics,Phones,21375,2138,142
2021-01-01,Europe,Germany,Electronics,Computers,14999,2250,75
2021-01-01,Europe,Germany,Clothing,Apparel,13218,3965,294
2021-01-01,Europe,Germany,Clothing,Accessories,5578,1116,186
2021-01-01,Europe,Germany,Furniture,Home,9821,1768,39
2021-01-01,Europe,Germany,Furniture,Office,6608,1454,22
2021-01-01,Europe,France,Electronics,Phones,17023,1702,113
2021-01-01,Europe,France,Electronics,Computers,13405,2011,67
2021-01-01,Europe,France,Clothing,Apparel,15734,4720,350
2021-01-01,Europe,France,Clothing,Accessories,6108,1222,204
2021-01-01,Europe,France,Furniture,Home,9683,1743,39
2021-01-01,Europe,France,Furniture,Office,5857,1289,20
2021-01-01,Asia,Japan,Electronics,Phones,32319,3232,215
2021-01-01,Asia,Japan,Electronics,Computers,21645,3247,108
2021-01-01,Asia,Japan,Clothing,Apparel,18637,5591,414
2021-01-01,Asia,Japan,Clothing,Accessories,7236,1447,241
2021-01-01,Asia,Japan,Furniture,Home,12434,2238,50
2021-01-01,Asia,Japan,Furniture,Office,8058,1773,27
2021-01-01,Asia,China,Electronics,Phones,32540,3254,217
2021-01-01,Asia,China,Electronics,Computers,20666,3100,103
2021-01-01,Asia,China,Clothing,Apparel,20857,6257,463
2021-01-01,Asia,China,Clothing,Accessories,9008,1802,300
2021-01-01,Asia,China,Furniture,Home,16242,2924,65
2021-01-01,Asia,China,Furniture,Office,10474,2304,35
2021-01-01,Asia,India,Electronics,Phones,9622,962,64
2021-01-01,Asia,India,Electronics,Computers,7204,1081,36
2021-01-01,Asia,India,Clothing,Apparel,6539,1962,145
2021-01-01,Asia,India,Clothing,Accessories,2796,559,93
2021-01-01,Asia,India,Furniture,Home,4368,786,17
2021-01-01,Asia,India,Furniture,Office,3009,662,10
2021-01-01,Africa,South Africa,Electronics,Phones,4346,435,29
2021-01-01,Africa,South Africa,Electronics,Computers,3219,483,16
2021-01-01,Africa,South Africa,Clothing,Apparel,2894,868,64
2021-01-01,Africa,South Africa,Clothing,Accessories,1217,243,41
2021-01-01,Africa,South Africa,Furniture,Home,1783,321,7
2021-01-01,Africa,South Africa,Furniture,Office,1097,241,4
2021-02-01,North America,United States,Electronics,Phones,42257,4226,282
2021-02-01,North America,United States,Electronics,Computers,28525,4279,143
2021-02-01,North America,United States,Clothing,Apparel,24638,7391,548
2021-02-01,North America,United States,Clothing,Accessories,11506,2301,384
2021-02-01,North America,United States,Furniture,Home,17612,3170,70
2021-02-01,North America,United States,Furniture,Office,12010,2642,40
2021-02-01,North America,Canada,Electronics,Phones,13801,1380,92
2021-02-01,North America,Canada,Electronics,Computers,9166,1375,46
2021-02-01,North America,Canada,Clothing,Apparel,8376,2513,186
2021-02-01,North America,Canada,Clothing,Accessories,3854,771,128
2021-02-01,North America,Canada,Furniture,Home,6045,1088,24
2021-02-01,North America,Canada,Furniture,Office,3885,855,13
2021-02-01,South America,Brazil,Electronics,Phones,10756,1076,72
2021-02-01,South America,Brazil,Electronics,Computers,7936,1190,40
2021-02-01,South America,Brazil,Clothing,Apparel,7050,2115,157
2021-02-01,South America,Brazil,Clothing,Accessories,2967,593,99
2021-02-01,South America,Brazil,Furniture,Home,5125,922,20
2021-02-01,South America,Brazil,Furniture,Office,3736,822,12
2021-02-01,Europe,United Kingdom,Electronics,Phones,25278,2528,169
2021-02-01,Europe,United Kingdom,Electronics,Computers,15258,2289,76
2021-02-01,Europe,United Kingdom,Clothing,Apparel,14577,4373,324
2021-02-01,Europe,United Kingdom,Clothing,Accessories,6708,1342,224
2021-02-01,Europe,United Kingdom,Furniture,Home,10407,1873,42
2021-02-01,Europe,United Kingdom,Furniture,Office,6894,1517,23
2021-02-01,Europe,Germany,Electronics,Phones,21072,2107,140
2021-02-01,Europe,Germany,Electronics,Computers,14574,2186,73
2021-02-01,Europe,Germany,Clothing,Apparel,12446,3734,277
2021-02-01,Europe,Germany,Clothing,Accessories,5686,1137,190
2021-02-01,Europe,Germany,Furniture,Home,9343,1682,37
2021-02-01,Europe,Germany,Furniture,Office,6891,1516,23
2021-02-01,Europe,France,Electronics,Phones,19333,1933,129
2021-02-01,Europe,France,Electronics,Computers,10771,1616,54
2021-02-01,Europe,France,Clothing,Apparel,14552,4366,323
2021-02-01,Europe,France,Clothing,Accessories,5404,1081,180
2021-02-01,Europe,France,Furniture,Home,9080,1634,36
2021-02-01,Europe,France,Furniture,Office,5715,1257,19
2021-02-01,Asia,Japan,Electronics,Phones,29849,2985,199
2021-02-01,Asia,Japan,Electronics,Computers,19809,2971,99
2021-02-01,Asia,Japan,Clothing,Apparel,18705,5612,416
2021-02-01,Asia,Japan,Clothing,Accessories,6954,1391,232
2021-02-01,Asia,Japan,Furniture,Home,12455,2242,50
2021-02-01,Asia,Japan,Furniture,Office,7485,1647,25
2021-02-01,Asia,China,Electronics,Phones,33988,3399,227
2021-02-01,Asia,China,Electronics,Computers,21248,3187,106
2021-02-01,Asia,China,Clothing,Apparel,21013,6304,467
2021-02-01,Asia,China,Clothing,Accessories,7795,1559,260
2021-02-01,Asia,China,Furniture,Home,14927,2687,60
2021-02-01,Asia,China,Furniture,Office,10574,2326,35
2021-02-01,Asia,India,Electronics,Phones,9713,971,65
2021-02-01,Asia,India,Electronics,Computers,7070,1060,35
2021-02-01,Asia,India,Clothing,Apparel,6235,1870,139
2021-02-01,Asia,India,Clothing,Accessories,2784,557,93
2021-02-01,Asia,India,Furniture,Home,4137,745,17
2021-02-01,Asia,India,Furniture,Office,2764,608,9
2021-02-01,Africa,South Africa,Electronics,Phones,4410,441,29
2021-02-01,Africa,South Africa,Electronics,Computers,2603,390,13
2021-02-01,Africa,South Africa,Clothing,Apparel,2727,818,61
2021-02-01,Africa,South Africa,Clothing,Accessories,1079,216,36
2021-02-01,Africa,South Africa,Furniture,Home,1532,276,6
2021-02-01,Africa,South Africa,Furniture,Office,1104,243,4
2021-03-01,North America,United States,Electronics,Phones,42920,4292,286
2021-03-01,North America,United States,Electronics,Computers,32808,4921,164
2021-03-01,North America,United States,Clothing,Apparel,30485,9146,677
2021-03-01,North America,United States,Clothing,Accessories,11492,2298,383
2021-03-01,North America,United States,Furniture,Home,19664,3540,79
2021-03-01,North America,United States,Furniture,Office,14587,3209,49
2021-03-01,North America,Canada,Electronics,Phones,14690,1469,98
2021-03-01,North America,Canada,Electronics,Computers,9474,1421,47
2021-03-01,North America,Canada,Clothing,Apparel,9501,2850,211
2021-03-01,North America,Canada,Clothing,Accessories,3938,788,131
2021-03-01,North America,Canada,Furniture,Home,7730,1391,31
2021-03-01,North America,Canada,Furniture,Office,4393,966,15
2021-03-01,South America,Brazil,Electronics,Phones,12170,1217,81
2021-03-01,South America,Brazil,Electronics,Computers,9438,1416,47
2021-03-01,South America,Brazil,Clothing,Apparel,8483,2545,189
2021-03-01,South America,Brazil,Clothing,Accessories,3724,745,124
2021-03-01,South America,Brazil,Furniture,Home,5933,1068,24
2021-03-01,South America,Brazil,Furniture,Office,3726,820,12
2021-03-01,Europe,United Kingdom,Electronics,Phones,25527,2553,170
2021-03-01,Europe,United Kingdom,Electronics,Computers,16776,2516,84
2021-03-01,Europe,United Kingdom,Clothing,Apparel,18183,5455,404
2021-03-01,Europe,United Kingdom,Clothing,Accessories,8268,1654,276
2021-03-01,Europe,United Kingdom,Furniture,Home,13390,2410,54
2021-03-01,Europe,United Kingdom,Furniture,Office,8323,1831,28
2021-03-01,Europe,Germany,Electronics,Phones,20548,2055,137
2021-03-01,Europe,Germany,Electronics,Computers,15456,2318,77
2021-03-01,Europe,Germany,Clothing,Apparel,14781,4434,328
2021-03-01,Europe,Germany,Clothing,Accessories,6445,1289,215
2021-03-01,Europe,Germany,Furniture,Home,10141,1825,41
2021-03-01,Europe,Germany,Furniture,Office,6917,1522,23
2021-03-01,Europe,France,Electronics,Phones,22032,2203,147
2021-03-01,Europe,France,Electronics,Computers,14170,2126,71
2021-03-01,Europe,France,Clothing,Apparel,16433,4930,365
2021-03-01,Europe,France,Clothing,Accessories,7108,1422,237
2021-03-01,Europe,France,Furniture,Home,10226,1841,41
2021-03-01,Europe,France,Furniture,Office,6478,1425,22
2021-03-01,Asia,Japan,Electronics,Phones,32865,3286,219
2021-03-01,Asia,Japan,Electronics,Computers,20512,3077,103
2021-03-01,Asia,Japan,Clothing,Apparel,18440,5532,410
2021-03-01,Asia,Japan,Clothing,Accessories,9205,1841,307
2021-03-01,Asia,Japan,Furniture,Home,13358,2404,53
2021-03-01,Asia,Japan,Furniture,Office,8820,1940,29
2021-03-01,Asia,China,Electronics,Phones,35038,3504,234
2021-03-01,Asia,China,Electronics,Computers,25319,3798,127
2021-03-01,Asia,China,Clothing,Apparel,21324,6397,474
2021-03-01,Asia,China,Clothing,Accessories,9133,1827,304
2021-03-01,Asia,China,Furniture,Home,16532,2976,66
2021-03-01,Asia,China,Furniture,Office,11896,2617,40
2021-03-01,Asia,India,Electronics,Phones,10469,1047,70
2021-03-01,Asia,India,Electronics,Computers,7792,1169,39
2021-03-01,Asia,India,Clothing,Apparel,7694,2308,171
2021-03-01,Asia,India,Clothing,Accessories,3078,616,103
2021-03-01,Asia,India,Furniture,Home,4452,801,18
2021-03-01,Asia,India,Furniture,Office,3024,665,10
2021-03-01,Africa,South Africa,Electronics,Phones,4673,467,31
2021-03-01,Africa,South Africa,Electronics,Computers,3094,464,15
2021-03-01,Africa,South Africa,Clothing,Apparel,2766,830,61
2021-03-01,Africa,South Africa,Clothing,Accessories,1096,219,37
2021-03-01,Africa,South Africa,Furniture,Home,1877,338,8
2021-03-01,Africa,South Africa,Furniture,Office,1188,261,4
2021-04-01,North America,United States,Electronics,Phones,45318,4532,302
2021-04-01,North America,United States,Electronics,Computers,29136,4370,146
2021-04-01,North America,United States,Clothing,Apparel,32238,9671,716
2021-04-01,North America,United States,Clothing,Accessories,13608,2722,454
2021-04-01,North America,United States,Furniture,Home,21389,3850,86
2021-04-01,North America,United States,Furniture,Office,15710,3456,52
2021-04-01,North America,Canada,Electronics,Phones,16630,1663,111
2021-04-01,North America,Canada,Electronics,Computers,10830,1624,54
2021-04-01,North America,Canada,Clothing,Apparel,10295,3088,229
2021-04-01,North America,Canada,Clothing,Accessories,4535,907,151
2021-04-01,North America,Canada,Furniture,Home,7734,1392,31
2021-04-01,North America,Canada,Furniture,Office,5211,1146,17
2021-04-01,South America,Brazil,Electronics,Phones,14506,1451,97
2021-04-01,South America,Brazil,Electronics,Computers,9121,1368,46
2021-04-01,South America,Brazil,Clothing,Apparel,9281,2784,206
2021-04-01,South America,Brazil,Clothing,Accessories,3567,713,119
2021-04-01,South America,Brazil,Furniture,Home,6478,1166,26
2021-04-01,South America,Brazil,Furniture,Office,3926,864,13
2021-04-01,Europe,United Kingdom,Electronics,Phones,30961,3096,206
2021-04-01,Europe,United Kingdom,Electronics,Computers,17911,2687,90
2021-04-01,Europe,United Kingdom,Clothing,Apparel,20211,6063,449
2021-04-01,Europe,United Kingdom,Clothing,Accessories,7580,1516,253
2021-04-01,Europe,United Kingdom,Furniture,Home,12858,2314,51
2021-04-01,Europe,United Kingdom,Furniture,Office,7907,1740,26
2021-04-01,Europe,Germany,Electronics,Phones,24196,2420,161
2021-04-01,Europe,Germany,Electronics,Computers,16975,2546,85
2021-04-01,Europe,Germany,Clothing,Apparel,15520,4656,345
2021-04-01,Europe,Germany,Clothing,Accessories,6481,1296,216
2021-04-01,Europe,Germany,Furniture,Home,12073,2173,48
2021-04-01,Europe,Germany,Furniture,Office,7360,1619,25
2021-04-01,Europe,France,Electronics,Phones,20709,2071,138
2021-04-01,Europe,France,Electronics,Computers,14486,2173,72
2021-04-01,Europe,France,Clothing,Apparel,15129,4539,336
2021-04-01,Europe,France,Clothing,Accessories,7703,1541,257
2021-04-01,Europe,France,Furniture,Home,10323,1858,41
2021-04-01,Europe,France,Furniture,Office,7295,1605,24
2021-04-01,Asia,Japan,Electronics,Phones,36143,3614,241
2021-04-01,Asia,Japan,Electronics,Computers,20475,3071,102
2021-04-01,Asia,Japan,Clothing,Apparel,22331,6699,496
2021-04-01,Asia,Japan,Clothing,Accessories,8234,1647,274
2021-04-01,Asia,Japan,Furniture,Home,14350,2583,57
2021-04-01,Asia,Japan,Furniture,Office,10286,2263,34
2021-04-01,Asia,China,Electronics,Phones,38037,3804,254
2021-04-01,Asia,China,Electronics,Computers,25116,3767,126
2021-04-01,Asia,China,Clothing,Apparel,25076,7523,557
2021-04-01,Asia,China,Clothing,Accessories,10984,2197,366
2021-04-01,Asia,China,Furniture,Home,17208,3097,69
2021-04-01,Asia,China,Furniture,Office,10930,2405,36
2021-04-01,Asia,India,Electronics,Phones,10609,1061,71
2021-04-01,Asia,India,Electronics,Computers,7434,1115,37
2021-04-01,Asia,India,Clothing,Apparel,8191,2457,182
2021-04-01,Asia,India,Clothing,Accessories,3521,704,117
2021-04-01,Asia,India,Furniture,Home,4743,854,19
2021-04-01,Asia,India,Furniture,Office,3594,791,12
2021-04-01,Africa,South Africa,Electronics,Phones,5191,519,35
2021-04-01,Africa,South Africa,Electronics,Computers,3225,484,16
2021-04-01,Africa,South Africa,Clothing,Apparel,3025,908,67
2021-04-01,Africa,South Africa,Clothing,Accessories,1225,245,41
2021-04-01,Africa,South Africa,Furniture,Home,1983,357,8
2021-04-01,Africa,South Africa,Furniture,Office,1207,266,4
2021-05-01,North America,United States,Electronics,Phones,53590,5359,357
2021-05-01,North America,United States,Electronics,Computers,33453,5018,167
2021-05-01,North America,United States,Clothing,Apparel,29256,8777,650
2021-05-01,North America,United States,Clothing,Accessories,13990,2798,466
2021-05-01,North America,United States,Furniture,Home,23145,4166,93
2021-05-01,North America,United States,Furniture,Office,15750,3465,52
2021-05-01,North America,Canada,Electronics,Phones,17578,1758,117
2021-05-01,North America,Canada,Electronics,Computers,12212,1832,61
2021-05-01,North America,Canada,Clothing,Apparel,10376,3113,231
2021-05-01,North America,Canada,Clothing,Accessories,4460,892,149
2021-05-01,North America,Canada,Furniture,Home,8007,1441,32
2021-05-01,North America,Canada,Furniture,Office,5268,1159,18
2021-05-01,South America,Brazil,Electronics,Phones,13950,1395,93
2021-05-01,South America,Brazil,Electronics,Computers,10977,1647,55
2021-05-01,South America,Brazil,Clothing,Apparel,9420,2826,209
2021-05-01,South America,Brazil,Clothing,Accessories,3963,793,132
2021-05-01,South America,Brazil,Furniture,Home,6554,1180,26
2021-05-01,South America,Brazil,Furniture,Office,4983,1096,17
2021-05-01,Europe,United Kingdom,Electronics,Phones,29553,2955,197
2021-05-01,Europe,United Kingdom,Electronics,Computers,19894,2984,99
2021-05-01,Europe,United Kingdom,Clothing,Apparel,20900,6270,464
2021-05-01,Europe,United Kingdom,Clothing,Accessories,8390,1678,280
2021-05-01,Europe,United Kingdom,Furniture,Home,14227,2561,57
2021-05-01,Europe,United Kingdom,Furniture,Office,9272,2040,31
2021-05-01,Europe,Germany,Electronics,Phones,25501,2550,170
2021-05-01,Europe,Germany,Electronics,Computers,15828,2374,79
2021-05-01,Europe,Germany,Clothing,Apparel,16725,5018,372
2021-05-01,Europe,Germany,Clothing,Accessories,7386,1477,246
2021-05-01,Europe,Germany,Furniture,Home,11648,2097,47
2021-05-01,Europe,Germany,Furniture,Office,8921,1963,30
2021-05-01,Europe,France,Electronics,Phones,22224,2222,148
2021-05-01,Europe,France,Electronics,Computers,14665,2200,73
2021-05-01,Europe,France,Clothing,Apparel,18260,5478,406
2021-05-01,Europe,France,Clothing,Accessories,8210,1642,274
2021-05-01,Europe,France,Furniture,Home,11792,2123,47
2021-05-01,Europe,France,Furniture,Office,7741,1703,26
2021-05-01,Asia,Japan,Electronics,Phones,38884,3888,259
2021-05-01,Asia,Japan,Electronics,Computers,22659,3399,113
2021-05-01,Asia,Japan,Clothing,Apparel,21345,6404,474
2021-05-01,Asia,Japan,Clothing,Accessories,8999,1800,300
2021-05-01,Asia,Japan,Furniture,Home,16039,2887,64
2021-05-01,Asia,Japan,Furniture,Office,9027,1986,30
2021-05-01,Asia,China,Electronics,Phones,43466,4347,290
2021-05-01,Asia,China,Electronics,Computers,28257,4239,141
2021-05-01,Asia,China,Clothing,Apparel,24271,7281,539
2021-05-01,Asia,China,Clothing,Accessories,11007,2201,367
2021-05-01,Asia,China,Furniture,Home,19272,3469,77
2021-05-01,Asia,China,Furniture,Office,13787,3033,46
2021-05-01,Asia,India,Electronics,Phones,11405,1140,76
2021-05-01,Asia,India,Electronics,Computers,7412,1112,37
2021-05-01,Asia,India,Clothing,Apparel,7711,2313,171
2021-05-01,Asia,India,Clothing,Accessories,3157,631,105
2021-05-01,Asia,India,Furniture,Home,5300,954,21
2021-05-01,Asia,India,Furniture,Office,3690,812,12
2021-05-01,Africa,South Africa,Electronics,Phones,5154,515,34
2021-05-01,Africa,South Africa,Electronics,Computers,3856,578,19
2021-05-01,Africa,South Africa,Clothing,Apparel,2917,875,65
2021-05-01,Africa,South Africa,Clothing,Accessories,1334,267,44
2021-05-01,Africa,South Africa,Furniture,Home,2212,398,9
2021-05-01,Africa,South Africa,Furniture,Office,1425,314,5
2021-06-01,North America,United States,Electronics,Phones,50522,5052,337
2021-06-01,North America,United States,Electronics,Computers,34128,5119,171
2021-06-01,North America,United States,Clothing,Apparel,28122,8437,625
2021-06-01,North America,United States,Clothing,Accessories,13736,2747,458
2021-06-01,North America,United States,Furniture,Home,23423,4216,94
2021-06-01,North America,United States,Furniture,Office,15274,3360,51
2021-06-01,North America,Canada,Electronics,Phones,17434,1743,116
2021-06-01,North America,Canada,Electronics,Computers,10951,1643,55
2021-06-01,North America,Canada,Clothing,Apparel,10111,3033,225
2021-06-01,North America,Canada,Clothing,Accessories,4722,944,157
2021-06-01,North America,Canada,Furniture,Home,7856,1414,31
2021-06-01,North America,Canada,Furniture,Office,4723,1039,16
2021-06-01,South America,Brazil,Electronics,Phones,12925,1292,86
2021-06-01,South America,Brazil,Electronics,Computers,9969,1495,50
2021-06-01,South America,Brazil,Clothing,Apparel,8752,2626,194
2021-06-01,South America,Brazil,Clothing,Accessories,4114,823,137
2021-06-01,South America,Brazil,Furniture,Home,6340,1141,25
2021-06-01,South America,Brazil,Furniture,Office,4615,1015,15
2021-06-01,Europe,United Kingdom,Electronics,Phones,31161,3116,208
2021-06-01,Europe,United Kingdom,Electronics,Computers,18286,2743,91
2021-06-01,Europe,United Kingdom,Clothing,Apparel,19381,5814,431
2021-06-01,Europe,United Kingdom,Clothing,Accessories,8225,1645,274
2021-06-01,Europe,United Kingdom,Furniture,Home,11636,2094,47
2021-06-01,Europe,United Kingdom,Furniture,Office,9074,1996,30
2021-06-01,Europe,Germany,Electronics,Phones,23296,2330,155
2021-06-01,Europe,Germany,Electronics,Computers,15284,2293,76
2021-06-01,Europe,Germany,Clothing,Apparel,13664,4099,304
2021-06-01,Europe,Germany,Clothing,Accessories,6499,1300,217
2021-06-01,Europe,Germany,Furniture,Home,10793,1943,43
2021-06-01,Europe,Germany,Furniture,Office,7741,1703,26
2021-06-01,Europe,France,Electronics,Phones,20090,2009,134
2021-06-01,Europe,France,Electronics,Computers,12910,1936,65
2021-06-01,Europe,France,Clothing,Apparel,17316,5195,385
2021-06-01,Europe,France,Clothing,Accessories,6941,1388,231
2021-06-01,Europe,France,Furniture,Home,10842,1952,43
2021-06-01,Europe,France,Furniture,Office,7447,1638,25
2021-06-01,Asia,Japan,Electronics,Phones,33561,3356,224
2021-06-01,Asia,Japan,Electronics,Computers,21110,3166,106
2021-06-01,Asia,Japan,Clothing,Apparel,20178,6053,448
2021-06-01,Asia,Japan,Clothing,Accessories,8836,1767,295
2021-06-01,Asia,Japan,Furniture,Home,13142,2366,53
2021-06-01,Asia,Japan,Furniture,Office,8667,1907,29
2021-06-01,Asia,China,Electronics,Phones,39240,3924,262
2021-06-01,Asia,China,Electronics,Computers,23467,3520,117
2021-06-01,Asia,China,Clothing,Apparel,23587,7076,524
2021-06-01,Asia,China,Clothing,Accessories,9460,1892,315
2021-06-01,Asia,China,Furniture,Home,18061,3251,72
2021-06-01,Asia,China,Furniture,Office,12695,2793,42
2021-06-01,Asia,India,Electronics,Phones,10748,1075,72
2021-06-01,Asia,India,Electronics,Computers,7172,1076,36
2021-06-01,Asia,India,Clothing,Apparel,7612,2284,169
2021-06-01,Asia,India,Clothing,Accessories,3216,643,107
2021-06-01,Asia,India,Furniture,Home,5315,957,21
2021-06-01,Asia,India,Furniture,Office,3230,711,11
2021-06-01,Africa,South Africa,Electronics,Phones,5278,528,35
2021-06-01,Africa,South Africa,Electronics,Computers,3601,540,18
2021-06-01,Africa,South Africa,Clothing,Apparel,2856,857,63
2021-06-01,Africa,South Africa,Clothing,Accessories,1179,236,39
2021-06-01,Africa,South Africa,Furniture,Home,2041,367,8
2021-06-01,Africa,South Africa,Furniture,Office,1244,274,4
2021-07-01,North America,United States,Electronics,Phones,49547,4955,330
2021-07-01,North America,United States,Electronics,Computers,27949,4192,140
2021-07-01,North America,United States,Clothing,Apparel,29395,8818,653
2021-07-01,North America,United States,Clothing,Accessories,11993,2399,400
2021-07-01,North America,United States,Furniture,Home,20667,3720,83
2021-07-01,North America,United States,Furniture,Office,13700,3014,46
2021-07-01,North America,Canada,Electronics,Phones,15510,1551,103
2021-07-01,North America,Canada,Electronics,Computers,9184,1378,46
2021-07-01,North America,Canada,Clothing,Apparel,9558,2867,212
2021-07-01,North America,Canada,Clothing,Accessories,4679,936,156
2021-07-01,North America,Canada,Furniture,Home,7477,1346,30
2021-07-01,North America,Canada,Furniture,Office,5349,1177,18
2021-07-01,South America,Brazil,Electronics,Phones,13242,1324,88
2021-07-01,South America,Brazil,Electronics,Computers,8299,1245,41
2021-07-01,South America,Brazil,Clothing,Apparel,7750,2325,172
2021-07-01,South America,Brazil,Clothing,Accessories,3886,777,130
2021-07-01,South America,Brazil,Furniture,Home,5724,1030,23
2021-07-01,South America,Brazil,Furniture,Office,3957,871,13
2021-07-01,Europe,United Kingdom,Electronics,Phones,28816,2882,192
2021-07-01,Europe,United Kingdom,Electronics,Computers,19558,2934,98
2021-07-01,Europe,United Kingdom,Clothing,Apparel,16385,4916,364
2021-07-01,Europe,United Kingdom,Clothing,Accessories,6934,1387,231
2021-07-01,Europe,United Kingdom,Furniture,Home,13273,2389,53
2021-07-01,Europe,United Kingdom,Furniture,Office,8813,1939,29
2021-07-01,Europe,Germany,Electronics,Phones,24193,2419,161
2021-07-01,Europe,Germany,Electronics,Computers,15983,2397,80
2021-07-01,Europe,Germany,Clothing,Apparel,12827,3848,285
2021-07-01,Europe,Germany,Clothing,Accessories,6326,1265,211
2021-07-01,Europe,Germany,Furniture,Home,10109,1820,40
2021-07-01,Europe,Germany,Furniture,Office,7235,1592,24
2021-07-01,Europe,France,Electronics,Phones,18178,1818,121
2021-07-01,Europe,France,Electronics,Computers,12618,1893,63
2021-07-01,Europe,France,Clothing,Apparel,15749,4725,350
2021-07-01,Europe,France,Clothing,Accessories,6302,1260,210
2021-07-01,Europe,France,Furniture,Home,10401,1872,42
2021-07-01,Europe,France,Furniture,Office,6568,1445,22
2021-07-01,Asia,Japan,Electronics,Phones,31559,3156,210
2021-07-01,Asia,Japan,Electronics,Computers,22082,3312,110
2021-07-01,Asia,Japan,Clothing,Apparel,18466,5540,410
2021-07-01,Asia,Japan,Clothing,Accessories,8864,1773,295
2021-07-01,Asia,Japan,Furniture,Home,12107,2179,48
2021-07-01,Asia,Japan,Furniture,Office,9080,1998,30
2021-07-01,Asia,China,Electronics,Phones,37733,3773,252
2021-07-01,Asia,China,Electronics,Computers,22135,3320,111
2021-07-01,Asia,China,Clothing,Apparel,21236,6371,472
2021-07-01,Asia,China,Clothing,Accessories,9323,1865,311
2021-07-01,Asia,China,Furniture,Home,18037,3247,72
2021-07-01,Asia,China,Furniture,Office,11636,2560,39
2021-07-01,Asia,India,Electronics,Phones,9982,998,67
2021-07-01,Asia,India,Electronics,Computers,7534,1130,38
2021-07-01,Asia,India,Clothing,Apparel,6406,1922,142
2021-07-01,Asia,India,Clothing,Accessories,2977,595,99
2021-07-01,Asia,India,Furniture,Home,4649,837,19
2021-07-01,Asia,India,Furniture,Office,3477,765,12
2021-07-01,Africa,South Africa,Electronics,Phones,5028,503,34
2021-07-01,Africa,South Africa,Electronics,Computers,3484,523,17
2021-07-01,Africa,South Africa,Clothing,Apparel,2569,771,57
2021-07-01,Africa,South Africa,Clothing,Accessories,1307,261,44
2021-07-01,Africa,South Africa,Furniture,Home,1881,339,8
2021-07-01,Africa,South Africa,Furniture,Office,1152,253,4
2021-08-01,North America,United States,Electronics,Phones,47205,4720,315
2021-08-01,North America,United States,Electronics,Computers,35313,5297,177
2021-08-01,North America,United States,Clothing,Apparel,27681,8304,615
2021-08-01,North America,United States,Clothing,Accessories,12420,2484,414
2021-08-01,North America,United States,Furniture,Home,24223,4360,97
2021-08-01,North America,United States,Furniture,Office,15140,3331,50
2021-08-01,North America,Canada,Electronics,Phones,15109,1511,101
2021-08-01,North America,Canada,Electronics,Computers,10748,1612,54
2021-08-01,North America,Canada,Clothing,Apparel,10443,3133,232
2021-08-01,North America,Canada,Clothing,Accessories,4898,980,163
2021-08-01,North America,Canada,Furniture,Home,6997,1259,28
2021-08-01,North America,Canada,Furniture,Office,4898,1078,16
2021-08-01,South America,Brazil,Electronics,Phones,14269,1427,95
2021-08-01,South America,Brazil,Electronics,Computers,9142,1371,46
2021-08-01,South America,Brazil,Clothing,Apparel,8835,2650,196
2021-08-01,South America,Brazil,Clothing,Accessories,3603,721,120
2021-08-01,South America,Brazil,Furniture,Home,6250,1125,25
2021-08-01,South America,Brazil,Furniture,Office,4171,918,14
2021-08-01,Europe,United Kingdom,Electronics,Phones,29742,2974,198
2021-08-01,Europe,United Kingdom,Electronics,Computers,18323,2748,92
2021-08-01,Europe,United Kingdom,Clothing,Apparel,20605,6182,458
2021-08-01,Europe,United Kingdom,Clothing,Accessories,8062,1612,269
2021-08-01,Europe,United Kingdom,Furniture,Home,13700,2466,55
2021-08-01,Europe,United Kingdom,Furniture,Office,8813,1939,29
2021-08-01,Europe,Germany,Electronics,Phones,25664,2566,171
2021-08-01,Europe,Germany,Electronics,Computers,17147,2572,86
2021-08-01,Europe,Germany,Clothing,Apparel,15992,4798,355
2021-08-01,Europe,Germany,Clothing,Accessories,5841,1168,195
2021-08-01,Europe,Germany,Furniture,Home,11734,2112,47
2021-08-01,Europe,Germany,Furniture,Office,7397,1627,25
2021-08-01,Europe,France,Electronics,Phones,19796,1980,132
2021-08-01,Europe,France,Electronics,Computers,15312,2297,77
2021-08-01,Europe,France,Clothing,Apparel,17069,5121,379
2021-08-01,Europe,France,Clothing,Accessories,6508,1302,217
2021-08-01,Europe,France,Furniture,Home,10703,1927,43
2021-08-01,Europe,France,Furniture,Office,7981,1756,27
2021-08-01,Asia,Japan,Electronics,Phones,34283,3428,229
2021-08-01,Asia,Japan,Electronics,Computers,22914,3437,115
2021-08-01,Asia,Japan,Clothing,Apparel,19915,5974,443
2021-08-01,Asia,Japan,Clothing,Accessories,8558,1712,285
2021-08-01,Asia,Japan,Furniture,Home,13200,2376,53
2021-08-01,Asia,Japan,Furniture,Office,10347,2276,34
2021-08-01,Asia,China,Electronics,Phones,41858,4186,279
2021-08-01,Asia,China,Electronics,Computers,24911,3737,125
2021-08-01,Asia,China,Clothing,Apparel,24275,7282,539
2021-08-01,Asia,China,Clothing,Accessories,9712,1942,324
2021-08-01,Asia,China,Furniture,Home,16749,3015,67
2021-08-01,Asia,China,Furniture,Office,12136,2670,40
2021-08-01,Asia,India,Electronics,Phones,12303,1230,82
2021-08-01,Asia,India,Electronics,Computers,8299,1245,41
2021-08-01,Asia,India,Clothing,Apparel,7235,2170,161
2021-08-01,Asia,India,Clothing,Accessories,3356,671,112
2021-08-01,Asia,India,Furniture,Home,5183,933,21
2021-08-01,Asia,India,Furniture,Office,3188,701,11
2021-08-01,Africa,South Africa,Electronics,Phones,5670,567,38
2021-08-01,Africa,South Africa,Electronics,Computers,3766,565,19
2021-08-01,Africa,South Africa,Clothing,Apparel,2795,838,62
2021-08-01,Africa,South Africa,Clothing,Accessories,1401,280,47
2021-08-01,Africa,South Africa,Furniture,Home,2096,377,8
2021-08-01,Africa,South Africa,Furniture,Office,1243,273,4
2021-09-01,North America,United States,Electronics,Phones,54349,5435,362
2021-09-01,North America,United States,Electronics,Computers,39035,5855,195
2021-09-01,North America,United States,Clothing,Apparel,30882,9265,686
2021-09-01,North America,United States,Clothing,Accessories,13806,2761,460
2021-09-01,North America,United States,Furniture,Home,26979,4856,108
2021-09-01,North America,United States,Furniture,Office,17476,3845,58
2021-09-01,North America,Canada,Electronics,Phones,18862,1886,126
2021-09-01,North America,Canada,Electronics,Computers,12848,1927,64
2021-09-01,North America,Canada,Clothing,Apparel,11501,3450,256
2021-09-01,North America,Canada,Clothing,Accessories,4926,985,164
2021-09-01,North America,Canada,Furniture,Home,8499,1530,34
2021-09-01,North America,Canada,Furniture,Office,6229,1370,21
2021-09-01,South America,Brazil,Electronics,Phones,17004,1700,113
2021-09-01,South America,Brazil,Electronics,Computers,11418,1713,57
2021-09-01,South America,Brazil,Clothing,Apparel,9576,2873,213
2021-09-01,South America,Brazil,Clothing,Accessories,4539,908,151
2021-09-01,South America,Brazil,Furniture,Home,6601,1188,26
2021-09-01,South America,Brazil,Furniture,Office,4475,984,15
2021-09-01,Europe,United Kingdom,Electronics,Phones,33932,3393,226
2021-09-01,Europe,United Kingdom,Electronics,Computers,21974,3296,110
2021-09-01,Europe,United Kingdom,Clothing,Apparel,19922,5977,443
2021-09-01,Europe,United Kingdom,Clothing,Accessories,9075,1815,302
2021-09-01,Europe,United Kingdom,Furniture,Home,13557,2440,54
2021-09-01,Europe,United Kingdom,Furniture,Office,9041,1989,30
2021-09-01,Europe,Germany,Electronics,Phones,27501,2750,183
2021-09-01,Europe,Germany,Electronics,Computers,17175,2576,86
2021-09-01,Europe,Germany,Clothing,Apparel,17346,5204,385
2021-09-01,Europe,Germany,Clothing,Accessories,7131,1426,238
2021-09-01,Europe,Germany,Furniture,Home,12902,2322,52
2021-09-01,Europe,Germany,Furniture,Office,8777,1931,29
2021-09-01,Europe,France,Electronics,Phones,24645,2464,164
2021-09-01,Europe,France,Electronics,Computers,15364,2305,77
2021-09-01,Europe,France,Clothing,Apparel,19683,5905,437
2021-09-01,Europe,France,Clothing,Accessories,7867,1573,262
2021-09-01,Europe,France,Furniture,Home,11296,2033,45
2021-09-01,Europe,France,Furniture,Office,7621,1677,25
2021-09-01,Asia,Japan,Electronics,Phones,33769,3377,225
2021-09-01,Asia,Japan,Electronics,Computers,26150,3922,131
2021-09-01,Asia,Japan,Clothing,Apparel,21133,6340,470
2021-09-01,Asia,Japan,Clothing,Accessories,9568,1914,319
2021-09-01,Asia,Japan,Furniture,Home,15487,2788,62
2021-09-01,Asia,Japan,Furniture,Office,11017,2424,37
2021-09-01,Asia,China,Electronics,Phones,47183,4718,315
2021-09-01,Asia,China,Electronics,Computers,30135,4520,151
2021-09-01,Asia,China,Clothing,Apparel,24426,7328,543
2021-09-01,Asia,China,Clothing,Accessories,12442,2488,415
2021-09-01,Asia,China,Furniture,Home,22008,3961,88
2021-09-01,Asia,China,Furniture,Office,14355,3158,48
2021-09-01,Asia,India,Electronics,Phones,12870,1287,86
2021-09-01,Asia,India,Electronics,Computers,8296,1244,41
2021-09-01,Asia,India,Clothing,Apparel,8287,2486,184
2021-09-01,Asia,India,Clothing,Accessories,3401,680,113
2021-09-01,Asia,India,Furniture,Home,5622,1012,22
2021-09-01,Asia,India,Furniture,Office,3471,764,12
2021-09-01,Africa,South Africa,Electronics,Phones,6001,600,40
2021-09-01,Africa,South Africa,Electronics,Computers,3730,560,19
2021-09-01,Africa,South Africa,Clothing,Apparel,3218,965,72
2021-09-01,Africa,South Africa,Clothing,Accessories,1465,293,49
2021-09-01,Africa,South Africa,Furniture,Home,2254,406,9
2021-09-01,Africa,South Africa,Furniture,Office,1460,321,5
2021-10-01,North America,United States,Electronics,Phones,56704,5670,378
2021-10-01,North America,United States,Electronics,Computers,40439,6066,202
2021-10-01,North America,United States,Clothing,Apparel,37120,11136,825
2021-10-01,North America,United States,Clothing,Accessories,15107,3021,504
2021-10-01,North America,United States,Furniture,Home,26074,4693,104
2021-10-01,North America,United States,Furniture,Office,18701,4114,62
2021-10-01,North America,Canada,Electronics,Phones,17085,1708,114
2021-10-01,North America,Canada,Electronics,Computers,13781,2067,69
2021-10-01,North America,Canada,Clothing,Apparel,12333,3700,274
2021-10-01,North America,Canada,Clothing,Accessories,5156,1031,172
2021-10-01,North America,Canada,Furniture,Home,9452,1701,38
2021-10-01,North America,Canada,Furniture,Office,6087,1339,20
2021-10-01,South America,Brazil,Electronics,Phones,16603,1660,111
2021-10-01,South America,Brazil,Electronics,Computers,11321,1698,57
2021-10-01,South America,Brazil,Clothing,Apparel,9582,2875,213
2021-10-01,South America,Brazil,Clothing,Accessories,4325,865,144
2021-10-01,South America,Brazil,Furniture,Home,7369,1326,29
2021-10-01,South America,Brazil,Furniture,Office,4819,1060,16
2021-10-01,Europe,United Kingdom,Electronics,Phones,36069,3607,240
2021-10-01,Europe,United Kingdom,Electronics,Computers,22393,3359,112
2021-10-01,Europe,United Kingdom,Clothing,Apparel,21600,6480,480
2021-10-01,Europe,United Kingdom,Clothing,Accessories,9616,1923,321
2021-10-01,Europe,United Kingdom,Furniture,Home,13705,2467,55
2021-10-01,Europe,United Kingdom,Furniture,Office,10064,2214,34
2021-10-01,Europe,Germany,Electronics,Phones,25842,2584,172
2021-10-01,Europe,Germany,Electronics,Computers,19780,2967,99
2021-10-01,Europe,Germany,Clothing,Apparel,17383,5215,386
2021-10-01,Europe,Germany,Clothing,Accessories,7858,1572,262
2021-10-01,Europe,Germany,Furniture,Home,12493,2249,50
2021-10-01,Europe,Germany,Furniture,Office,9530,2097,32
2021-10-01,Europe,France,Electronics,Phones,26998,2700,180
2021-10-01,Europe,France,Electronics,Computers,17199,2580,86
2021-10-01,Europe,France,Clothing,Apparel,17900,5370,398
2021-10-01,Europe,France,Clothing,Accessories,8132,1626,271
2021-10-01,Europe,France,Furniture,Home,12663,2279,51
2021-10-01,Europe,France,Furniture,Office,7978,1755,27
2021-10-01,Asia,Japan,Electronics,Phones,39824,3982,265
2021-10-01,Asia,Japan,Electronics,Computers,27187,4078,136
2021-10-01,Asia,Japan,Clothing,Apparel,23109,6933,514
2021-10-01,Asia,Japan,Clothing,Accessories,10436,2087,348
2021-10-01,Asia,Japan,Furniture,Home,15722,2830,63
2021-10-01,Asia,Japan,Furniture,Office,11456,2520,38
2021-10-01,Asia,China,Electronics,Phones,48811,4881,325
2021-10-01,Asia,China,Electronics,Computers,31874,4781,159
2021-10-01,Asia,China,Clothing,Apparel,29311,8793,651
2021-10-01,Asia,China,Clothing,Accessories,11130,2226,371
2021-10-01,Asia,China,Furniture,Home,19438,3499,78
2021-10-01,Asia,China,Furniture,Office,13900,3058,46
2021-10-01,Asia,India,Electronics,Phones,13169,1317,88
2021-10-01,Asia,India,Electronics,Computers,9070,1360,45
2021-10-01,Asia,India,Clothing,Apparel,8573,2572,191
2021-10-01,Asia,India,Clothing,Accessories,3980,796,133
2021-10-01,Asia,India,Furniture,Home,6032,1086,24
2021-10-01,Asia,India,Furniture,Office,4373,962,15
2021-10-01,Africa,South Africa,Electronics,Phones,5872,587,39
2021-10-01,Africa,South Africa,Electronics,Computers,3916,587,20
2021-10-01,Africa,South Africa,Clothing,Apparel,3699,1110,82
2021-10-01,Africa,South Africa,Clothing,Accessories,1629,326,54
2021-10-01,Africa,South Africa,Furniture,Home,2286,411,9
2021-10-01,Africa,South Africa,Furniture,Office,1553,342,5
2021-11-01,North America,United States,Electronics,Phones,64964,6496,433
2021-11-01,North America,United States,Electronics,Computers,50003,7500,250
2021-11-01,North America,United States,Clothing,Apparel,40672,12202,904
2021-11-01,North America,United States,Clothing,Accessories,19417,3883,647
2021-11-01,North America,United States,Furniture,Home,32073,5773,128
2021-11-01,North America,United States,Furniture,Office,20904,4599,70
2021-11-01,North America,Canada,Electronics,Phones,24535,2454,164
2021-11-01,North America,Canada,Electronics,Computers,15356,2303,77
2021-11-01,North America,Canada,Clothing,Apparel,15597,4679,347
2021-11-01,North America,Canada,Clothing,Accessories,6021,1204,201
2021-11-01,North America,Canada,Furniture,Home,10353,1864,41
2021-11-01,North America,Canada,Furniture,Office,7008,1542,23
2021-11-01,South America,Brazil,Electronics,Phones,20992,2099,140
2021-11-01,South America,Brazil,Electronics,Computers,12985,1948,65
2021-11-01,South America,Brazil,Clothing,Apparel,12931,3879,287
2021-11-01,South America,Brazil,Clothing,Accessories,5985,1197,200
2021-11-01,South America,Brazil,Furniture,Home,9395,1691,38
2021-11-01,South America,Brazil,Furniture,Office,5595,1231,19
2021-11-01,Europe,United Kingdom,Electronics,Phones,45119,4512,301
2021-11-01,Europe,United Kingdom,Electronics,Computers,26476,3971,132
2021-11-01,Europe,United Kingdom,Clothing,Apparel,27647,8294,614
2021-11-01,Europe,United Kingdom,Clothing,Accessories,11585,2317,386
2021-11-01,Europe,United Kingdom,Furniture,Home,18292,3293,73
2021-11-01,Europe,United Kingdom,Furniture,Office,11374,2502,38
2021-11-01,Europe,Germany,Electronics,Phones,35150,3515,234
2021-11-01,Europe,Germany,Electronics,Computers,21801,3270,109
2021-11-01,Europe,Germany,Clothing,Apparel,21938,6581,488
2021-11-01,Europe,Germany,Clothing,Accessories,9537,1907,318
2021-11-01,Europe,Germany,Furniture,Home,16957,3052,68
2021-11-01,Europe,Germany,Furniture,Office,11903,2619,40
2021-11-01,Europe,France,Electronics,Phones,27962,2796,186
2021-11-01,Europe,France,Electronics,Computers,19048,2857,95
2021-11-01,Europe,France,Clothing,Apparel,24638,7391,548
2021-11-01,Europe,France,Clothing,Accessories,9296,1859,310
2021-11-01,Europe,France,Furniture,Home,16954,3052,68
2021-11-01,Europe,France,Furniture,Office,10908,2400,36
2021-11-01,Asia,Japan,Electronics,Phones,51705,5170,345
2021-11-01,Asia,Japan,Electronics,Computers,30986,4648,155
2021-11-01,Asia,Japan,Clothing,Apparel,32982,9895,733
2021-11-01,Asia,Japan,Clothing,Accessories,11863,2373,395
2021-11-01,Asia,Japan,Furniture,Home,20150,3627,81
2021-11-01,Asia,Japan,Furniture,Office,12781,2812,43
2021-11-01,Asia,China,Electronics,Phones,57805,5780,385
2021-11-01,Asia,China,Electronics,Computers,38082,5712,190
2021-11-01,Asia,China,Clothing,Apparel,36103,10831,802
2021-11-01,Asia,China,Clothing,Accessories,15185,3037,506
2021-11-01,Asia,China,Furniture,Home,27577,4964,110
2021-11-01,Asia,China,Furniture,Office,16264,3578,54
2021-11-01,Asia,India,Electronics,Phones,16615,1662,111
2021-11-01,Asia,India,Electronics,Computers,11353,1703,57
2021-11-01,Asia,India,Clothing,Apparel,11804,3541,262
2021-11-01,Asia,India,Clothing,Accessories,4278,856,143
2021-11-01,Asia,India,Furniture,Home,7152,1287,29
2021-11-01,Asia,India,Furniture,Office,4837,1064,16
2021-11-01,Africa,South Africa,Electronics,Phones,7270,727,48
2021-11-01,Africa,South Africa,Electronics,Computers,4538,681,23
2021-11-01,Africa,South Africa,Clothing,Apparel,4283,1285,95
2021-11-01,Africa,South Africa,Clothing,Accessories,1882,376,63
2021-11-01,Africa,South Africa,Furniture,Home,2678,482,11
2021-11-01,Africa,South Africa,Furniture,Office,1727,380,6
2021-12-01,North America,United States,Electronics,Phones,83736,8374,558
2021-12-01,North America,United States,Electronics,Computers,51308,7696,257
2021-12-01,North America,United States,Clothing,Apparel,50422,15127,1120
2021-12-01,North America,United States,Clothing,Accessories,21599,4320,720
2021-12-01,North America,United States,Furniture,Home,39086,7035,156
2021-12-01,North America,United States,Furniture,Office,25637,5640,85
2021-12-01,North America,Canada,Electronics,Phones,24767,2477,165
2021-12-01,North America,Canada,Electronics,Computers,18734,2810,94
2021-12-01,North America,Canada,Clothing,Apparel,18005,5402,400
2021-12-01,North America,Canada,Clothing,Accessories,8256,1651,275
2021-12-01,North America,Canada,Furniture,Home,12854,2314,51
2021-12-01,North America,Canada,Furniture,Office,8922,1963,30
2021-12-01,South America,Brazil,Electronics,Phones,25694,2569,171
2021-12-01,South America,Brazil,Electronics,Computers,17294,2594,86
2021-12-01,South America,Brazil,Clothing,Apparel,14405,4322,320
2021-12-01,South America,Brazil,Clothing,Accessories,6588,1318,220
2021-12-01,South America,Brazil,Furniture,Home,10352,1863,41
2021-12-01,South America,Brazil,Furniture,Office,7201,1584,24
2021-12-01,Europe,United Kingdom,Electronics,Phones,53147,5315,354
2021-12-01,Europe,United Kingdom,Electronics,Computers,31297,4695,156
2021-12-01,Europe,United Kingdom,Clothing,Apparel,29023,8707,645
2021-12-01,Europe,United Kingdom,Clothing,Accessories,13601,2720,453
2021-12-01,Europe,United Kingdom,Furniture,Home,21578,3884,86
2021-12-01,Europe,United Kingdom,Furniture,Office,14706,3235,49
2021-12-01,Europe,Germany,Electronics,Phones,39702,3970,265
2021-12-01,Europe,Germany,Electronics,Computers,24811,3722,124
2021-12-01,Europe,Germany,Clothing,Apparel,25624,7687,569
2021-12-01,Europe,Germany,Clothing,Accessories,11195,2239,373
2021-12-01,Europe,Germany,Furniture,Home,21198,3816,85
2021-12-01,Europe,Germany,Furniture,Office,11610,2554,39
2021-12-01,Europe,France,Electronics,Phones,32087,3209,214
2021-12-01,Europe,France,Electronics,Computers,24235,3635,121
2021-12-01,Europe,France,Clothing,Apparel,25475,7642,566
2021-12-01,Europe,France,Clothing,Accessories,12644,2529,421
2021-12-01,Europe,France,Furniture,Home,19364,3486,77
2021-12-01,Europe,France,Furniture,Office,13395,2947,45
2021-12-01,Asia,Japan,Electronics,Phones,54921,5492,366
2021-12-01,Asia,Japan,Electronics,Computers,36016,5402,180
2021-12-01,Asia,Japan,Clothing,Apparel,35529,10659,790
2021-12-01,Asia,Japan,Clothing,Accessories,15459,3092,515
2021-12-01,Asia,Japan,Furniture,Home,21331,3840,85
2021-12-01,Asia,Japan,Furniture,Office,14820,3260,49
2021-12-01,Asia,China,Electronics,Phones,61663,6166,411
2021-12-01,Asia,China,Electronics,Computers,45481,6822,227
2021-12-01,Asia,China,Clothing,Apparel,38578,11573,857
2021-12-01,Asia,China,Clothing,Accessories,17217,3443,574
2021-12-01,Asia,China,Furniture,Home,29030,5225,116
2021-12-01,Asia,China,Furniture,Office,18079,3977,60
2021-12-01,Asia,India,Electronics,Phones,20063,2006,134
2021-12-01,Asia,India,Electronics,Computers,12487,1873,62
2021-12-01,Asia,India,Clothing,Apparel,13100,3930,291
2021-12-01,Asia,India,Clothing,Accessories,5498,1100,183
2021-12-01,Asia,India,Furniture,Home,7788,1402,31
2021-12-01,Asia,India,Furniture,Office,5360,1179,18
2021-12-01,Africa,South Africa,Electronics,Phones,8306,831,55
2021-12-01,Africa,South Africa,Electronics,Computers,5546,832,28
2021-12-01,Africa,South Africa,Clothing,Apparel,5188,1556,115
2021-12-01,Africa,South Africa,Clothing,Accessories,2328,466,78
2021-12-01,Africa,South Africa,Furniture,Home,3416,615,14
2021-12-01,Africa,South Africa,Furniture,Office,2212,487,7
2022-01-01,North America,United States,Electronics,Phones,44112,4411,294
2022-01-01,North America,United States,Electronics,Computers,30268,4540,151
2022-01-01,North America,United States,Clothing,Apparel,29709,8913,660
2022-01-01,North America,United States,Clothing,Accessories,11894,2379,396
2022-01-01,North America,United States,Furniture,Home,19980,3596,80
2022-01-01,North America,United States,Furniture,Office,14557,3203,49
2022-01-01,North America,Canada,Electronics,Phones,14505,1450,97
2022-01-01,North America,Canada,Electronics,Computers,10316,1547,52
2022-01-01,North America,Canada,Clothing,Apparel,10288,3086,229
2022-01-01,North America,Canada,Clothing,Accessories,3967,793,132
2022-01-01,North America,Canada,Furniture,Home,7403,1333,30
2022-01-01,North America,Canada,Furniture,Office,4548,1001,15
2022-01-01,South America,Brazil,Electronics,Phones,13081,1308,87
2022-01-01,South America,Brazil,Electronics,Computers,8153,1223,41
2022-01-01,South America,Brazil,Clothing,Apparel,8571,2571,190
2022-01-01,South America,Brazil,Clothing,Accessories,3754,751,125
2022-01-01,South America,Brazil,Furniture,Home,6362,1145,25
2022-01-01,South America,Brazil,Furniture,Office,3820,840,13
2022-01-01,Europe,United Kingdom,Electronics,Phones,29060,2906,194
2022-01-01,Europe,United Kingdom,Electronics,Computers,16933,2540,85
2022-01-01,Europe,United Kingdom,Clothing,Apparel,15604,4681,347
2022-01-01,Europe,United Kingdom,Clothing,Accessories,8093,1619,270
2022-01-01,Europe,United Kingdom,Furniture,Home,12106,2179,48
2022-01-01,Europe,United Kingdom,Furniture,Office,8410,1850,28
2022-01-01,Europe,Germany,Electronics,Phones,22153,2215,148
2022-01-01,Europe,Germany,Electronics,Computers,14240,2136,71
2022-01-01,Europe,Germany,Clothing,Apparel,14037,4211,312
2022-01-01,Europe,Germany,Clothing,Accessories,6334,1267,211
2022-01-01,Europe,Germany,Furniture,Home,11161,2009,45
2022-01-01,Europe,Germany,Furniture,Office,7375,1622,25
2022-01-01,Europe,France,Electronics,Phones,18758,1876,125
2022-01-01,Europe,France,Electronics,Computers,11771,1766,59
2022-01-01,Europe,France,Clothing,Apparel,14891,4467,331
2022-01-01,Europe,France,Clothing,Accessories,6490,1298,216
2022-01-01,Europe,France,Furniture,Home,9509,1712,38
2022-01-01,Europe,France,Furniture,Office,6626,1458,22
2022-01-01,Asia,Japan,Electronics,Phones,33465,3346,223
2022-01-01,Asia,Japan,Electronics,Computers,19303,2895,97
2022-01-01,Asia,Japan,Clothing,Apparel,18522,5557,412
2022-01-01,Asia,Japan,Clothing,Accessories,7624,1525,254
2022-01-01,Asia,Japan,Furniture,Home,13728,2471,55
2022-01-01,Asia,Japan,Furniture,Office,9139,2011,30
2022-01-01,Asia,China,Electronics,Phones,38349,3835,256
2022-01-01,Asia,China,Electronics,Computers,23348,3502,117
2022-01-01,Asia,China,Clothing,Apparel,19945,5984,443
2022-01-01,Asia,China,Clothing,Accessories,9413,1883,314
2022-01-01,Asia,China,Furniture,Home,16530,2975,66
2022-01-01,Asia,China,Furniture,Office,10337,2274,34
2022-01-01,Asia,India,Electronics,Phones,11526,1153,77
2022-01-01,Asia,India,Electronics,Computers,7413,1112,37
2022-01-01,Asia,India,Clothing,Apparel,6920,2076,154
2022-01-01,Asia,India,Clothing,Accessories,3114,623,104
2022-01-01,Asia,India,Furniture,Home,4386,789,18
2022-01-01,Asia,India,Furniture,Office,3383,744,11
2022-01-01,Africa,South Africa,Electronics,Phones,5027,503,34
2022-01-01,Africa,South Africa,Electronics,Computers,3424,514,17
2022-01-01,Africa,South Africa,Clothing,Apparel,2852,856,63
2022-01-01,Africa,South Africa,Clothing,Accessories,1094,219,36
2022-01-01,Africa,South Africa,Furniture,Home,1851,333,7
2022-01-01,Africa,South Africa,Furniture,Office,1171,258,4
2022-02-01,North America,United States,Electronics,Phones,43282,4328,289
2022-02-01,North America,United States,Electronics,Computers,27796,4169,139
2022-02-01,North America,United States,Clothing,Apparel,23266,6980,517
2022-02-01,North America,United States,Clothing,Accessories,12026,2405,401
2022-02-01,North America,United States,Furniture,Home,20095,3617,80
2022-02-01,North America,United States,Furniture,Office,13157,2895,44
2022-02-01,North America,Canada,Electronics,Phones,12693,1269,85
2022-02-01,North America,Canada,Electronics,Computers,9163,1374,46
2022-02-01,North America,Canada,Clothing,Apparel,8219,2466,183
2022-02-01,North America,Canada,Clothing,Accessories,3890,778,130
2022-02-01,North America,Canada,Furniture,Home,6852,1233,27
2022-02-01,North America,Canada,Furniture,Office,4261,937,14
2022-02-01,South America,Brazil,Electronics,Phones,12365,1236,82
2022-02-01,South America,Brazil,Electronics,Computers,7812,1172,39
2022-02-01,South America,Brazil,Clothing,Apparel,8356,2507,186
2022-02-01,South America,Brazil,Clothing,Accessories,3202,640,107
2022-02-01,South America,Brazil,Furniture,Home,5194,935,21
2022-02-01,South America,Brazil,Furniture,Office,3525,776,12
2022-02-01,Europe,United Kingdom,Electronics,Phones,24004,2400,160
2022-02-01,Europe,United Kingdom,Electronics,Computers,16408,2461,82
2022-02-01,Europe,United Kingdom,Clothing,Apparel,14908,4472,331
2022-02-01,Europe,United Kingdom,Clothing,Accessories,6433,1287,214
2022-02-01,Europe,United Kingdom,Furniture,Home,10568,1902,42
2022-02-01,Europe,United Kingdom,Furniture,Office,6664,1466,22
2022-02-01,Europe,Germany,Electronics,Phones,20981,2098,140
2022-02-01,Europe,Germany,Electronics,Computers,13690,2054,68
2022-02-01,Europe,Germany,Clothing,Apparel,12156,3647,270
2022-02-01,Europe,Germany,Clothing,Accessories,5369,1074,179
2022-02-01,Europe,Germany,Furniture,Home,9600,1728,38
2022-02-01,Europe,Germany,Furniture,Office,6165,1356,21
2022-02-01,Europe,France,Electronics,Phones,19010,1901,127
2022-02-01,Europe,France,Electronics,Computers,11648,1747,58
2022-02-01,Europe,France,Clothing,Apparel,13480,4044,300
2022-02-01,Europe,France,Clothing,Accessories,5566,1113,186
2022-02-01,Europe,France,Furniture,Home,9622,1732,38
2022-02-01,Europe,France,Furniture,Office,6070,1335,20
2022-02-01,Asia,Japan,Electronics,Phones,28455,2846,190
2022-02-01,Asia,Japan,Electronics,Computers,17767,2665,89
2022-02-01,Asia,Japan,Clothing,Apparel,17973,5392,399
2022-02-01,Asia,Japan,Clothing,Accessories,8020,1604,267
2022-02-01,Asia,Japan,Furniture,Home,11216,2019,45
2022-02-01,Asia,Japan,Furniture,Office,7393,1626,25
2022-02-01,Asia,China,Electronics,Phones,32718,3272,218
2022-02-01,Asia,China,Electronics,Computers,20716,3107,104
2022-02-01,Asia,China,Clothing,Apparel,21059,6318,468
2022-02-01,Asia,China,Clothing,Accessories,9019,1804,301
2022-02-01,Asia,China,Furniture,Home,16538,2977,66
2022-02-01,Asia,China,Furniture,Office,10743,2363,36
2022-02-01,Asia,India,Electronics,Phones,10194,1019,68
2022-02-01,Asia,India,Electronics,Computers,6392,959,32
2022-02-01,Asia,India,Clothing,Apparel,6867,2060,153
2022-02-01,Asia,India,Clothing,Accessories,2885,577,96
2022-02-01,Asia,India,Furniture,Home,4579,824,18
2022-02-01,Asia,India,Furniture,Office,2971,654,10
2022-02-01,Africa,South Africa,Electronics,Phones,4847,485,32
2022-02-01,Africa,South Africa,Electronics,Computers,3103,465,16
2022-02-01,Africa,South Africa,Clothing,Apparel,2565,770,57
2022-02-01,Africa,South Africa,Clothing,Accessories,1025,205,34
2022-02-01,Africa,South Africa,Furniture,Home,1764,318,7
2022-02-01,Africa,South Africa,Furniture,Office,1200,264,4
2022-03-01,North America,United States,Electronics,Phones,46744,4674,312
2022-03-01,North America,United States,Electronics,Computers,31083,4662,155
2022-03-01,North America,United States,Clothing,Apparel,30351,9105,674
2022-03-01,North America,United States,Clothing,Accessories,13072,2614,436
2022-03-01,North America,United States,Furniture,Home,21801,3924,87
2022-03-01,North America,United States,Furniture,Office,13850,3047,46
2022-03-01,North America,Canada,Electronics,Phones,14815,1482,99
2022-03-01,North America,Canada,Electronics,Computers,11209,1681,56
2022-03-01,North America,Canada,Clothing,Apparel,10484,3145,233
2022-03-01,North America,Canada,Clothing,Accessories,4753,951,158
2022-03-01,North America,Canada,Furniture,Home,7364,1326,29
2022-03-01,North America,Canada,Furniture,Office,5218,1148,17
2022-03-01,South America,Brazil,Electronics,Phones,14255,1426,95
2022-03-01,South America,Brazil,Electronics,Computers,9731,1460,49
2022-03-01,South America,Brazil,Clothing,Apparel,9453,2836,210
2022-03-01,South America,Brazil,Clothing,Accessories,3728,746,124
2022-03-01,South America,Brazil,Furniture,Home,5683,1023,23
2022-03-01,South America,Brazil,Furniture,Office,4161,915,14
2022-03-01,Europe,United Kingdom,Electronics,Phones,27387,2739,183
2022-03-01,Europe,United Kingdom,Electronics,Computers,18671,2801,93
2022-03-01,Europe,United Kingdom,Clothing,Apparel,17090,5127,380
2022-03-01,Europe,United Kingdom,Clothing,Accessories,8261,1652,275
2022-03-01,Europe,United Kingdom,Furniture,Home,12807,2305,51
2022-03-01,Europe,United Kingdom,Furniture,Office,7740,1703,26
2022-03-01,Europe,Germany,Electronics,Phones,21365,2136,142
2022-03-01,Europe,Germany,Electronics,Computers,16454,2468,82
2022-03-01,Europe,Germany,Clothing,Apparel,15504,4651,345
2022-03-01,Europe,Germany,Clothing,Accessories,6054,1211,202
2022-03-01,Europe,Germany,Furniture,Home,11628,2093,47
2022-03-01,Europe,Germany,Furniture,Office,7967,1753,27
2022-03-01,Europe,France,Electronics,Phones,20834,2083,139
2022-03-01,Europe,France,Electronics,Computers,13525,2029,68
2022-03-01,Europe,France,Clothing,Apparel,15820,4746,352
2022-03-01,Europe,France,Clothing,Accessories,7066,1413,236
2022-03-01,Europe,France,Furniture,Home,10765,1938,43
2022-03-01,Europe,France,Furniture,Office,7782,1712,26
2022-03-01,Asia,Japan,Electronics,Phones,31858,3186,212
2022-03-01,Asia,Japan,Electronics,Computers,21051,3158,105
2022-03-01,Asia,Japan,Clothing,Apparel,21776,6533,484
2022-03-01,Asia,Japan,Clothing,Accessories,8941,1788,298
2022-03-01,Asia,Japan,Furniture,Home,14584,2625,58
2022-03-01,Asia,Japan,Furniture,Office,9081,1998,30
2022-03-01,Asia,China,Electronics,Phones,39797,3980,265
2022-03-01,Asia,China,Electronics,Computers,25313,3797,127
2022-03-01,Asia,China,Clothing,Apparel,22181,6654,493
2022-03-01,Asia,China,Clothing,Accessories,10362,2072,345
2022-03-01,Asia,China,Furniture,Home,16080,2894,64
2022-03-01,Asia,China,Furniture,Office,12717,2798,42
2022-03-01,Asia,India,Electronics,Phones,11458,1146,76
2022-03-01,Asia,India,Electronics,Computers,7507,1126,38
2022-03-01,Asia,India,Clothing,Apparel,7453,2236,166
2022-03-01,Asia,India,Clothing,Accessories,3113,623,104
2022-03-01,Asia,India,Furniture,Home,5073,913,20
2022-03-01,Asia,India,Furniture,Office,3561,783,12
2022-03-01,Africa,South Africa,Electronics,Phones,4693,469,31
2022-03-01,Africa,South Africa,Electronics,Computers,3650,548,18
2022-03-01,Africa,South Africa,Clothing,Apparel,2675,802,59
2022-03-01,Africa,South Africa,Clothing,Accessories,1156,231,39
2022-03-01,Africa,South Africa,Furniture,Home,2000,360,8
2022-03-01,Africa,South Africa,Furniture,Office,1323,291,4
2022-04-01,North America,United States,Electronics,Phones,48604,4860,324
2022-04-01,North America,United States,Electronics,Computers,33169,4975,166
2022-04-01,North America,United States,Clothing,Apparel,31986,9596,711
2022-04-01,North America,United States,Clothing,Accessories,12195,2439,406
2022-04-01,North America,United States,Furniture,Home,24718,4449,99
2022-04-01,North America,United States,Furniture,Office,16697,3673,56
2022-04-01,North America,Canada,Electronics,Phones,17942,1794,120
2022-04-01,North America,Canada,Electronics,Computers,11370,1706,57
2022-04-01,North America,Canada,Clothing,Apparel,9763,2929,217
2022-04-01,North America,Canada,Clothing,Accessories,4320,864,144
2022-04-01,North America,Canada,Furniture,Home,7410,1334,30
2022-04-01,North America,Canada,Furniture,Office,5346,1176,18
2022-04-01,South America,Brazil,Electronics,Phones,14289,1429,95
2022-04-01,South America,Brazil,Electronics,Computers,9892,1484,49
2022-04-01,South America,Brazil,Clothing,Apparel,8732,2620,194
2022-04-01,South America,Brazil,Clothing,Accessories,4129,826,138
2022-04-01,South America,Brazil,Furniture,Home,6398,1152,26
2022-04-01,South America,Brazil,Furniture,Office,4490,988,15
2022-04-01,Europe,United Kingdom,Electronics,Phones,32356,3236,216
2022-04-01,Europe,United Kingdom,Electronics,Computers,19145,2872,96
2022-04-01,Europe,United Kingdom,Clothing,Apparel,21088,6326,469
2022-04-01,Europe,United Kingdom,Clothing,Accessories,8193,1639,273
2022-04-01,Europe,United Kingdom,Furniture,Home,14565,2622,58
2022-04-01,Europe,United Kingdom,Furniture,Office,8579,1887,29
2022-04-01,Europe,Germany,Electronics,Phones,22554,2255,150
2022-04-01,Europe,Germany,Electronics,Computers,14770,2216,74
2022-04-01,Europe,Germany,Clothing,Apparel,17004,5101,378
2022-04-01,Europe,Germany,Clothing,Accessories,6514,1303,217
2022-04-01,Europe,Germany,Furniture,Home,11064,1992,44
2022-04-01,Europe,Germany,Furniture,Office,7642,1681,25
2022-04-01,Europe,France,Electronics,Phones,21343,2134,142
2022-04-01,Europe,France,Electronics,Computers,14754,2213,74
2022-04-01,Europe,France,Clothing,Apparel,15523,4657,345
2022-04-01,Europe,France,Clothing,Accessories,7603,1521,253
2022-04-01,Europe,France,Furniture,Home,12015,2163,48
2022-04-01,Europe,France,Furniture,Office,7315,1609,24
2022-04-01,Asia,Japan,Electronics,Phones,37030,3703,247
2022-04-01,Asia,Japan,Electronics,Computers,24707,3706,124
2022-04-01,Asia,Japan,Clothing,Apparel,20546,6164,457
2022-04-01,Asia,Japan,Clothing,Accessories,9674,1935,322
2022-04-01,Asia,Japan,Furniture,Home,14302,2574,57
2022-04-01,Asia,Japan,Furniture,Office,9386,2065,31
2022-04-01,Asia,China,Electronics,Phones,38914,3891,259
2022-04-01,Asia,China,Electronics,Computers,25936,3890,130
2022-04-01,Asia,China,Clothing,Apparel,25018,7505,556
2022-04-01,Asia,China,Clothing,Accessories,10971,2194,366
2022-04-01,Asia,China,Furniture,Home,18502,3330,74
2022-04-01,Asia,China,Furniture,Office,11624,2557,39
2022-04-01,Asia,India,Electronics,Phones,11678,1168,78
2022-04-01,Asia,India,Electronics,Computers,8646,1297,43
2022-04-01,Asia,India,Clothing,Apparel,8275,2482,184
2022-04-01,Asia,India,Clothing,Accessories,3091,618,103
2022-04-01,Asia,India,Furniture,Home,5842,1052,23
2022-04-01,Asia,India,Furniture,Office,3663,806,12
2022-04-01,Africa,South Africa,Electronics,Phones,4924,492,33
2022-04-01,Africa,South Africa,Electronics,Computers,3239,486,16
2022-04-01,Africa,South Africa,Clothing,Apparel,2799,840,62
2022-04-01,Africa,South Africa,Clothing,Accessories,1387,277,46
2022-04-01,Africa,South Africa,Furniture,Home,1987,358,8
2022-04-01,Africa,South Africa,Furniture,Office,1311,288,4
2022-05-01,North America,United States,Electronics,Phones,57732,5773,385
2022-05-01,North America,United States,Electronics,Computers,32140,4821,161
2022-05-01,North America,United States,Clothing,Apparel,33645,10094,748
2022-05-01,North America,United States,Clothing,Accessories,13785,2757,460
2022-05-01,North America,United States,Furniture,Home,24320,4378,97
2022-05-01,North America,United States,Furniture,Office,17303,3807,58
2022-05-01,North America,Canada,Electronics,Phones,17892,1789,119
2022-05-01,North America,Canada,Electronics,Computers,11510,1726,58
2022-05-01,North America,Canada,Clothing,Apparel,10717,3215,238
2022-05-01,North America,Canada,Clothing,Accessories,4916,983,164
2022-05-01,North America,Canada,Furniture,Home,8500,1530,34
2022-05-01,North America,Canada,Furniture,Office,5552,1221,19
2022-05-01,South America,Brazil,Electronics,Phones,14976,1498,100
2022-05-01,South America,Brazil,Electronics,Computers,9636,1445,48
2022-05-01,South America,Brazil,Clothing,Apparel,10020,3006,223
2022-05-01,South America,Brazil,Clothing,Accessories,4272,854,142
2022-05-01,South America,Brazil,Furniture,Home,7497,1349,30
2022-05-01,South America,Brazil,Furniture,Office,4427,974,15
2022-05-01,Europe,United Kingdom,Electronics,Phones,31557,3156,210
2022-05-01,Europe,United Kingdom,Electronics,Computers,20656,3098,103
2022-05-01,Europe,United Kingdom,Clothing,Apparel,20635,6190,459
2022-05-01,Europe,United Kingdom,Clothing,Accessories,8530,1706,284
2022-05-01,Europe,United Kingdom,Furniture,Home,15362,2765,61
2022-05-01,Europe,United Kingdom,Furniture,Office,9474,2084,32
2022-05-01,Europe,Germany,Electronics,Phones,27001,2700,180
2022-05-01,Europe,Germany,Electronics,Computers,15954,2393,80
2022-05-01,Europe,Germany,Clothing,Apparel,16297,4889,362
2022-05-01,Europe,Germany,Clothing,Accessories,7277,1455,243
2022-05-01,Europe,Germany,Furniture,Home,11715,2109,47
2022-05-01,Europe,Germany,Furniture,Office,8801,1936,29
2022-05-01,Europe,France,Electronics,Phones,25371,2537,169
2022-05-01,Europe,France,Electronics,Computers,16915,2537,85
2022-05-01,Europe,France,Clothing,Apparel,18997,5699,422
2022-05-01,Europe,France,Clothing,Accessories,7657,1531,255
2022-05-01,Europe,France,Furniture,Home,10912,1964,44
2022-05-01,Europe,France,Furniture,Office,8565,1884,29
2022-05-01,Asia,Japan,Electronics,Phones,33453,3345,223
2022-05-01,Asia,Japan,Electronics,Computers,24168,3625,121
2022-05-01,Asia,Japan,Clothing,Apparel,24007,7202,533
2022-05-01,Asia,Japan,Clothing,Accessories,10718,2144,357
2022-05-01,Asia,Japan,Furniture,Home,14121,2542,56
2022-05-01,Asia,Japan,Furniture,Office,10557,2323,35
2022-05-01,Asia,China,Electronics,Phones,44569,4457,297
2022-05-01,Asia,China,Electronics,Computers,26990,4048,135
2022-05-01,Asia,China,Clothing,Apparel,23831,7149,530
2022-05-01,Asia,China,Clothing,Accessories,10865,2173,362
2022-05-01,Asia,China,Furniture,Home,20722,3730,83
2022-05-01,Asia,China,Furniture,Office,13004,2861,43
2022-05-01,Asia,India,Electronics,Phones,12650,1265,84
2022-05-01,Asia,India,Electronics,Computers,8361,1254,42
2022-05-01,Asia,India,Clothing,Apparel,8561,2568,190
2022-05-01,Asia,India,Clothing,Accessories,3450,690,115
2022-05-01,Asia,India,Furniture,Home,6125,1102,24
2022-05-01,Asia,India,Furniture,Office,3962,872,13
2022-05-01,Africa,South Africa,Electronics,Phones,5372,537,36
2022-05-01,Africa,South Africa,Electronics,Computers,3391,509,17
2022-05-01,Africa,South Africa,Clothing,Apparel,3548,1064,79
2022-05-01,Africa,South Africa,Clothing,Accessories,1472,294,49
2022-05-01,Africa,South Africa,Furniture,Home,2199,396,9
2022-05-01,Africa,South Africa,Furniture,Office,1420,312,5
2022-06-01,North America,United States,Electronics,Phones,45441,4544,303
2022-06-01,North America,United States,Electronics,Computers,33028,4954,165
2022-06-01,North America,United States,Clothing,Apparel,28942,8683,643
2022-06-01,North America,United States,Clothing,Accessories,12092,2418,403
2022-06-01,North America,United States,Furniture,Home,25524,4594,102
2022-06-01,North America,United States,Furniture,Office,16454,3620,55
2022-06-01,North America,Canada,Electronics,Phones,17016,1702,113
2022-06-01,North America,Canada,Electronics,Computers,10597,1590,53
2022-06-01,North America,Canada,Clothing,Apparel,9942,2983,221
2022-06-01,North America,Canada,Clothing,Accessories,4654,931,155
2022-06-01,North America,Canada,Furniture,Home,8530,1535,34
2022-06-01,North America,Canada,Furniture,Office,5077,1117,17
2022-06-01,South America,Brazil,Electronics,Phones,13537,1354,90
2022-06-01,South America,Brazil,Electronics,Computers,9314,1397,47
2022-06-01,South America,Brazil,Clothing,Apparel,9963,2989,221
2022-06-01,South America,Brazil,Clothing,Accessories,3598,720,120
2022-06-01,South America,Brazil,Furniture,Home,6125,1102,24
2022-06-01,South America,Brazil,Furniture,Office,4139,911,14
2022-06-01,Europe,United Kingdom,Electronics,Phones,30434,3043,203
2022-06-01,Europe,United Kingdom,Electronics,Computers,18534,2780,93
2022-06-01,Europe,United Kingdom,Clothing,Apparel,19164,5749,426
2022-06-01,Europe,United Kingdom,Clothing,Accessories,8813,1763,294
2022-06-01,Europe,United Kingdom,Furniture,Home,12648,2277,51
2022-06-01,Europe,United Kingdom,Furniture,Office,9211,2026,31
2022-06-01,Europe,Germany,Electronics,Phones,24499,2450,163
2022-06-01,Europe,Germany,Electronics,Computers,17363,2604,87
2022-06-01,Europe,Germany,Clothing,Apparel,16618,4985,369
2022-06-01,Europe,Germany,Clothing,Accessories,6433,1287,214
2022-06-01,Europe,Germany,Furniture,Home,10961,1973,44
2022-06-01,Europe,Germany,Furniture,Office,7404,1629,25
2022-06-01,Europe,France,Electronics,Phones,23818,2382,159
2022-06-01,Europe,France,Electronics,Computers,13600,2040,68
2022-06-01,Europe,France,Clothing,Apparel,17032,5110,378
2022-06-01,Europe,France,Clothing,Accessories,8027,1605,268
2022-06-01,Europe,France,Furniture,Home,11901,2142,48
2022-06-01,Europe,France,Furniture,Office,7132,1569,24
2022-06-01,Asia,Japan,Electronics,Phones,34122,3412,227
2022-06-01,Asia,Japan,Electronics,Computers,23657,3549,118
2022-06-01,Asia,Japan,Clothing,Apparel,20440,6132,454
2022-06-01,Asia,Japan,Clothing,Accessories,9734,1947,324
2022-06-01,Asia,Japan,Furniture,Home,14158,2548,57
2022-06-01,Asia,Japan,Furniture,Office,10018,2204,33
2022-06-01,Asia,China,Electronics,Phones,41884,4188,279
2022-06-01,Asia,China,Electronics,Computers,24525,3679,123
2022-06-01,Asia,China,Clothing,Apparel,23146,6944,514
2022-06-01,Asia,China,Clothing,Accessories,10411,2082,347
2022-06-01,Asia,China,Furniture,Home,17857,3214,71
2022-06-01,Asia,China,Furniture,Office,13007,2862,43
2022-06-01,Asia,India,Electronics,Phones,12558,1256,84
2022-06-01,Asia,India,Electronics,Computers,8021,1203,40
2022-06-01,Asia,India,Clothing,Apparel,7562,2269,168
2022-06-01,Asia,India,Clothing,Accessories,3457,691,115
2022-06-01,Asia,India,Furniture,Home,5286,951,21
2022-06-01,Asia,India,Furniture,Office,3291,724,11
2022-06-01,Africa,South Africa,Electronics,Phones,5707,571,38
2022-06-01,Africa,South Africa,Electronics,Computers,3196,479,16
2022-06-01,Africa,South Africa,Clothing,Apparel,3364,1009,75
2022-06-01,Africa,South Africa,Clothing,Accessories,1315,263,44
2022-06-01,Africa,South Africa,Furniture,Home,2064,372,8
2022-06-01,Africa,South Africa,Furniture,Office,1451,319,5
2022-07-01,North America,United States,Electronics,Phones,48763,4876,325
2022-07-01,North America,United States,Electronics,Computers,28483,4272,142
2022-07-01,North America,United States,Clothing,Apparel,31716,9515,705
2022-07-01,North America,United States,Clothing,Accessories,12890,2578,430
2022-07-01,North America,United States,Furniture,Home,23956,4312,96
2022-07-01,North America,United States,Furniture,Office,14436,3176,48
2022-07-01,North America,Canada,Electronics,Phones,16992,1699,113
2022-07-01,North America,Canada,Electronics,Computers,11203,1680,56
2022-07-01,North America,Canada,Clothing,Apparel,9907,2972,220
2022-07-01,North America,Canada,Clothing,Accessories,4186,837,140
2022-07-01,North America,Canada,Furniture,Home,6922,1246,28
2022-07-01,North America,Canada,Furniture,Office,5173,1138,17
2022-07-01,South America,Brazil,Electronics,Phones,13499,1350,90
2022-07-01,South America,Brazil,Electronics,Computers,9702,1455,49
2022-07-01,South America,Brazil,Clothing,Apparel,9219,2766,205
2022-07-01,South America,Brazil,Clothing,Accessories,3940,788,131
2022-07-01,South America,Brazil,Furniture,Home,6384,1149,26
2022-07-01,South America,Brazil,Furniture,Office,3926,864,13
2022-07-01,Europe,United Kingdom,Electronics,Phones,27308,2731,182
2022-07-01,Europe,United Kingdom,Electronics,Computers,19533,2930,98
2022-07-01,Europe,United Kingdom,Clothing,Apparel,17123,5137,381
2022-07-01,Europe,United Kingdom,Clothing,Accessories,7915,1583,264
2022-07-01,Europe,United Kingdom,Furniture,Home,12978,2336,52
2022-07-01,Europe,United Kingdom,Furniture,Office,8918,1962,30
2022-07-01,Europe,Germany,Electronics,Phones,20942,2094,140
2022-07-01,Europe,Germany,Electronics,Computers,14227,2134,71
2022-07-01,Europe,Germany,Clothing,Apparel,13476,4043,299
2022-07-01,Europe,Germany,Clothing,Accessories,6205,1241,207
2022-07-01,Europe,Germany,Furniture,Home,10657,1918,43
2022-07-01,Europe,Germany,Furniture,Office,7201,1584,24
2022-07-01,Europe,France,Electronics,Phones,19428,1943,130
2022-07-01,Europe,France,Electronics,Computers,12485,1873,62
2022-07-01,Europe,France,Clothing,Apparel,14785,4436,329
2022-07-01,Europe,France,Clothing,Accessories,7505,1501,250
2022-07-01,Europe,France,Furniture,Home,10997,1979,44
2022-07-01,Europe,France,Furniture,Office,7586,1669,25
2022-07-01,Asia,Japan,Electronics,Phones,35555,3556,237
2022-07-01,Asia,Japan,Electronics,Computers,22345,3352,112
2022-07-01,Asia,Japan,Clothing,Apparel,21342,6403,474
2022-07-01,Asia,Japan,Clothing,Accessories,8114,1623,270
2022-07-01,Asia,Japan,Furniture,Home,14783,2661,59
2022-07-01,Asia,Japan,Furniture,Office,8519,1874,28
2022-07-01,Asia,China,Electronics,Phones,38811,3881,259
2022-07-01,Asia,China,Electronics,Computers,27096,4064,135
2022-07-01,Asia,China,Clothing,Apparel,23726,7118,527
2022-07-01,Asia,China,Clothing,Accessories,10973,2195,366
2022-07-01,Asia,China,Furniture,Home,18954,3412,76
2022-07-01,Asia,China,Furniture,Office,12167,2677,41
2022-07-01,Asia,India,Electronics,Phones,10733,1073,72
2022-07-01,Asia,India,Electronics,Computers,7477,1122,37
2022-07-01,Asia,India,Clothing,Apparel,7956,2387,177
2022-07-01,Asia,India,Clothing,Accessories,3223,645,107
2022-07-01,Asia,India,Furniture,Home,5442,980,22
2022-07-01,Asia,India,Furniture,Office,3196,703,11
2022-07-01,Africa,South Africa,Electronics,Phones,4945,494,33
2022-07-01,Africa,South Africa,Electronics,Computers,3615,542,18
2022-07-01,Africa,South Africa,Clothing,Apparel,3085,926,69
2022-07-01,Africa,South Africa,Clothing,Accessories,1210,242,40
2022-07-01,Africa,South Africa,Furniture,Home,1754,316,7
2022-07-01,Africa,South Africa,Furniture,Office,1148,253,4
2022-08-01,North America,United States,Electronics,Phones,52570,5257,350
2022-08-01,North America,United States,Electronics,Computers,32428,4864,162
2022-08-01,North America,United States,Clothing,Apparel,29956,8987,666
2022-08-01,North America,United States,Clothing,Accessories,12114,2423,404
2022-08-01,North America,United States,Furniture,Home,25363,4565,101
2022-08-01,North America,United States,Furniture,Office,14767,3249,49
2022-08-01,North America,Canada,Electronics,Phones,16406,1641,109
2022-08-01,North America,Canada,Electronics,Computers,11051,1658,55
2022-08-01,North America,Canada,Clothing,Apparel,11777,3533,262
2022-08-01,North America,Canada,Clothing,Accessories,4751,950,158
2022-08-01,North America,Canada,Furniture,Home,7457,1342,30
2022-08-01,North America,Canada,Furniture,Office,5305,1167,18
2022-08-01,South America,Brazil,Electronics,Phones,13570,1357,90
2022-08-01,South America,Brazil,Electronics,Computers,10264,1540,51
2022-08-01,South America,Brazil,Clothing,Apparel,8774,2632,195
2022-08-01,South America,Brazil,Clothing,Accessories,4099,820,137
2022-08-01,South America,Brazil,Furniture,Home,7189,1294,29
2022-08-01,South America,Brazil,Furniture,Office,4618,1016,15
2022-08-01,Europe,United Kingdom,Electronics,Phones,27515,2752,183
2022-08-01,Europe,United Kingdom,Electronics,Computers,18222,2733,91
2022-08-01,Europe,United Kingdom,Clothing,Apparel,19647,5894,437
2022-08-01,Europe,United Kingdom,Clothing,Accessories,7888,1578,263
2022-08-01,Europe,United Kingdom,Furniture,Home,13139,2365,53
2022-08-01,Europe,United Kingdom,Furniture,Office,9557,2103,32
2022-08-01,Europe,Germany,Electronics,Phones,22847,2285,152
2022-08-01,Europe,Germany,Electronics,Computers,16842,2526,84
2022-08-01,Europe,Germany,Clothing,Apparel,16838,5051,374
2022-08-01,Europe,Germany,Clothing,Accessories,6860,1372,229
2022-08-01,Europe,Germany,Furniture,Home,11396,2051,46
2022-08-01,Europe,Germany,Furniture,Office,8288,1823,28
2022-08-01,Europe,France,Electronics,Phones,23690,2369,158
2022-08-01,Europe,France,Electronics,Computers,14829,2224,74
2022-08-01,Europe,France,Clothing,Apparel,17098,5129,380
2022-08-01,Europe,France,Clothing,Accessories,7948,1590,265
2022-08-01,Europe,France,Furniture,Home,11269,2028,45
2022-08-01,Europe,France,Furniture,Office,7431,1635,25
2022-08-01,Asia,Japan,Electronics,Phones,36911,3691,246
2022-08-01,Asia,Japan,Electronics,Computers,24317,3648,122
2022-08-01,Asia,Japan,Clothing,Apparel,22933,6880,510
2022-08-01,Asia,Japan,Clothing,Accessories,9372,1874,312
2022-08-01,Asia,Japan,Furniture,Home,13159,2369,53
2022-08-01,Asia,Japan,Furniture,Office,10625,2338,35
2022-08-01,Asia,China,Electronics,Phones,42382,4238,283
2022-08-01,Asia,China,Electronics,Computers,26470,3970,132
2022-08-01,Asia,China,Clothing,Apparel,25128,7538,558
2022-08-01,Asia,China,Clothing,Accessories,11551,2310,385
2022-08-01,Asia,China,Furniture,Home,18071,3253,72
2022-08-01,Asia,China,Furniture,Office,12848,2827,43
2022-08-01,Asia,India,Electronics,Phones,11717,1172,78
2022-08-01,Asia,India,Electronics,Computers,8180,1227,41
2022-08-01,Asia,India,Clothing,Apparel,8459,2538,188
2022-08-01,Asia,India,Clothing,Accessories,3049,610,102
2022-08-01,Asia,India,Furniture,Home,5350,963,21
2022-08-01,Asia,India,Furniture,Office,3869,851,13
2022-08-01,Africa,South Africa,Electronics,Phones,4867,487,32
2022-08-01,Africa,South Africa,Electronics,Computers,3513,527,18
2022-08-01,Africa,South Africa,Clothing,Apparel,3264,979,73
2022-08-01,Africa,South Africa,Clothing,Accessories,1368,274,46
2022-08-01,Africa,South Africa,Furniture,Home,1864,336,7
2022-08-01,Africa,South Africa,Furniture,Office,1206,265,4
2022-09-01,North America,United States,Electronics,Phones,54062,5406,360
2022-09-01,North America,United States,Electronics,Computers,34616,5192,173
2022-09-01,North America,United States,Clothing,Apparel,35786,10736,795
2022-09-01,North America,United States,Clothing,Accessories,15929,3186,531
2022-09-01,North America,United States,Furniture,Home,26502,4770,106
2022-09-01,North America,United States,Furniture,Office,16734,3681,56
2022-09-01,North America,Canada,Electronics,Phones,16916,1692,113
2022-09-01,North America,Canada,Electronics,Computers,12625,1894,63
2022-09-01,North America,Canada,Clothing,Apparel,12620,3786,280
2022-09-01,North America,Canada,Clothing,Accessories,4793,959,160
2022-09-01,North America,Canada,Furniture,Home,8312,1496,33
2022-09-01,North America,Canada,Furniture,Office,6163,1356,21
2022-09-01,South America,Brazil,Electronics,Phones,16536,1654,110
2022-09-01,South America,Brazil,Electronics,Computers,10800,1620,54
2022-09-01,South America,Brazil,Clothing,Apparel,9428,2828,210
2022-09-01,South America,Brazil,Clothing,Accessories,4463,893,149
2022-09-01,South America,Brazil,Furniture,Home,7095,1277,28
2022-09-01,South America,Brazil,Furniture,Office,4953,1090,17
2022-09-01,Europe,United Kingdom,Electronics,Phones,35426,3543,236
2022-09-01,Europe,United Kingdom,Electronics,Computers,21913,3287,110
2022-09-01,Europe,United Kingdom,Clothing,Apparel,23657,7097,526
2022-09-01,Europe,United Kingdom,Clothing,Accessories,8370,1674,279
2022-09-01,Europe,United Kingdom,Furniture,Home,13448,2421,54
2022-09-01,Europe,United Kingdom,Furniture,Office,10405,2289,35
2022-09-01,Europe,Germany,Electronics,Phones,24807,2481,165
2022-09-01,Europe,Germany,Electronics,Computers,16812,2522,84
2022-09-01,Europe,Germany,Clothing,Apparel,18276,5483,406
2022-09-01,Europe,Germany,Clothing,Accessories,7626,1525,254
2022-09-01,Europe,Germany,Furniture,Home,13172,2371,53
2022-09-01,Europe,Germany,Furniture,Office,9170,2017,31
2022-09-01,Europe,France,Electronics,Phones,26174,2617,174
2022-09-01,Europe,France,Electronics,Computers,15095,2264,75
2022-09-01,Europe,France,Clothing,Apparel,19241,5772,428
2022-09-01,Europe,France,Clothing,Accessories,8807,1761,294
2022-09-01,Europe,France,Furniture,Home,11383,2049,46
2022-09-01,Europe,France,Furniture,Office,7764,1708,26
2022-09-01,Asia,Japan,Electronics,Phones,39553,3955,264
2022-09-01,Asia,Japan,Electronics,Computers,25434,3815,127
2022-09-01,Asia,Japan,Clothing,Apparel,26121,7836,580
2022-09-01,Asia,Japan,Clothing,Accessories,9392,1878,313
2022-09-01,Asia,Japan,Furniture,Home,16888,3040,68
2022-09-01,Asia,Japan,Furniture,Office,10023,2205,33
2022-09-01,Asia,China,Electronics,Phones,41373,4137,276
2022-09-01,Asia,China,Electronics,Computers,26860,4029,134
2022-09-01,Asia,China,Clothing,Apparel,26488,7946,589
2022-09-01,Asia,China,Clothing,Accessories,12500,2500,417
2022-09-01,Asia,China,Furniture,Home,20481,3687,82
2022-09-01,Asia,China,Furniture,Office,12867,2831,43
2022-09-01,Asia,India,Electronics,Phones,13524,1352,90
2022-09-01,Asia,India,Electronics,Computers,9418,1413,47
2022-09-01,Asia,India,Clothing,Apparel,7931,2379,176
2022-09-01,Asia,India,Clothing,Accessories,3688,738,123
2022-09-01,Asia,India,Furniture,Home,6257,1126,25
2022-09-01,Asia,India,Furniture,Office,3716,818,12
2022-09-01,Africa,South Africa,Electronics,Phones,6263,626,42
2022-09-01,Africa,South Africa,Electronics,Computers,3878,582,19
2022-09-01,Africa,South Africa,Clothing,Apparel,3658,1097,81
2022-09-01,Africa,South Africa,Clothing,Accessories,1618,324,54
2022-09-01,Africa,South Africa,Furniture,Home,2293,413,9
2022-09-01,Africa,South Africa,Furniture,Office,1424,313,5
2022-10-01,North America,United States,Electronics,Phones,63642,6364,424
2022-10-01,North America,United States,Electronics,Computers,39330,5900,197
2022-10-01,North America,United States,Clothing,Apparel,33536,10061,745
2022-10-01,North America,United States,Clothing,Accessories,16539,3308,551
2022-10-01,North America,United States,Furniture,Home,28708,5167,115
2022-10-01,North America,United States,Furniture,Office,19035,4188,63
2022-10-01,North America,Canada,Electronics,Phones,19731,1973,132
2022-10-01,North America,Canada,Electronics,Computers,12489,1873,62
2022-10-01,North America,Canada,Clothing,Apparel,11695,3508,260
2022-10-01,North America,Canada,Clothing,Accessories,5035,1007,168
2022-10-01,North America,Canada,Furniture,Home,9140,1645,37
2022-10-01,North America,Canada,Furniture,Office,6442,1417,21
2022-10-01,South America,Brazil,Electronics,Phones,17228,1723,115
2022-10-01,South America,Brazil,Electronics,Computers,11225,1684,56
2022-10-01,South America,Brazil,Clothing,Apparel,11771,3531,262
2022-10-01,South America,Brazil,Clothing,Accessories,4222,844,141
2022-10-01,South America,Brazil,Furniture,Home,7128,1283,29
2022-10-01,South America,Brazil,Furniture,Office,5524,1215,18
2022-10-01,Europe,United Kingdom,Electronics,Phones,35651,3565,238
2022-10-01,Europe,United Kingdom,Electronics,Computers,24535,3680,123
2022-10-01,Europe,United Kingdom,Clothing,Apparel,20410,6123,454
2022-10-01,Europe,United Kingdom,Clothing,Accessories,9660,1932,322
2022-10-01,Europe,United Kingdom,Furniture,Home,13966,2514,56
2022-10-01,Europe,United Kingdom,Furniture,Office,9669,2127,32
2022-10-01,Europe,Germany,Electronics,Phones,26313,2631,175
2022-10-01,Europe,Germany,Electronics,Computers,19692,2954,98
2022-10-01,Europe,Germany,Clothing,Apparel,19478,5843,433
2022-10-01,Europe,Germany,Clothing,Accessories,7618,1524,254
2022-10-01,Europe,Germany,Furniture,Home,14804,2665,59
2022-10-01,Europe,Germany,Furniture,Office,9805,2157,33
2022-10-01,Europe,France,Electronics,Phones,26553,2655,177
2022-10-01,Europe,France,Electronics,Computers,16044,2407,80
2022-10-01,Europe,France,Clothing,Apparel,20443,6133,454
2022-10-01,Europe,France,Clothing,Accessories,8562,1712,285
2022-10-01,Europe,France,Furniture,Home,12940,2329,52
2022-10-01,Europe,France,Furniture,Office,9551,2101,32
2022-10-01,Asia,Japan,Electronics,Phones,41181,4118,275
2022-10-01,Asia,Japan,Electronics,Computers,24377,3657,122
2022-10-01,Asia,Japan,Clothing,Apparel,23691,7107,526
2022-10-01,Asia,Japan,Clothing,Accessories,10847,2169,362
2022-10-01,Asia,Japan,Furniture,Home,18581,3345,74
2022-10-01,Asia,Japan,Furniture,Office,11653,2564,39
2022-10-01,Asia,China,Electronics,Phones,49117,4912,327
2022-10-01,Asia,China,Electronics,Computers,30050,4508,150
2022-10-01,Asia,China,Clothing,Apparel,26060,7818,579
2022-10-01,Asia,China,Clothing,Accessories,11742,2348,391
2022-10-01,Asia,China,Furniture,Home,20035,3606,80
2022-10-01,Asia,China,Furniture,Office,14551,3201,49
2022-10-01,Asia,India,Electronics,Phones,12819,1282,85
2022-10-01,Asia,India,Electronics,Computers,9041,1356,45
2022-10-01,Asia,India,Clothing,Apparel,9512,2854,211
2022-10-01,Asia,India,Clothing,Accessories,3905,781,130
2022-10-01,Asia,India,Furniture,Home,5851,1053,23
2022-10-01,Asia,India,Furniture,Office,4356,958,15
2022-10-01,Africa,South Africa,Electronics,Phones,6396,640,43
2022-10-01,Africa,South Africa,Electronics,Computers,3948,592,20
2022-10-01,Africa,South Africa,Clothing,Apparel,3394,1018,75
2022-10-01,Africa,South Africa,Clothing,Accessories,1642,328,55
2022-10-01,Africa,South Africa,Furniture,Home,2411,434,10
2022-10-01,Africa,South Africa,Furniture,Office,1695,373,6
2022-11-01,North America,United States,Electronics,Phones,71579,7158,477
2022-11-01,North America,United States,Electronics,Computers,44860,6729,224
2022-11-01,North America,United States,Clothing,Apparel,46291,13887,1029
2022-11-01,North America,United States,Clothing,Accessories,17433,3487,581
2022-11-01,North America,United States,Furniture,Home,34548,6219,138
2022-11-01,North America,United States,Furniture,Office,21421,4713,71
2022-11-01,North America,Canada,Electronics,Phones,23669,2367,158
2022-11-01,North America,Canada,Electronics,Computers,15458,2319,77
2022-11-01,North America,Canada,Clothing,Apparel,16625,4988,369
2022-11-01,North America,Canada,Clothing,Accessories,7062,1412,235
2022-11-01,North America,Canada,Furniture,Home,10460,1883,42
2022-11-01,North America,Canada,Furniture,Office,8043,1769,27
2022-11-01,South America,Brazil,Electronics,Phones,22898,2290,153
2022-11-01,South America,Brazil,Electronics,Computers,13158,1974,66
2022-11-01,South America,Brazil,Clothing,Apparel,14197,4259,315
2022-11-01,South America,Brazil,Clothing,Accessories,5739,1148,191
2022-11-01,South America,Brazil,Furniture,Home,8856,1594,35
2022-11-01,South America,Brazil,Furniture,Office,6901,1518,23
2022-11-01,Europe,United Kingdom,Electronics,Phones,45080,4508,301
2022-11-01,Europe,United Kingdom,Electronics,Computers,29313,4397,147
2022-11-01,Europe,United Kingdom,Clothing,Apparel,27006,8102,600
2022-11-01,Europe,United Kingdom,Clothing,Accessories,11269,2254,376
2022-11-01,Europe,United Kingdom,Furniture,Home,19865,3576,79
2022-11-01,Europe,United Kingdom,Furniture,Office,12345,2716,41
2022-11-01,Europe,Germany,Electronics,Phones,37475,3748,250
2022-11-01,Europe,Germany,Electronics,Computers,22840,3426,114
2022-11-01,Europe,Germany,Clothing,Apparel,20584,6175,457
2022-11-01,Europe,Germany,Clothing,Accessories,10049,2010,335
2022-11-01,Europe,Germany,Furniture,Home,18545,3338,74
2022-11-01,Europe,Germany,Furniture,Office,11225,2470,37
2022-11-01,Europe,France,Electronics,Phones,29888,2989,199
2022-11-01,Europe,France,Electronics,Computers,20982,3147,105
2022-11-01,Europe,France,Clothing,Apparel,24545,7364,545
2022-11-01,Europe,France,Clothing,Accessories,11376,2275,379
2022-11-01,Europe,France,Furniture,Home,15150,2727,61
2022-11-01,Europe,France,Furniture,Office,11802,2596,39
2022-11-01,Asia,Japan,Electronics,Phones,49435,4944,330
2022-11-01,Asia,Japan,Electronics,Computers,32506,4876,163
2022-11-01,Asia,Japan,Clothing,Apparel,29058,8717,646
2022-11-01,Asia,Japan,Clothing,Accessories,14021,2804,467
2022-11-01,Asia,Japan,Furniture,Home,21662,3899,87
2022-11-01,Asia,Japan,Furniture,Office,15408,3390,51
2022-11-01,Asia,China,Electronics,Phones,54130,5413,361
2022-11-01,Asia,China,Electronics,Computers,35511,5327,178
2022-11-01,Asia,China,Clothing,Apparel,37191,11157,826
2022-11-01,Asia,China,Clothing,Accessories,13997,2799,467
2022-11-01,Asia,China,Furniture,Home,24908,4483,100
2022-11-01,Asia,China,Furniture,Office,19166,4217,64
2022-11-01,Asia,India,Electronics,Phones,17124,1712,114
2022-11-01,Asia,India,Electronics,Computers,10755,1613,54
2022-11-01,Asia,India,Clothing,Apparel,10842,3253,241
2022-11-01,Asia,India,Clothing,Accessories,5167,1033,172
2022-11-01,Asia,India,Furniture,Home,7833,1410,31
2022-11-01,Asia,India,Furniture,Office,5413,1191,18
2022-11-01,Africa,South Africa,Electronics,Phones,7886,789,53
2022-11-01,Africa,South Africa,Electronics,Computers,5230,784,26
2022-11-01,Africa,South Africa,Clothing,Apparel,4181,1254,93
2022-11-01,Africa,South Africa,Clothing,Accessories,2099,420,70
2022-11-01,Africa,South Africa,Furniture,Home,3082,555,12
2022-11-01,Africa,South Africa,Furniture,Office,1760,387,6
2022-12-01,North America,United States,Electronics,Phones,88943,8894,593
2022-12-01,North America,United States,Electronics,Computers,55225,8284,276
2022-12-01,North America,United States,Clothing,Apparel,56775,17032,1262
2022-12-01,North America,United States,Clothing,Accessories,22543,4509,751
2022-12-01,North America,United States,Furniture,Home,41352,7443,165
2022-12-01,North America,United States,Furniture,Office,24687,5431,82
2022-12-01,North America,Canada,Electronics,Phones,28945,2894,193
2022-12-01,North America,Canada,Electronics,Computers,19320,2898,97
2022-12-01,North America,Canada,Clothing,Apparel,17163,5149,381
2022-12-01,North America,Canada,Clothing,Accessories,7481,1496,249
2022-12-01,North America,Canada,Furniture,Home,13494,2429,54
2022-12-01,North America,Canada,Furniture,Office,9549,2101,32
2022-12-01,South America,Brazil,Electronics,Phones,24798,2480,165
2022-12-01,South America,Brazil,Electronics,Computers,15095,2264,75
2022-12-01,South America,Brazil,Clothing,Apparel,15725,4718,349
2022-12-01,South America,Brazil,Clothing,Accessories,5984,1197,199
2022-12-01,South America,Brazil,Furniture,Home,12132,2184,49
2022-12-01,South America,Brazil,Furniture,Office,6700,1474,22
2022-12-01,Europe,United Kingdom,Electronics,Phones,49518,4952,330
2022-12-01,Europe,United Kingdom,Electronics,Computers,34990,5248,175
2022-12-01,Europe,United Kingdom,Clothing,Apparel,29273,8782,651
2022-12-01,Europe,United Kingdom,Clothing,Accessories,13922,2784,464
2022-12-01,Europe,United Kingdom,Furniture,Home,22046,3968,88
2022-12-01,Europe,United Kingdom,Furniture,Office,15638,3440,52
2022-12-01,Europe,Germany,Electronics,Phones,43586,4359,291
2022-12-01,Europe,Germany,Electronics,Computers,27043,4056,135
2022-12-01,Europe,Germany,Clothing,Apparel,24487,7346,544
2022-12-01,Europe,Germany,Clothing,Accessories,11198,2240,373
2022-12-01,Europe,Germany,Furniture,Home,17981,3237,72
2022-12-01,Europe,Germany,Furniture,Office,13898,3058,46
2022-12-01,Europe,France,Electronics,Phones,39814,3981,265
2022-12-01,Europe,France,Electronics,Computers,22563,3384,113
2022-12-01,Europe,France,Clothing,Apparel,27250,8175,606
2022-12-01,Europe,France,Clothing,Accessories,12535,2507,418
2022-12-01,Europe,France,Furniture,Home,17277,3110,69
2022-12-01,Europe,France,Furniture,Office,12494,2749,42
2022-12-01,Asia,Japan,Electronics,Phones,55311,5531,369
2022-12-01,Asia,Japan,Electronics,Computers,39932,5990,200
2022-12-01,Asia,Japan,Clothing,Apparel,38747,11624,861
2022-12-01,Asia,Japan,Clothing,Accessories,16263,3253,542
2022-12-01,Asia,Japan,Furniture,Home,22035,3966,88
2022-12-01,Asia,Japan,Furniture,Office,16088,3539,54
2022-12-01,Asia,China,Electronics,Phones,70024,7002,467
2022-12-01,Asia,China,Electronics,Computers,47589,7138,238
2022-12-01,Asia,China,Clothing,Apparel,40542,12163,901
2022-12-01,Asia,China,Clothing,Accessories,18737,3747,625
2022-12-01,Asia,China,Furniture,Home,30190,5434,121
2022-12-01,Asia,China,Furniture,Office,20514,4513,68
2022-12-01,Asia,India,Electronics,Phones,20456,2046,136
2022-12-01,Asia,India,Electronics,Computers,14240,2136,71
2022-12-01,Asia,India,Clothing,Apparel,11805,3542,262
2022-12-01,Asia,India,Clothing,Accessories,5970,1194,199
2022-12-01,Asia,India,Furniture,Home,8559,1541,34
2022-12-01,Asia,India,Furniture,Office,5352,1177,18
2022-12-01,Africa,South Africa,Electronics,Phones,8724,872,58
2022-12-01,Africa,South Africa,Electronics,Computers,5632,845,28
2022-12-01,Africa,South Africa,Clothing,Apparel,5626,1688,125
2022-12-01,Africa,South Africa,Clothing,Accessories,2233,447,74
2022-12-01,Africa,South Africa,Furniture,Home,3516,633,14
2022-12-01,Africa,South Africa,Furniture,Office,2341,515,8
2023-01-01,North America,United States,Electronics,Phones,41782,4178,279
2023-01-01,North America,United States,Electronics,Computers,32718,4908,164
2023-01-01,North America,United States,Clothing,Apparel,29714,8914,660
2023-01-01,North America,United States,Clothing,Accessories,11078,2216,369
2023-01-01,North America,United States,Furniture,Home,23177,4172,93
2023-01-01,North America,United States,Furniture,Office,14683,3230,49
2023-01-01,North America,Canada,Electronics,Phones,16381,1638,109
2023-01-01,North America,Canada,Electronics,Computers,9346,1402,47
2023-01-01,North America,Canada,Clothing,Apparel,9665,2900,215
2023-01-01,North America,Canada,Clothing,Accessories,4358,872,145
2023-01-01,North America,Canada,Furniture,Home,7100,1278,28
2023-01-01,North America,Canada,Furniture,Office,4548,1001,15
2023-01-01,South America,Brazil,Electronics,Phones,13534,1353,90
2023-01-01,South America,Brazil,Electronics,Computers,8146,1222,41
2023-01-01,South America,Brazil,Clothing,Apparel,8869,2661,197
2023-01-01,South America,Brazil,Clothing,Accessories,3433,687,114
2023-01-01,South America,Brazil,Furniture,Home,6666,1200,27
2023-01-01,South America,Brazil,Furniture,Office,3842,845,13
2023-01-01,Europe,United Kingdom,Electronics,Phones,25247,2525,168
2023-01-01,Europe,United Kingdom,Electronics,Computers,18163,2724,91
2023-01-01,Europe,United Kingdom,Clothing,Apparel,19292,5788,429
2023-01-01,Europe,United Kingdom,Clothing,Accessories,7722,1544,257
2023-01-01,Europe,United Kingdom,Furniture,Home,13278,2390,53
2023-01-01,Europe,United Kingdom,Furniture,Office,7637,1680,25
2023-01-01,Europe,Germany,Electronics,Phones,23600,2360,157
2023-01-01,Europe,Germany,Electronics,Computers,14175,2126,71
2023-01-01,Europe,Germany,Clothing,Apparel,13770,4131,306
2023-01-01,Europe,Germany,Clothing,Accessories,5798,1160,193
2023-01-01,Europe,Germany,Furniture,Home,11339,2041,45
2023-01-01,Europe,Germany,Furniture,Office,6971,1534,23
2023-01-01,Europe,France,Electronics,Phones,18313,1831,122
2023-01-01,Europe,France,Electronics,Computers,12963,1944,65
2023-01-01,Europe,France,Clothing,Apparel,15564,4669,346
2023-01-01,Europe,France,Clothing,Accessories,6724,1345,224
2023-01-01,Europe,France,Furniture,Home,9557,1720,38
2023-01-01,Europe,France,Furniture,Office,7180,1580,24
2023-01-01,Asia,Japan,Electronics,Phones,32746,3275,218
2023-01-01,Asia,Japan,Electronics,Computers,21218,3183,106
2023-01-01,Asia,Japan,Clothing,Apparel,19038,5711,423
2023-01-01,Asia,Japan,Clothing,Accessories,8719,1744,291
2023-01-01,Asia,Japan,Furniture,Home,14179,2552,57
2023-01-01,Asia,Japan,Furniture,Office,9712,2137,32
2023-01-01,Asia,China,Electronics,Phones,38736,3874,258
2023-01-01,Asia,China,Electronics,Computers,26467,3970,132
2023-01-01,Asia,China,Clothing,Apparel,20728,6218,461
2023-01-01,Asia,China,Clothing,Accessories,10491,2098,350
2023-01-01,Asia,China,Furniture,Home,16882,3039,68
2023-01-01,Asia,China,Furniture,Office,10397,2287,35
2023-01-01,Asia,India,Electronics,Phones,11816,1182,79
2023-01-01,Asia,India,Electronics,Computers,6988,1048,35
2023-01-01,Asia,India,Clothing,Apparel,7742,2323,172
2023-01-01,Asia,India,Clothing,Accessories,2803,561,93
2023-01-01,Asia,India,Furniture,Home,4646,836,19
2023-01-01,Asia,India,Furniture,Office,3371,742,11
2023-01-01,Africa,South Africa,Electronics,Phones,4861,486,32
2023-01-01,Africa,South Africa,Electronics,Computers,3486,523,17
2023-01-01,Africa,South Africa,Clothing,Apparel,2849,855,63
2023-01-01,Africa,South Africa,Clothing,Accessories,1247,249,42
2023-01-01,Africa,South Africa,Furniture,Home,1749,315,7
2023-01-01,Africa,South Africa,Furniture,Office,1330,293,4
2023-02-01,North America,United States,Electronics,Phones,43108,4311,287
2023-02-01,North America,United States,Electronics,Computers,26405,3961,132
2023-02-01,North America,United States,Clothing,Apparel,25787,7736,573
2023-02-01,North America,United States,Clothing,Accessories,11273,2255,376
2023-02-01,North America,United States,Furniture,Home,20529,3695,82
2023-02-01,North America,United States,Furniture,Office,12746,2804,42
2023-02-01,North America,Canada,Electronics,Phones,13005,1300,87
2023-02-01,North America,Canada,Electronics,Computers,10207,1531,51
2023-02-01,North America,Canada,Clothing,Apparel,8812,2644,196
2023-02-01,North America,Canada,Clothing,Accessories,4347,869,145
2023-02-01,North America,Canada,Furniture,Home,7038,1267,28
2023-02-01,North America,Canada,Furniture,Office,4480,986,15
2023-02-01,South America,Brazil,Electronics,Phones,12147,1215,81
2023-02-01,South America,Brazil,Electronics,Computers,8605,1291,43
2023-02-01,South America,Brazil,Clothing,Apparel,7703,2311,171
2023-02-01,South America,Brazil,Clothing,Accessories,3484,697,116
2023-02-01,South America,Brazil,Furniture,Home,5925,1066,24
2023-02-01,South America,Brazil,Furniture,Office,4060,893,14
2023-02-01,Europe,United Kingdom,Electronics,Phones,25371,2537,169
2023-02-01,Europe,United Kingdom,Electronics,Computers,16431,2465,82
2023-02-01,Europe,United Kingdom,Clothing,Apparel,15403,4621,342
2023-02-01,Europe,United Kingdom,Clothing,Accessories,7538,1508,251
2023-02-01,Europe,United Kingdom,Furniture,Home,10652,1917,43
2023-02-01,Europe,United Kingdom,Furniture,Office,7236,1592,24
2023-02-01,Europe,Germany,Electronics,Phones,21025,2102,140
2023-02-01,Europe,Germany,Electronics,Computers,15385,2308,77
2023-02-01,Europe,Germany,Clothing,Apparel,14019,4206,312
2023-02-01,Europe,Germany,Clothing,Accessories,5184,1037,173
2023-02-01,Europe,Germany,Furniture,Home,9959,1793,40
2023-02-01,Europe,Germany,Furniture,Office,6780,1492,23
2023-02-01,Europe,France,Electronics,Phones,17556,1756,117
2023-02-01,Europe,France,Electronics,Computers,13605,2041,68
2023-02-01,Europe,France,Clothing,Apparel,15251,4575,339
2023-02-01,Europe,France,Clothing,Accessories,6001,1200,200
2023-02-01,Europe,France,Furniture,Home,10608,1909,42
2023-02-01,Europe,France,Furniture,Office,6899,1518,23
2023-02-01,Asia,Japan,Electronics,Phones,30786,3079,205
2023-02-01,Asia,Japan,Electronics,Computers,20419,3063,102
2023-02-01,Asia,Japan,Clothing,Apparel,17331,5199,385
2023-02-01,Asia,Japan,Clothing,Accessories,7562,1512,252
2023-02-01,Asia,Japan,Furniture,Home,11390,2050,46
2023-02-01,Asia,Japan,Furniture,Office,8054,1772,27
2023-02-01,Asia,China,Electronics,Phones,31648,3165,211
2023-02-01,Asia,China,Electronics,Computers,21709,3256,109
2023-02-01,Asia,China,Clothing,Apparel,19939,5982,443
2023-02-01,Asia,China,Clothing,Accessories,9235,1847,308
2023-02-01,Asia,China,Furniture,Home,14476,2606,58
2023-02-01,Asia,China,Furniture,Office,10251,2255,34
2023-02-01,Asia,India,Electronics,Phones,9940,994,66
2023-02-01,Asia,India,Electronics,Computers,6667,1000,33
2023-02-01,Asia,India,Clothing,Apparel,6704,2011,149
2023-02-01,Asia,India,Clothing,Accessories,2658,532,89
2023-02-01,Asia,India,Furniture,Home,4379,788,18
2023-02-01,Asia,India,Furniture,Office,3296,725,11
2023-02-01,Africa,South Africa,Electronics,Phones,4473,447,30
2023-02-01,Africa,South Africa,Electronics,Computers,3040,456,15
2023-02-01,Africa,South Africa,Clothing,Apparel,2472,742,55
2023-02-01,Africa,South Africa,Clothing,Accessories,1131,226,38
2023-02-01,Africa,South Africa,Furniture,Home,1649,297,7
2023-02-01,Africa,South Africa,Furniture,Office,1027,226,3
2023-03-01,North America,United States,Electronics,Phones,50765,5076,338
2023-03-01,North America,United States,Electronics,Computers,35375,5306,177
2023-03-01,North America,United States,Clothing,Apparel,29132,8740,647
2023-03-01,North America,United States,Clothing,Accessories,13452,2690,448
2023-03-01,North America,United States,Furniture,Home,22494,4049,90
2023-03-01,North America,United States,Furniture,Office,14441,3177,48
2023-03-01,North America,Canada,Electronics,Phones,17586,1759,117
2023-03-01,North America,Canada,Electronics,Computers,11803,1770,59
2023-03-01,North America,Canada,Clothing,Apparel,10708,3212,238
2023-03-01,North America,Canada,Clothing,Accessories,4203,841,140
2023-03-01,North America,Canada,Furniture,Home,7854,1414,31
2023-03-01,North America,Canada,Furniture,Office,5589,1230,19
2023-03-01,South America,Brazil,Electronics,Phones,14049,1405,94
2023-03-01,South America,Brazil,Electronics,Computers,9834,1475,49
2023-03-01,South America,Brazil,Clothing,Apparel,9464,2839,210
2023-03-01,South America,Brazil,Clothing,Accessories,4187,837,140
2023-03-01,South America,Brazil,Furniture,Home,5995,1079,24
2023-03-01,South America,Brazil,Furniture,Office,4351,957,15
2023-03-01,Europe,United Kingdom,Electronics,Phones,27956,2796,186
2023-03-01,Europe,United Kingdom,Electronics,Computers,19000,2850,95
2023-03-01,Europe,United Kingdom,Clothing,Apparel,20128,6038,447
2023-03-01,Europe,United Kingdom,Clothing,Accessories,7988,1598,266
2023-03-01,Europe,United Kingdom,Furniture,Home,11868,2136,47
2023-03-01,Europe,United Kingdom,Furniture,Office,7847,1726,26
2023-03-01,Europe,Germany,Electronics,Phones,24580,2458,164
2023-03-01,Europe,Germany,Electronics,Computers,16202,2430,81
2023-03-01,Europe,Germany,Clothing,Apparel,14237,4271,316
2023-03-01,Europe,Germany,Clothing,Accessories,7023,1405,234
2023-03-01,Europe,Germany,Furniture,Home,11112,2000,44
2023-03-01,Europe,Germany,Furniture,Office,7012,1543,23
2023-03-01,Europe,France,Electronics,Phones,21484,2148,143
2023-03-01,Europe,France,Electronics,Computers,14058,2109,70
2023-03-01,Europe,France,Clothing,Apparel,17151,5145,381
2023-03-01,Europe,France,Clothing,Accessories,6520,1304,217
2023-03-01,Europe,France,Furniture,Home,11009,1982,44
2023-03-01,Europe,France,Furniture,Office,6874,1512,23
2023-03-01,Asia,Japan,Electronics,Phones,32370,3237,216
2023-03-01,Asia,Japan,Electronics,Computers,22867,3430,114
2023-03-01,Asia,Japan,Clothing,Apparel,22976,6893,511
2023-03-01,Asia,Japan,Clothing,Accessories,9784,1957,326
2023-03-01,Asia,Japan,Furniture,Home,13818,2487,55
2023-03-01,Asia,Japan,Furniture,Office,8808,1938,29
2023-03-01,Asia,China,Electronics,Phones,41506,4151,277
2023-03-01,Asia,China,Electronics,Computers,25168,3775,126
2023-03-01,Asia,China,Clothing,Apparel,23506,7052,522
2023-03-01,Asia,China,Clothing,Accessories,9892,1978,330
2023-03-01,Asia,China,Furniture,Home,17552,3159,70
2023-03-01,Asia,China,Furniture,Office,13211,2906,44
2023-03-01,Asia,India,Electronics,Phones,12499,1250,83
2023-03-01,Asia,India,Electronics,Computers,7113,1067,36
2023-03-01,Asia,India,Clothing,Apparel,7881,2364,175
2023-03-01,Asia,India,Clothing,Accessories,3194,639,106
2023-03-01,Asia,India,Furniture,Home,5678,1022,23
2023-03-01,Asia,India,Furniture,Office,3655,804,12
2023-03-01,Africa,South Africa,Electronics,Phones,4950,495,33
2023-03-01,Africa,South Africa,Electronics,Computers,3656,548,18
2023-03-01,Africa,South Africa,Clothing,Apparel,3299,990,73
2023-03-01,Africa,South Africa,Clothing,Accessories,1272,254,42
2023-03-01,Africa,South Africa,Furniture,Home,2092,377,8
2023-03-01,Africa,South Africa,Furniture,Office,1199,264,4
2023-04-01,North America,United States,Electronics,Phones,52199,5220,348
2023-04-01,North America,United States,Electronics,Computers,31371,4706,157
2023-04-01,North America,United States,Clothing,Apparel,30057,9017,668
2023-04-01,North America,United States,Clothing,Accessories,13612,2722,454
2023-04-01,North America,United States,Furniture,Home,25702,4626,103
2023-04-01,North America,United States,Furniture,Office,17515,3853,58
2023-04-01,North America,Canada,Electronics,Phones,15617,1562,104
2023-04-01,North America,Canada,Electronics,Computers,12450,1868,62
2023-04-01,North America,Canada,Clothing,Apparel,11745,3524,261
2023-04-01,North America,Canada,Clothing,Accessories,4394,879,146
2023-04-01,North America,Canada,Furniture,Home,8060,1451,32
2023-04-01,North America,Canada,Furniture,Office,5926,1304,20
2023-04-01,South America,Brazil,Electronics,Phones,14792,1479,99
2023-04-01,South America,Brazil,Electronics,Computers,10145,1522,51
2023-04-01,South America,Brazil,Clothing,Apparel,9979,2994,222
2023-04-01,South America,Brazil,Clothing,Accessories,4314,863,144
2023-04-01,South America,Brazil,Furniture,Home,6344,1142,25
2023-04-01,South America,Brazil,Furniture,Office,4274,940,14
2023-04-01,Europe,United Kingdom,Electronics,Phones,30055,3006,200
2023-04-01,Europe,United Kingdom,Electronics,Computers,20743,3111,104
2023-04-01,Europe,United Kingdom,Clothing,Apparel,18125,5438,403
2023-04-01,Europe,United Kingdom,Clothing,Accessories,9109,1822,304
2023-04-01,Europe,United Kingdom,Furniture,Home,14597,2627,58
2023-04-01,Europe,United Kingdom,Furniture,Office,8763,1928,29
2023-04-01,Europe,Germany,Electronics,Phones,25610,2561,171
2023-04-01,Europe,Germany,Electronics,Computers,16750,2512,84
2023-04-01,Europe,Germany,Clothing,Apparel,14451,4335,321
2023-04-01,Europe,Germany,Clothing,Accessories,6160,1232,205
2023-04-01,Europe,Germany,Furniture,Home,11729,2111,47
2023-04-01,Europe,Germany,Furniture,Office,8957,1971,30
2023-04-01,Europe,France,Electronics,Phones,24083,2408,161
2023-04-01,Europe,France,Electronics,Computers,14967,2245,75
2023-04-01,Europe,France,Clothing,Apparel,18098,5429,402
2023-04-01,Europe,France,Clothing,Accessories,8116,1623,271
2023-04-01,Europe,France,Furniture,Home,11436,2058,46
2023-04-01,Europe,France,Furniture,Office,7740,1703,26
2023-04-01,Asia,Japan,Electronics,Phones,36907,3691,246
2023-04-01,Asia,Japan,Electronics,Computers,22503,3375,113
2023-04-01,Asia,Japan,Clothing,Apparel,20645,6194,459
2023-04-01,Asia,Japan,Clothing,Accessories,9150,1830,305
2023-04-01,Asia,Japan,Furniture,Home,16537,2977,66
2023-04-01,Asia,Japan,Furniture,Office,9163,2016,31
2023-04-01,Asia,China,Electronics,Phones,43059,4306,287
2023-04-01,Asia,China,Electronics,Computers,27806,4171,139
2023-04-01,Asia,China,Clothing,Apparel,25873,7762,575
2023-04-01,Asia,China,Clothing,Accessories,11751,2350,392
2023-04-01,Asia,China,Furniture,Home,19644,3536,79
2023-04-01,Asia,China,Furniture,Office,12708,2796,42
2023-04-01,Asia,India,Electronics,Phones,12791,1279,85
2023-04-01,Asia,India,Electronics,Computers,7584,1138,38
2023-04-01,Asia,India,Clothing,Apparel,8001,2400,178
2023-04-01,Asia,India,Clothing,Accessories,3472,694,116
2023-04-01,Asia,India,Furniture,Home,5850,1053,23
2023-04-01,Asia,India,Furniture,Office,3402,748,11
2023-04-01,Africa,South Africa,Electronics,Phones,4989,499,33
2023-04-01,Africa,South Africa,Electronics,Computers,3517,528,18
2023-04-01,Africa,South Africa,Clothing,Apparel,3434,1030,76
2023-04-01,Africa,South Africa,Clothing,Accessories,1268,254,42
2023-04-01,Africa,South Africa,Furniture,Home,1914,345,8
2023-04-01,Africa,South Africa,Furniture,Office,1306,287,4
2023-05-01,North America,United States,Electronics,Phones,53283,5328,355
2023-05-01,North America,United States,Electronics,Computers,39079,5862,195
2023-05-01,North America,United States,Clothing,Apparel,32726,9818,727
2023-05-01,North America,United States,Clothing,Accessories,13834,2767,461
2023-05-01,North America,United States,Furniture,Home,25422,4576,102
2023-05-01,North America,United States,Furniture,Office,18318,4030,61
2023-05-01,North America,Canada,Electronics,Phones,18102,1810,121
2023-05-01,North America,Canada,Electronics,Computers,12676,1901,63
2023-05-01,North America,Canada,Clothing,Apparel,11046,3314,245
2023-05-01,North America,Canada,Clothing,Accessories,4645,929,155
2023-05-01,North America,Canada,Furniture,Home,9102,1638,36
2023-05-01,North America,Canada,Furniture,Office,5827,1282,19
2023-05-01,South America,Brazil,Electronics,Phones,17069,1707,114
2023-05-01,South America,Brazil,Electronics,Computers,11282,1692,56
2023-05-01,South America,Brazil,Clothing,Apparel,10483,3145,233
2023-05-01,South America,Brazil,Clothing,Accessories,4160,832,139
2023-05-01,South America,Brazil,Furniture,Home,7488,1348,30
2023-05-01,South America,Brazil,Furniture,Office,4995,1099,17
2023-05-01,Europe,United Kingdom,Electronics,Phones,29866,2987,199
2023-05-01,Europe,United Kingdom,Electronics,Computers,22009,3301,110
2023-05-01,Europe,United Kingdom,Clothing,Apparel,22422,6727,498
2023-05-01,Europe,United Kingdom,Clothing,Accessories,8146,1629,272
2023-05-01,Europe,United Kingdom,Furniture,Home,14494,2609,58
2023-05-01,Europe,United Kingdom,Furniture,Office,9383,2064,31
2023-05-01,Europe,Germany,Electronics,Phones,26635,2664,178
2023-05-01,Europe,Germany,Electronics,Computers,17242,2586,86
2023-05-01,Europe,Germany,Clothing,Apparel,18232,5470,405
2023-05-01,Europe,Germany,Clothing,Accessories,6646,1329,222
2023-05-01,Europe,Germany,Furniture,Home,12099,2178,48
2023-05-01,Europe,Germany,Furniture,Office,8181,1800,27
2023-05-01,Europe,France,Electronics,Phones,22343,2234,149
2023-05-01,Europe,France,Electronics,Computers,17147,2572,86
2023-05-01,Europe,France,Clothing,Apparel,18953,5686,421
2023-05-01,Europe,France,Clothing,Accessories,8469,1694,282
2023-05-01,Europe,France,Furniture,Home,12338,2221,49
2023-05-01,Europe,France,Furniture,Office,8236,1812,27
2023-05-01,Asia,Japan,Electronics,Phones,37931,3793,253
2023-05-01,Asia,Japan,Electronics,Computers,26315,3947,132
2023-05-01,Asia,Japan,Clothing,Apparel,21766,6530,484
2023-05-01,Asia,Japan,Clothing,Accessories,10029,2006,334
2023-05-01,Asia,Japan,Furniture,Home,14539,2617,58
2023-05-01,Asia,Japan,Furniture,Office,11266,2479,38
2023-05-01,Asia,China,Electronics,Phones,46992,4699,313
2023-05-01,Asia,China,Electronics,Computers,28764,4315,144
2023-05-01,Asia,China,Clothing,Apparel,25941,7782,576
2023-05-01,Asia,China,Clothing,Accessories,11235,2247,374
2023-05-01,Asia,China,Furniture,Home,21500,3870,86
2023-05-01,Asia,China,Furniture,Office,14529,3196,48
2023-05-01,Asia,India,Electronics,Phones,13251,1325,88
2023-05-01,Asia,India,Electronics,Computers,9121,1368,46
2023-05-01,Asia,India,Clothing,Apparel,8158,2447,181
2023-05-01,Asia,India,Clothing,Accessories,3762,752,125
2023-05-01,Asia,India,Furniture,Home,5232,942,21
2023-05-01,Asia,India,Furniture,Office,4093,900,14
2023-05-01,Africa,South Africa,Electronics,Phones,5456,546,36
2023-05-01,Africa,South Africa,Electronics,Computers,4126,619,21
2023-05-01,Africa,South Africa,Clothing,Apparel,3129,939,70
2023-05-01,Africa,South Africa,Clothing,Accessories,1365,273,46
2023-05-01,Africa,South Africa,Furniture,Home,2004,361,8
2023-05-01,Africa,South Africa,Furniture,Office,1337,294,4
2023-06-01,North America,United States,Electronics,Phones,46980,4698,313
2023-06-01,North America,United States,Electronics,Computers,35508,5326,178
2023-06-01,North America,United States,Clothing,Apparel,33736,10121,750
2023-06-01,North America,United States,Clothing,Accessories,12526,2505,418
2023-06-01,North America,United States,Furniture,Home,25257,4546,101
2023-06-01,North America,United States,Furniture,Office,16783,3692,56
2023-06-01,North America,Canada,Electronics,Phones,15537,1554,104
2023-06-01,North America,Canada,Electronics,Computers,10507,1576,53
2023-06-01,North America,Canada,Clothing,Apparel,11828,3548,263
2023-06-01,North America,Canada,Clothing,Accessories,4801,960,160
2023-06-01,North America,Canada,Furniture,Home,7485,1347,30
2023-06-01,North America,Canada,Furniture,Office,5055,1112,17
2023-06-01,South America,Brazil,Electronics,Phones,14306,1431,95
2023-06-01,South America,Brazil,Electronics,Computers,9162,1374,46
2023-06-01,South America,Brazil,Clothing,Apparel,9898,2969,220
2023-06-01,South America,Brazil,Clothing,Accessories,4313,863,144
2023-06-01,South America,Brazil,Furniture,Home,7227,1301,29
2023-06-01,South America,Brazil,Furniture,Office,4944,1088,16
2023-06-01,Europe,United Kingdom,Electronics,Phones,28969,2897,193
2023-06-01,Europe,United Kingdom,Electronics,Computers,22168,3325,111
2023-06-01,Europe,United Kingdom,Clothing,Apparel,18694,5608,415
2023-06-01,Europe,United Kingdom,Clothing,Accessories,8297,1659,277
2023-06-01,Europe,United Kingdom,Furniture,Home,12561,2261,50
2023-06-01,Europe,United Kingdom,Furniture,Office,9752,2145,33
2023-06-01,Europe,Germany,Electronics,Phones,27547,2755,184
2023-06-01,Europe,Germany,Electronics,Computers,18388,2758,92
2023-06-01,Europe,Germany,Clothing,Apparel,15476,4643,344
2023-06-01,Europe,Germany,Clothing,Accessories,6376,1275,213
2023-06-01,Europe,Germany,Furniture,Home,12315,2217,49
2023-06-01,Europe,Germany,Furniture,Office,8584,1888,29
2023-06-01,Europe,France,Electronics,Phones,21408,2141,143
2023-06-01,Europe,France,Electronics,Computers,15261,2289,76
2023-06-01,Europe,France,Clothing,Apparel,16150,4845,359
2023-06-01,Europe,France,Clothing,Accessories,7642,1528,255
2023-06-01,Europe,France,Furniture,Home,10499,1890,42
2023-06-01,Europe,France,Furniture,Office,7314,1609,24
2023-06-01,Asia,Japan,Electronics,Phones,33377,3338,223
2023-06-01,Asia,Japan,Electronics,Computers,22679,3402,113
2023-06-01,Asia,Japan,Clothing,Apparel,24141,7242,536
2023-06-01,Asia,Japan,Clothing,Accessories,9648,1930,322
2023-06-01,Asia,Japan,Furniture,Home,16475,2966,66
2023-06-01,Asia,Japan,Furniture,Office,9228,2030,31
2023-06-01,Asia,China,Electronics,Phones,38696,3870,258
2023-06-01,Asia,China,Electronics,Computers,27385,4108,137
2023-06-01,Asia,China,Clothing,Apparel,26599,7980,591
2023-06-01,Asia,China,Clothing,Accessories,10653,2131,355
2023-06-01,Asia,China,Furniture,Home,19496,3509,78
2023-06-01,Asia,China,Furniture,Office,12615,2775,42
2023-06-01,Asia,India,Electronics,Phones,13440,1344,90
2023-06-01,Asia,India,Electronics,Computers,7685,1153,38
2023-06-01,Asia,India,Clothing,Apparel,7749,2325,172
2023-06-01,Asia,India,Clothing,Accessories,3338,668,111
2023-06-01,Asia,India,Furniture,Home,5160,929,21
2023-06-01,Asia,India,Furniture,Office,3450,759,12
2023-06-01,Africa,South Africa,Electronics,Phones,5049,505,34
2023-06-01,Africa,South Africa,Electronics,Computers,4002,600,20
2023-06-01,Africa,South Africa,Clothing,Apparel,2952,886,66
2023-06-01,Africa,South Africa,Clothing,Accessories,1261,252,42
2023-06-01,Africa,South Africa,Furniture,Home,1903,343,8
2023-06-01,Africa,South Africa,Furniture,Office,1440,317,5
2023-07-01,North America,United States,Electronics,Phones,50438,5044,336
2023-07-01,North America,United States,Electronics,Computers,32672,4901,163
2023-07-01,North America,United States,Clothing,Apparel,27379,8214,608
2023-07-01,North America,United States,Clothing,Accessories,12477,2495,416
2023-07-01,North America,United States,Furniture,Home,20874,3757,83
2023-07-01,North America,United States,Furniture,Office,14422,3173,48
2023-07-01,North America,Canada,Electronics,Phones,16476,1648,110
2023-07-01,North America,Canada,Electronics,Computers,10363,1554,52
2023-07-01,North America,Canada,Clothing,Apparel,11557,3467,257
2023-07-01,North America,Canada,Clothing,Accessories,4472,894,149
2023-07-01,North America,Canada,Furniture,Home,7836,1410,31
2023-07-01,North America,Canada,Furniture,Office,4952,1089,17
2023-07-01,South America,Brazil,Electronics,Phones,15223,1522,101
2023-07-01,South America,Brazil,Electronics,Computers,8886,1333,44
2023-07-01,South America,Brazil,Clothing,Apparel,8266,2480,184
2023-07-01,South America,Brazil,Clothing,Accessories,4141,828,138
2023-07-01,South America,Brazil,Furniture,Home,6429,1157,26
2023-07-01,South America,Brazil,Furniture,Office,4461,981,15
2023-07-01,Europe,United Kingdom,Electronics,Phones,27208,2721,181
2023-07-01,Europe,United Kingdom,Electronics,Computers,21315,3197,107
2023-07-01,Europe,United Kingdom,Clothing,Apparel,18812,5644,418
2023-07-01,Europe,United Kingdom,Clothing,Accessories,7438,1488,248
2023-07-01,Europe,United Kingdom,Furniture,Home,12761,2297,51
2023-07-01,Europe,United Kingdom,Furniture,Office,8887,1955,30
2023-07-01,Europe,Germany,Electronics,Phones,21920,2192,146
2023-07-01,Europe,Germany,Electronics,Computers,14799,2220,74
2023-07-01,Europe,Germany,Clothing,Apparel,14775,4432,328
2023-07-01,Europe,Germany,Clothing,Accessories,6578,1316,219
2023-07-01,Europe,Germany,Furniture,Home,10703,1927,43
2023-07-01,Europe,Germany,Furniture,Office,8412,1851,28
2023-07-01,Europe,France,Electronics,Phones,23357,2336,156
2023-07-01,Europe,France,Electronics,Computers,12976,1946,65
2023-07-01,Europe,France,Clothing,Apparel,18158,5447,404
2023-07-01,Europe,France,Clothing,Accessories,6877,1375,229
2023-07-01,Europe,France,Furniture,Home,11191,2014,45
2023-07-01,Europe,France,Furniture,Office,8040,1769,27
2023-07-01,Asia,Japan,Electronics,Phones,31060,3106,207
2023-07-01,Asia,Japan,Electronics,Computers,23911,3587,120
2023-07-01,Asia,Japan,Clothing,Apparel,22055,6616,490
2023-07-01,Asia,Japan,Clothing,Accessories,8644,1729,288
2023-07-01,Asia,Japan,Furniture,Home,14820,2668,59
2023-07-01,Asia,Japan,Furniture,Office,9631,2119,32
2023-07-01,Asia,China,Electronics,Phones,37003,3700,247
2023-07-01,Asia,China,Electronics,Computers,27338,4101,137
2023-07-01,Asia,China,Clothing,Apparel,24813,7444,551
2023-07-01,Asia,China,Clothing,Accessories,10131,2026,338
2023-07-01,Asia,China,Furniture,Home,18002,3240,72
2023-07-01,Asia,China,Furniture,Office,12308,2708,41
2023-07-01,Asia,India,Electronics,Phones,11407,1141,76
2023-07-01,Asia,India,Electronics,Computers,7729,1159,39
2023-07-01,Asia,India,Clothing,Apparel,7204,2161,160
2023-07-01,Asia,India,Clothing,Accessories,3403,681,113
2023-07-01,Asia,India,Furniture,Home,4763,857,19
2023-07-01,Asia,India,Furniture,Office,3274,720,11
2023-07-01,Africa,South Africa,Electronics,Phones,5166,517,34
2023-07-01,Africa,South Africa,Electronics,Computers,3534,530,18
2023-07-01,Africa,South Africa,Clothing,Apparel,2795,838,62
2023-07-01,Africa,South Africa,Clothing,Accessories,1189,238,40
2023-07-01,Africa,South Africa,Furniture,Home,1765,318,7
2023-07-01,Africa,South Africa,Furniture,Office,1181,260,4
2023-08-01,North America,United States,Electronics,Phones,53132,5313,354
2023-08-01,North America,United States,Electronics,Computers,37432,5615,187
2023-08-01,North America,United States,Clothing,Apparel,31173,9352,693
2023-08-01,North America,United States,Clothing,Accessories,14171,2834,472
2023-08-01,North America,United States,Furniture,Home,22279,4010,89
2023-08-01,North America,United States,Furniture,Office,16351,3597,55
2023-08-01,North America,Canada,Electronics,Phones,15721,1572,105
2023-08-01,North America,Canada,Electronics,Computers,10435,1565,52
2023-08-01,North America,Canada,Clothing,Apparel,11735,3520,261
2023-08-01,North America,Canada,Clothing,Accessories,5045,1009,168
2023-08-01,North America,Canada,Furniture,Home,8689,1564,35
2023-08-01,North America,Canada,Furniture,Office,5146,1132,17
2023-08-01,South America,Brazil,Electronics,Phones,15537,1554,104
2023-08-01,South America,Brazil,Electronics,Computers,10013,1502,50
2023-08-01,South America,Brazil,Clothing,Apparel,9120,2736,203
2023-08-01,South America,Brazil,Clothing,Accessories,3976,795,133
2023-08-01,South America,Brazil,Furniture,Home,7333,1320,29
2023-08-01,South America,Brazil,Furniture,Office,4603,1013,15
2023-08-01,Europe,United Kingdom,Electronics,Phones,33569,3357,224
2023-08-01,Europe,United Kingdom,Electronics,Computers,18599,2790,93
2023-08-01,Europe,United Kingdom,Clothing,Apparel,19674,5902,437
2023-08-01,Europe,United Kingdom,Clothing,Accessories,9260,1852,309
2023-08-01,Europe,United Kingdom,Furniture,Home,13363,2405,53
2023-08-01,Europe,United Kingdom,Furniture,Office,8782,1932,29
2023-08-01,Europe,Germany,Electronics,Phones,24684,2468,165
2023-08-01,Europe,Germany,Electronics,Computers,16737,2511,84
2023-08-01,Europe,Germany,Clothing,Apparel,14470,4341,322
2023-08-01,Europe,Germany,Clothing,Accessories,6918,1384,231
2023-08-01,Europe,Germany,Furniture,Home,13200,2376,53
2023-08-01,Europe,Germany,Furniture,Office,7885,1735,26
2023-08-01,Europe,France,Electronics,Phones,23504,2350,157
2023-08-01,Europe,France,Electronics,Computers,15024,2254,75
2023-08-01,Europe,France,Clothing,Apparel,16274,4882,362
2023-08-01,Europe,France,Clothing,Accessories,7849,1570,262
2023-08-01,Europe,France,Furniture,Home,11600,2088,46
2023-08-01,Europe,France,Furniture,Office,7147,1572,24
2023-08-01,Asia,Japan,Electronics,Phones,36816,3682,245
2023-08-01,Asia,Japan,Electronics,Computers,24473,3671,122
2023-08-01,Asia,Japan,Clothing,Apparel,23174,6952,515
2023-08-01,Asia,Japan,Clothing,Accessories,9715,1943,324
2023-08-01,Asia,Japan,Furniture,Home,14977,2696,60
2023-08-01,Asia,Japan,Furniture,Office,10744,2364,36
2023-08-01,Asia,China,Electronics,Phones,41098,4110,274
2023-08-01,Asia,China,Electronics,Computers,26768,4015,134
2023-08-01,Asia,China,Clothing,Apparel,25511,7653,567
2023-08-01,Asia,China,Clothing,Accessories,11976,2395,399
2023-08-01,Asia,China,Furniture,Home,19602,3528,78
2023-08-01,Asia,China,Furniture,Office,12393,2726,41
2023-08-01,Asia,India,Electronics,Phones,13490,1349,90
2023-08-01,Asia,India,Electronics,Computers,7914,1187,40
2023-08-01,Asia,India,Clothing,Apparel,7228,2168,161
2023-08-01,Asia,India,Clothing,Accessories,3109,622,104
2023-08-01,Asia,India,Furniture,Home,5841,1051,23
2023-08-01,Asia,India,Furniture,Office,3538,778,12
2023-08-01,Africa,South Africa,Electronics,Phones,5737,574,38
2023-08-01,Africa,South Africa,Electronics,Computers,3303,495,17
2023-08-01,Africa,South Africa,Clothing,Apparel,3442,1033,76
2023-08-01,Africa,South Africa,Clothing,Accessories,1325,265,44
2023-08-01,Africa,South Africa,Furniture,Home,1887,340,8
2023-08-01,Africa,South Africa,Furniture,Office,1326,292,4
2023-09-01,North America,United States,Electronics,Phones,55378,5538,369
2023-09-01,North America,United States,Electronics,Computers,36873,5531,184
2023-09-01,North America,United States,Clothing,Apparel,36613,10984,814
2023-09-01,North America,United States,Clothing,Accessories,14434,2887,481
2023-09-01,North America,United States,Furniture,Home,27390,4930,110
2023-09-01,North America,United States,Furniture,Office,18063,3974,60
2023-09-01,North America,Canada,Electronics,Phones,20561,2056,137
2023-09-01,North America,Canada,Electronics,Computers,11567,1735,58
2023-09-01,North America,Canada,Clothing,Apparel,11930,3579,265
2023-09-01,North America,Canada,Clothing,Accessories,5148,1030,172
2023-09-01,North America,Canada,Furniture,Home,8245,1484,33
2023-09-01,North America,Canada,Furniture,Office,5869,1291,20
2023-09-01,South America,Brazil,Electronics,Phones,16591,1659,111
2023-09-01,South America,Brazil,Electronics,Computers,11958,1794,60
2023-09-01,South America,Brazil,Clothing,Apparel,10786,3236,240
2023-09-01,South America,Brazil,Clothing,Accessories,4926,985,164
2023-09-01,South America,Brazil,Furniture,Home,7246,1304,29
2023-09-01,South America,Brazil,Furniture,Office,5266,1159,18
2023-09-01,Europe,United Kingdom,Electronics,Phones,34805,3480,232
2023-09-01,Europe,United Kingdom,Electronics,Computers,25017,3753,125
2023-09-01,Europe,United Kingdom,Clothing,Apparel,21626,6488,481
2023-09-01,Europe,United Kingdom,Clothing,Accessories,9292,1858,310
2023-09-01,Europe,United Kingdom,Furniture,Home,15422,2776,62
2023-09-01,Europe,United Kingdom,Furniture,Office,10759,2367,36
2023-09-01,Europe,Germany,Electronics,Phones,25873,2587,172
2023-09-01,Europe,Germany,Electronics,Computers,19405,2911,97
2023-09-01,Europe,Germany,Clothing,Apparel,17153,5146,381
2023-09-01,Europe,Germany,Clothing,Accessories,7605,1521,254
2023-09-01,Europe,Germany,Furniture,Home,14406,2593,58
2023-09-01,Europe,Germany,Furniture,Office,8828,1942,29
2023-09-01,Europe,France,Electronics,Phones,25658,2566,171
2023-09-01,Europe,France,Electronics,Computers,16264,2440,81
2023-09-01,Europe,France,Clothing,Apparel,19259,5778,428
2023-09-01,Europe,France,Clothing,Accessories,8356,1671,279
2023-09-01,Europe,France,Furniture,Home,13819,2487,55
2023-09-01,Europe,France,Furniture,Office,9109,2004,30
2023-09-01,Asia,Japan,Electronics,Phones,42214,4221,281
2023-09-01,Asia,Japan,Electronics,Computers,26538,3981,133
2023-09-01,Asia,Japan,Clothing,Apparel,23773,7132,528
2023-09-01,Asia,Japan,Clothing,Accessories,9678,1936,323
2023-09-01,Asia,Japan,Furniture,Home,18381,3309,74
2023-09-01,Asia,Japan,Furniture,Office,10929,2404,36
2023-09-01,Asia,China,Electronics,Phones,43104,4310,287
2023-09-01,Asia,China,Electronics,Computers,31879,4782,159
2023-09-01,Asia,China,Clothing,Apparel,26060,7818,579
2023-09-01,Asia,China,Clothing,Accessories,12998,2600,433
2023-09-01,Asia,China,Furniture,Home,19557,3520,78
2023-09-01,Asia,China,Furniture,Office,13725,3020,46
2023-09-01,Asia,India,Electronics,Phones,12497,1250,83
2023-09-01,Asia,India,Electronics,Computers,9670,1450,48
2023-09-01,Asia,India,Clothing,Apparel,8824,2647,196
2023-09-01,Asia,India,Clothing,Accessories,3580,716,119
2023-09-01,Asia,India,Furniture,Home,6440,1159,26
2023-09-01,Asia,India,Furniture,Office,4177,919,14
2023-09-01,Africa,South Africa,Electronics,Phones,5840,584,39
2023-09-01,Africa,South Africa,Electronics,Computers,4300,645,22
2023-09-01,Africa,South Africa,Clothing,Apparel,3499,1050,78
2023-09-01,Africa,South Africa,Clothing,Accessories,1532,306,51
2023-09-01,Africa,South Africa,Furniture,Home,2143,386,9
2023-09-01,Africa,South Africa,Furniture,Office,1490,328,5
2023-10-01,North America,United States,Electronics,Phones,61351,6135,409
2023-10-01,North America,United States,Electronics,Computers,39530,5930,198
2023-10-01,North America,United States,Clothing,Apparel,39205,11762,871
2023-10-01,North America,United States,Clothing,Accessories,14942,2988,498
2023-10-01,North America,United States,Furniture,Home,25243,4544,101
2023-10-01,North America,United States,Furniture,Office,19379,4263,65
2023-10-01,North America,Canada,Electronics,Phones,21399,2140,143
2023-10-01,North America,Canada,Electronics,Computers,13506,2026,68
2023-10-01,North America,Canada,Clothing,Apparel,12287,3686,273
2023-10-01,North America,Canada,Clothing,Accessories,6103,1221,203
2023-10-01,North America,Canada,Furniture,Home,10041,1807,40
2023-10-01,North America,Canada,Furniture,Office,6343,1395,21
2023-10-01,South America,Brazil,Electronics,Phones,19093,1909,127
2023-10-01,South America,Brazil,Electronics,Computers,11782,1767,59
2023-10-01,South America,Brazil,Clothing,Apparel,11429,3429,254
2023-10-01,South America,Brazil,Clothing,Accessories,5046,1009,168
2023-10-01,South America,Brazil,Furniture,Home,7875,1418,32
2023-10-01,South America,Brazil,Furniture,Office,5391,1186,18
2023-10-01,Europe,United Kingdom,Electronics,Phones,36823,3682,245
2023-10-01,Europe,United Kingdom,Electronics,Computers,24049,3607,120
2023-10-01,Europe,United Kingdom,Clothing,Apparel,22645,6794,503
2023-10-01,Europe,United Kingdom,Clothing,Accessories,9273,1855,309
2023-10-01,Europe,United Kingdom,Furniture,Home,14846,2672,59
2023-10-01,Europe,United Kingdom,Furniture,Office,11035,2428,37
2023-10-01,Europe,Germany,Electronics,Phones,28349,2835,189
2023-10-01,Europe,Germany,Electronics,Computers,19431,2915,97
2023-10-01,Europe,Germany,Clothing,Apparel,17946,5384,399
2023-10-01,Europe,Germany,Clothing,Accessories,8508,1702,284
2023-10-01,Europe,Germany,Furniture,Home,13114,2361,52
2023-10-01,Europe,Germany,Furniture,Office,9009,1982,30
2023-10-01,Europe,France,Electronics,Phones,25875,2588,172
2023-10-01,Europe,France,Electronics,Computers,18694,2804,93
2023-10-01,Europe,France,Clothing,Apparel,21082,6325,468
2023-10-01,Europe,France,Clothing,Accessories,8351,1670,278
2023-10-01,Europe,France,Furniture,Home,13842,2492,55
2023-10-01,Europe,France,Furniture,Office,8874,1952,30
2023-10-01,Asia,Japan,Electronics,Phones,38292,3829,255
2023-10-01,Asia,Japan,Electronics,Computers,25962,3894,130
2023-10-01,Asia,Japan,Clothing,Apparel,24744,7423,550
2023-10-01,Asia,Japan,Clothing,Accessories,11904,2381,397
2023-10-01,Asia,Japan,Furniture,Home,17432,3138,70
2023-10-01,Asia,Japan,Furniture,Office,11845,2606,39
2023-10-01,Asia,China,Electronics,Phones,47272,4727,315
2023-10-01,Asia,China,Electronics,Computers,32861,4929,164
2023-10-01,Asia,China,Clothing,Apparel,27035,8110,601
2023-10-01,Asia,China,Clothing,Accessories,11899,2380,397
2023-10-01,Asia,China,Furniture,Home,20721,3730,83
2023-10-01,Asia,China,Furniture,Office,14177,3119,47
2023-10-01,Asia,India,Electronics,Phones,15237,1524,102
2023-10-01,Asia,India,Electronics,Computers,9881,1482,49
2023-10-01,Asia,India,Clothing,Apparel,8707,2612,193
2023-10-01,Asia,India,Clothing,Accessories,4272,854,142
2023-10-01,Asia,India,Furniture,Home,6977,1256,28
2023-10-01,Asia,India,Furniture,Office,4244,934,14
2023-10-01,Africa,South Africa,Electronics,Phones,5771,577,38
2023-10-01,Africa,South Africa,Electronics,Computers,4562,684,23
2023-10-01,Africa,South Africa,Clothing,Apparel,3414,1024,76
2023-10-01,Africa,South Africa,Clothing,Accessories,1629,326,54
2023-10-01,Africa,South Africa,Furniture,Home,2570,463,10
2023-10-01,Africa,South Africa,Furniture,Office,1724,379,6
2023-11-01,North America,United States,Electronics,Phones,72728,7273,485
2023-11-01,North America,United States,Electronics,Computers,48055,7208,240
2023-11-01,North America,United States,Clothing,Apparel,47562,14269,1057
2023-11-01,North America,United States,Clothing,Accessories,18142,3628,605
2023-11-01,North America,United States,Furniture,Home,37648,6777,151
2023-11-01,North America,United States,Furniture,Office,24089,5300,80
2023-11-01,North America,Canada,Electronics,Phones,22926,2293,153
2023-11-01,North America,Canada,Electronics,Computers,15190,2278,76
2023-11-01,North America,Canada,Clothing,Apparel,16895,5068,375
2023-11-01,North America,Canada,Clothing,Accessories,7515,1503,250
2023-11-01,North America,Canada,Furniture,Home,11909,2144,48
2023-11-01,North America,Canada,Furniture,Office,8425,1854,28
2023-11-01,South America,Brazil,Electronics,Phones,23693,2369,158
2023-11-01,South America,Brazil,Electronics,Computers,15743,2361,79
2023-11-01,South America,Brazil,Clothing,Apparel,13146,3944,292
2023-11-01,South America,Brazil,Clothing,Accessories,6384,1277,213
2023-11-01,South America,Brazil,Furniture,Home,9363,1685,37
2023-11-01,South America,Brazil,Furniture,Office,6090,1340,20
2023-11-01,Europe,United Kingdom,Electronics,Phones,47191,4719,315
2023-11-01,Europe,United Kingdom,Electronics,Computers,28630,4294,143
2023-11-01,Europe,United Kingdom,Clothing,Apparel,29305,8792,651
2023-11-01,Europe,United Kingdom,Clothing,Accessories,12079,2416,403
2023-11-01,Europe,United Kingdom,Furniture,Home,20743,3734,83
2023-11-01,Europe,United Kingdom,Furniture,Office,12479,2745,42
2023-11-01,Europe,Germany,Electronics,Phones,35995,3600,240
2023-11-01,Europe,Germany,Electronics,Computers,22639,3396,113
2023-11-01,Europe,Germany,Clothing,Apparel,21557,6467,479
2023-11-01,Europe,Germany,Clothing,Accessories,10809,2162,360
2023-11-01,Europe,Germany,Furniture,Home,17570,3163,70
2023-11-01,Europe,Germany,Furniture,Office,11274,2480,38
2023-11-01,Europe,France,Electronics,Phones,33190,3319,221
2023-11-01,Europe,France,Electronics,Computers,21696,3254,108
2023-11-01,Europe,France,Clothing,Apparel,24725,7418,549
2023-11-01,Europe,France,Clothing,Accessories,11844,2369,395
2023-11-01,Europe,France,Furniture,Home,16181,2913,65
2023-11-01,Europe,France,Furniture,Office,11028,2426,37
2023-11-01,Asia,Japan,Electronics,Phones,53258,5326,355
2023-11-01,Asia,Japan,Electronics,Computers,37427,5614,187
2023-11-01,Asia,Japan,Clothing,Apparel,34727,10418,772
2023-11-01,Asia,Japan,Clothing,Accessories,15042,3008,501
2023-11-01,Asia,Japan,Furniture,Home,21142,3806,85
2023-11-01,Asia,Japan,Furniture,Office,15117,3326,50
2023-11-01,Asia,China,Electronics,Phones,63095,6310,421
2023-11-01,Asia,China,Electronics,Computers,35737,5361,179
2023-11-01,Asia,China,Clothing,Apparel,40332,12100,896
2023-11-01,Asia,China,Clothing,Accessories,16144,3229,538
2023-11-01,Asia,China,Furniture,Home,29556,5320,118
2023-11-01,Asia,China,Furniture,Office,19043,4189,63
2023-11-01,Asia,India,Electronics,Phones,19354,1935,129
2023-11-01,Asia,India,Electronics,Computers,12309,1846,62
2023-11-01,Asia,India,Clothing,Apparel,12193,3658,271
2023-11-01,Asia,India,Clothing,Accessories,4683,937,156
2023-11-01,Asia,India,Furniture,Home,7988,1438,32
2023-11-01,Asia,India,Furniture,Office,5069,1115,17
2023-11-01,Africa,South Africa,Electronics,Phones,8629,863,58
2023-11-01,Africa,South Africa,Electronics,Computers,5125,769,26
2023-11-01,Africa,South Africa,Clothing,Apparel,4899,1470,109
2023-11-01,Africa,South Africa,Clothing,Accessories,1827,365,61
2023-11-01,Africa,South Africa,Furniture,Home,3182,573,13
2023-11-01,Africa,South Africa,Furniture,Office,2118,466,7
2023-12-01,North America,United States,Electronics,Phones,83600,8360,557
2023-12-01,North America,United States,Electronics,Computers,61677,9252,308
2023-12-01,North America,United States,Clothing,Apparel,52066,15620,1157
2023-12-01,North America,United States,Clothing,Accessories,24982,4996,833
2023-12-01,North America,United States,Furniture,Home,37952,6831,152
2023-12-01,North America,United States,Furniture,Office,24422,5373,81
2023-12-01,North America,Canada,Electronics,Phones,30342,3034,202
2023-12-01,North America,Canada,Electronics,Computers,17996,2699,90
2023-12-01,North America,Canada,Clothing,Apparel,17543,5263,390
2023-12-01,North America,Canada,Clothing,Accessories,8604,1721,287
2023-12-01,North America,Canada,Furniture,Home,14819,2667,59
2023-12-01,North America,Canada,Furniture,Office,9360,2059,31
2023-12-01,South America,Brazil,Electronics,Phones,26986,2699,180
2023-12-01,South America,Brazil,Electronics,Computers,17613,2642,88
2023-12-01,South America,Brazil,Clothing,Apparel,15662,4699,348
2023-12-01,South America,Brazil,Clothing,Accessories,6203,1241,207
2023-12-01,South America,Brazil,Furniture,Home,12236,2202,49
2023-12-01,South America,Brazil,Furniture,Office,8092,1780,27
2023-12-01,Europe,United Kingdom,Electronics,Phones,55824,5582,372
2023-12-01,Europe,United Kingdom,Electronics,Computers,34005,5101,170
2023-12-01,Europe,United Kingdom,Clothing,Apparel,32674,9802,726
2023-12-01,Europe,United Kingdom,Clothing,Accessories,15224,3045,507
2023-12-01,Europe,United Kingdom,Furniture,Home,23793,4283,95
2023-12-01,Europe,United Kingdom,Furniture,Office,16347,3596,54
2023-12-01,Europe,Germany,Electronics,Phones,44885,4488,299
2023-12-01,Europe,Germany,Electronics,Computers,29947,4492,150
2023-12-01,Europe,Germany,Clothing,Apparel,27658,8297,615
2023-12-01,Europe,Germany,Clothing,Accessories,11415,2283,380
2023-12-01,Europe,Germany,Furniture,Home,19914,3585,80
2023-12-01,Europe,Germany,Furniture,Office,13961,3071,47
2023-12-01,Europe,France,Electronics,Phones,39981,3998,267
2023-12-01,Europe,France,Electronics,Computers,26275,3941,131
2023-12-01,Europe,France,Clothing,Apparel,28989,8697,644
2023-12-01,Europe,France,Clothing,Accessories,11356,2271,379
2023-12-01,Europe,France,Furniture,Home,17645,3176,71
2023-12-01,Europe,France,Furniture,Office,13287,2923,44
2023-12-01,Asia,Japan,Electronics,Phones,60828,6083,406
2023-12-01,Asia,Japan,Electronics,Computers,41824,6274,209
2023-12-01,Asia,Japan,Clothing,Apparel,34532,10360,767
2023-12-01,Asia,Japan,Clothing,Accessories,15644,3129,521
2023-12-01,Asia,Japan,Furniture,Home,25726,4631,103
2023-12-01,Asia,Japan,Furniture,Office,16098,3542,54
2023-12-01,Asia,China,Electronics,Phones,62690,6269,418
2023-12-01,Asia,China,Electronics,Computers,42483,6372,212
2023-12-01,Asia,China,Clothing,Apparel,42703,12811,949
2023-12-01,Asia,China,Clothing,Accessories,19955,3991,665
2023-12-01,Asia,China,Furniture,Home,34033,6126,136
2023-12-01,Asia,China,Furniture,Office,22402,4928,75
2023-12-01,Asia,India,Electronics,Phones,21946,2195,146
2023-12-01,Asia,India,Electronics,Computers,14189,2128,71
2023-12-01,Asia,India,Clothing,Apparel,14080,4224,313
2023-12-01,Asia,India,Clothing,Accessories,5495,1099,183
2023-12-01,Asia,India,Furniture,Home,9081,1635,36
2023-12-01,Asia,India,Furniture,Office,6366,1401,21
2023-12-01,Africa,South Africa,Electronics,Phones,8684,868,58
2023-12-01,Africa,South Africa,Electronics,Computers,6308,946,32
2023-12-01,Africa,South Africa,Clothing,Apparel,5668,1700,126
2023-12-01,Africa,South Africa,Clothing,Accessories,2417,483,81
2023-12-01,Africa,South Africa,Furniture,Home,3214,579,13
2023-12-01,Africa,South Africa,Furniture,Office,2241,493,7
2024-01-01,North America,United States,Electronics,Phones,43983,4398,293
2024-01-01,North America,United States,Electronics,Computers,33672,5051,168
2024-01-01,North America,United States,Clothing,Apparel,31827,9548,707
2024-01-01,North America,United States,Clothing,Accessories,13489,2698,450
2024-01-01,North America,United States,Furniture,Home,20712,3728,83
2024-01-01,North America,United States,Furniture,Office,15923,3503,53
2024-01-01,North America,Canada,Electronics,Phones,16982,1698,113
2024-01-01,North America,Canada,Electronics,Computers,10745,1612,54
2024-01-01,North America,Canada,Clothing,Apparel,10488,3146,233
2024-01-01,North America,Canada,Clothing,Accessories,4741,948,158
2024-01-01,North America,Canada,Furniture,Home,8228,1481,33
2024-01-01,North America,Canada,Furniture,Office,4708,1036,16
2024-01-01,South America,Brazil,Electronics,Phones,14333,1433,96
2024-01-01,South America,Brazil,Electronics,Computers,8577,1287,43
2024-01-01,South America,Brazil,Clothing,Apparel,8595,2578,191
2024-01-01,South America,Brazil,Clothing,Accessories,3704,741,123
2024-01-01,South America,Brazil,Furniture,Home,5962,1073,24
2024-01-01,South America,Brazil,Furniture,Office,3832,843,13
2024-01-01,Europe,United Kingdom,Electronics,Phones,27439,2744,183
2024-01-01,Europe,United Kingdom,Electronics,Computers,20469,3070,102
2024-01-01,Europe,United Kingdom,Clothing,Apparel,16869,5061,375
2024-01-01,Europe,United Kingdom,Clothing,Accessories,8171,1634,272
2024-01-01,Europe,United Kingdom,Furniture,Home,12363,2225,49
2024-01-01,Europe,United Kingdom,Furniture,Office,9052,1991,30
2024-01-01,Europe,Germany,Electronics,Phones,22958,2296,153
2024-01-01,Europe,Germany,Electronics,Computers,15985,2398,80
2024-01-01,Europe,Germany,Clothing,Apparel,13498,4049,300
2024-01-01,Europe,Germany,Clothing,Accessories,6530,1306,218
2024-01-01,Europe,Germany,Furniture,Home,10576,1904,42
2024-01-01,Europe,Germany,Furniture,Office,8060,1773,27
2024-01-01,Europe,France,Electronics,Phones,21834,2183,146
2024-01-01,Europe,France,Electronics,Computers,13194,1979,66
2024-01-01,Europe,France,Clothing,Apparel,16056,4817,357
2024-01-01,Europe,France,Clothing,Accessories,6380,1276,213
2024-01-01,Europe,France,Furniture,Home,11406,2053,46
2024-01-01,Europe,France,Furniture,Office,7240,1593,24
2024-01-01,Asia,Japan,Electronics,Phones,35793,3579,239
2024-01-01,Asia,Japan,Electronics,Computers,20769,3115,104
2024-01-01,Asia,Japan,Clothing,Apparel,21184,6355,471
2024-01-01,Asia,Japan,Clothing,Accessories,8625,1725,288
2024-01-01,Asia,Japan,Furniture,Home,13526,2435,54
2024-01-01,Asia,Japan,Furniture,Office,8535,1878,28
2024-01-01,Asia,China,Electronics,Phones,36001,3600,240
2024-01-01,Asia,China,Electronics,Computers,23858,3579,119
2024-01-01,Asia,China,Clothing,Apparel,23932,7180,532
2024-01-01,Asia,China,Clothing,Accessories,10837,2167,361
2024-01-01,Asia,China,Furniture,Home,17079,3074,68
2024-01-01,Asia,China,Furniture,Office,12122,2667,40
2024-01-01,Asia,India,Electronics,Phones,11179,1118,75
2024-01-01,Asia,India,Electronics,Computers,6779,1017,34
2024-01-01,Asia,India,Clothing,Apparel,6771,2031,150
2024-01-01,Asia,India,Clothing,Accessories,3021,604,101
2024-01-01,Asia,India,Furniture,Home,5204,937,21
2024-01-01,Asia,India,Furniture,Office,3465,762,12
2024-01-01,Africa,South Africa,Electronics,Phones,5224,522,35
2024-01-01,Africa,South Africa,Electronics,Computers,3479,522,17
2024-01-01,Africa,South Africa,Clothing,Apparel,3061,918,68
2024-01-01,Africa,South Africa,Clothing,Accessories,1192,238,40
2024-01-01,Africa,South Africa,Furniture,Home,1727,311,7
2024-01-01,Africa,South Africa,Furniture,Office,1142,251,4
2024-02-01,North America,United States,Electronics,Phones,42564,4256,284
2024-02-01,North America,United States,Electronics,Computers,27801,4170,139
2024-02-01,North America,United States,Clothing,Apparel,29637,8891,659
2024-02-01,North America,United States,Clothing,Accessories,12910,2582,430
2024-02-01,North America,United States,Furniture,Home,22356,4024,89
2024-02-01,North America,United States,Furniture,Office,14980,3296,50
2024-02-01,North America,Canada,Electronics,Phones,14967,1497,100
2024-02-01,North America,Canada,Electronics,Computers,10272,1541,51
2024-02-01,North America,Canada,Clothing,Apparel,8718,2615,194
2024-02-01,North America,Canada,Clothing,Accessories,3908,782,130
2024-02-01,North America,Canada,Furniture,Home,7214,1299,29
2024-02-01,North America,Canada,Furniture,Office,4512,993,15
2024-02-01,South America,Brazil,Electronics,Phones,12645,1264,84
2024-02-01,South America,Brazil,Electronics,Computers,8389,1258,42
2024-02-01,South America,Brazil,Clothing,Apparel,8990,2697,200
2024-02-01,South America,Brazil,Clothing,Accessories,3565,713,119
2024-02-01,South America,Brazil,Furniture,Home,5966,1074,24
2024-02-01,South America,Brazil,Furniture,Office,3727,820,12
2024-02-01,Europe,United Kingdom,Electronics,Phones,26441,2644,176
2024-02-01,Europe,United Kingdom,Electronics,Computers,19130,2870,96
2024-02-01,Europe,United Kingdom,Clothing,Apparel,18419,5526,409
2024-02-01,Europe,United Kingdom,Clothing,Accessories,6799,1360,227
2024-02-01,Europe,United Kingdom,Furniture,Home,11314,2037,45
2024-02-01,Europe,United Kingdom,Furniture,Office,7876,1733,26
2024-02-01,Europe,Germany,Electronics,Phones,20168,2017,134
2024-02-01,Europe,Germany,Electronics,Computers,13373,2006,67
2024-02-01,Europe,Germany,Clothing,Apparel,12451,3735,277
2024-02-01,Europe,Germany,Clothing,Accessories,5434,1087,181
2024-02-01,Europe,Germany,Furniture,Home,11354,2044,45
2024-02-01,Europe,Germany,Furniture,Office,7518,1654,25
2024-02-01,Europe,France,Electronics,Phones,20336,2034,136
2024-02-01,Europe,France,Electronics,Computers,14018,2103,70
2024-02-01,Europe,France,Clothing,Apparel,14416,4325,320
2024-02-01,Europe,France,Clothing,Accessories,6946,1389,232
2024-02-01,Europe,France,Furniture,Home,10207,1837,41
2024-02-01,Europe,France,Furniture,Office,7002,1540,23
2024-02-01,Asia,Japan,Electronics,Phones,29089,2909,194
2024-02-01,Asia,Japan,Electronics,Computers,19593,2939,98
2024-02-01,Asia,Japan,Clothing,Apparel,20686,6206,460
2024-02-01,Asia,Japan,Clothing,Accessories,7917,1583,264
2024-02-01,Asia,Japan,Furniture,Home,14195,2555,57
2024-02-01,Asia,Japan,Furniture,Office,9066,1995,30
2024-02-01,Asia,China,Electronics,Phones,32772,3277,218
2024-02-01,Asia,China,Electronics,Computers,25144,3772,126
2024-02-01,Asia,China,Clothing,Apparel,22610,6783,502
2024-02-01,Asia,China,Clothing,Accessories,9955,1991,332
2024-02-01,Asia,China,Furniture,Home,14971,2695,60
2024-02-01,Asia,China,Furniture,Office,10190,2242,34
2024-02-01,Asia,India,Electronics,Phones,9998,1000,67
2024-02-01,Asia,India,Electronics,Computers,6392,959,32
2024-02-01,Asia,India,Clothing,Apparel,6522,1957,145
2024-02-01,Asia,India,Clothing,Accessories,3057,611,102
2024-02-01,Asia,India,Furniture,Home,4637,835,19
2024-02-01,Asia,India,Furniture,Office,3442,757,11
2024-02-01,Africa,South Africa,Electronics,Phones,5099,510,34
2024-02-01,Africa,South Africa,Electronics,Computers,2844,427,14
2024-02-01,Africa,South Africa,Clothing,Apparel,2661,798,59
2024-02-01,Africa,South Africa,Clothing,Accessories,1223,245,41
2024-02-01,Africa,South Africa,Furniture,Home,1756,316,7
2024-02-01,Africa,South Africa,Furniture,Office,1173,258,4
2024-03-01,North America,United States,Electronics,Phones,53360,5336,356
2024-03-01,North America,United States,Electronics,Computers,35713,5357,179
2024-03-01,North America,United States,Clothing,Apparel,28716,8615,638
2024-03-01,North America,United States,Clothing,Accessories,12227,2445,408
2024-03-01,North America,United States,Furniture,Home,25005,4501,100
2024-03-01,North America,United States,Furniture,Office,14535,3198,48
2024-03-01,North America,Canada,Electronics,Phones,15532,1553,104
2024-03-01,North America,Canada,Electronics,Computers,11110,1666,56
2024-03-01,North America,Canada,Clothing,Apparel,10375,3112,231
2024-03-01,North America,Canada,Clothing,Accessories,5022,1004,167
2024-03-01,North America,Canada,Furniture,Home,8122,1462,32
2024-03-01,North America,Canada,Furniture,Office,5412,1191,18
2024-03-01,South America,Brazil,Electronics,Phones,16020,1602,107
2024-03-01,South America,Brazil,Electronics,Computers,9810,1472,49
2024-03-01,South America,Brazil,Clothing,Apparel,9448,2834,210
2024-03-01,South America,Brazil,Clothing,Accessories,3926,785,131
2024-03-01,South America,Brazil,Furniture,Home,6091,1096,24
2024-03-01,South America,Brazil,Furniture,Office,4674,1028,16
2024-03-01,Europe,United Kingdom,Electronics,Phones,31004,3100,207
2024-03-01,Europe,United Kingdom,Electronics,Computers,21510,3226,108
2024-03-01,Europe,United Kingdom,Clothing,Apparel,17568,5270,390
2024-03-01,Europe,United Kingdom,Clothing,Accessories,8620,1724,287
2024-03-01,Europe,United Kingdom,Furniture,Home,13790,2482,55
2024-03-01,Europe,United Kingdom,Furniture,Office,8685,1911,29
2024-03-01,Europe,Germany,Electronics,Phones,25066,2507,167
2024-03-01,Europe,Germany,Electronics,Computers,17895,2684,89
2024-03-01,Europe,Germany,Clothing,Apparel,16573,4972,368
2024-03-01,Europe,Germany,Clothing,Accessories,6194,1239,206
2024-03-01,Europe,Germany,Furniture,Home,10974,1975,44
2024-03-01,Europe,Germany,Furniture,Office,8513,1873,28
2024-03-01,Europe,France,Electronics,Phones,22660,2266,151
2024-03-01,Europe,France,Electronics,Computers,14505,2176,73
2024-03-01,Europe,France,Clothing,Apparel,18634,5590,414
2024-03-01,Europe,France,Clothing,Accessories,7458,1492,249
2024-03-01,Europe,France,Furniture,Home,10194,1835,41
2024-03-01,Europe,France,Furniture,Office,8250,1815,28
2024-03-01,Asia,Japan,Electronics,Phones,35683,3568,238
2024-03-01,Asia,Japan,Electronics,Computers,25149,3772,126
2024-03-01,Asia,Japan,Clothing,Apparel,20976,6293,466
2024-03-01,Asia,Japan,Clothing,Accessories,9747,1949,325
2024-03-01,Asia,Japan,Furniture,Home,15326,2759,61
2024-03-01,Asia,Japan,Furniture,Office,10653,2344,36
2024-03-01,Asia,China,Electronics,Phones,40478,4048,270
2024-03-01,Asia,China,Electronics,Computers,25081,3762,125
2024-03-01,Asia,China,Clothing,Apparel,22600,6780,502
2024-03-01,Asia,China,Clothing,Accessories,10953,2191,365
2024-03-01,Asia,China,Furniture,Home,17973,3235,72
2024-03-01,Asia,China,Furniture,Office,11317,2490,38
2024-03-01,Asia,India,Electronics,Phones,10949,1095,73
2024-03-01,Asia,India,Electronics,Computers,8707,1306,44
2024-03-01,Asia,India,Clothing,Apparel,7579,2274,168
2024-03-01,Asia,India,Clothing,Accessories,3260,652,109
2024-03-01,Asia,India,Furniture,Home,4981,897,20
2024-03-01,Asia,India,Furniture,Office,3879,853,13
2024-03-01,Africa,South Africa,Electronics,Phones,5713,571,38
2024-03-01,Africa,South Africa,Electronics,Computers,3257,489,16
2024-03-01,Africa,South Africa,Clothing,Apparel,3324,997,74
2024-03-01,Africa,South Africa,Clothing,Accessories,1241,248,41
2024-03-01,Africa,South Africa,Furniture,Home,2108,379,8
2024-03-01,Africa,South Africa,Furniture,Office,1274,280,4
2024-04-01,North America,United States,Electronics,Phones,55513,5551,370
2024-04-01,North America,United States,Electronics,Computers,36314,5447,182
2024-04-01,North America,United States,Clothing,Apparel,30385,9116,675
2024-04-01,North America,United States,Clothing,Accessories,14066,2813,469
2024-04-01,North America,United States,Furniture,Home,24327,4379,97
2024-04-01,North America,United States,Furniture,Office,17447,3838,58
2024-04-01,North America,Canada,Electronics,Phones,16945,1694,113
2024-04-01,North America,Canada,Electronics,Computers,12177,1827,61
2024-04-01,North America,Canada,Clothing,Apparel,10659,3198,237
2024-04-01,North America,Canada,Clothing,Accessories,5095,1019,170
2024-04-01,North America,Canada,Furniture,Home,9016,1623,36
2024-04-01,North America,Canada,Furniture,Office,5651,1243,19
2024-04-01,South America,Brazil,Electronics,Phones,15469,1547,103
2024-04-01,South America,Brazil,Electronics,Computers,11130,1670,56
2024-04-01,South America,Brazil,Clothing,Apparel,9818,2945,218
2024-04-01,South America,Brazil,Clothing,Accessories,4281,856,143
2024-04-01,South America,Brazil,Furniture,Home,6937,1249,28
2024-04-01,South America,Brazil,Furniture,Office,4938,1086,16
2024-04-01,Europe,United Kingdom,Electronics,Phones,33678,3368,225
2024-04-01,Europe,United Kingdom,Electronics,Computers,21619,3243,108
2024-04-01,Europe,United Kingdom,Clothing,Apparel,20279,6084,451
2024-04-01,Europe,United Kingdom,Clothing,Accessories,8677,1735,289
2024-04-01,Europe,United Kingdom,Furniture,Home,12796,2303,51
2024-04-01,Europe,United Kingdom,Furniture,Office,9097,2001,30
2024-04-01,Europe,Germany,Electronics,Phones,25879,2588,173
2024-04-01,Europe,Germany,Electronics,Computers,16421,2463,82
2024-04-01,Europe,Germany,Clothing,Apparel,17052,5116,379
2024-04-01,Europe,Germany,Clothing,Accessories,6560,1312,219
2024-04-01,Europe,Germany,Furniture,Home,12671,2281,51
2024-04-01,Europe,Germany,Furniture,Office,8674,1908,29
2024-04-01,Europe,France,Electronics,Phones,23366,2337,156
2024-04-01,Europe,France,Electronics,Computers,14852,2228,74
2024-04-01,Europe,France,Clothing,Apparel,17858,5357,397
2024-04-01,Europe,France,Clothing,Accessories,8382,1676,279
2024-04-01,Europe,France,Furniture,Home,11924,2146,48
2024-04-01,Europe,France,Furniture,Office,7424,1633,25
2024-04-01,Asia,Japan,Electronics,Phones,33911,3391,226
2024-04-01,Asia,Japan,Electronics,Computers,26394,3959,132
2024-04-01,Asia,Japan,Clothing,Apparel,24588,7376,546
2024-04-01,Asia,Japan,Clothing,Accessories,9910,1982,330
2024-04-01,Asia,Japan,Furniture,Home,14867,2676,59
2024-04-01,Asia,Japan,Furniture,Office,9399,2068,31
2024-04-01,Asia,China,Electronics,Phones,38694,3869,258
2024-04-01,Asia,China,Electronics,Computers,25619,3843,128
2024-04-01,Asia,China,Clothing,Apparel,24240,7272,539
2024-04-01,Asia,China,Clothing,Accessories,11104,2221,370
2024-04-01,Asia,China,Furniture,Home,18128,3263,73
2024-04-01,Asia,China,Furniture,Office,13575,2986,45
2024-04-01,Asia,India,Electronics,Phones,12856,1286,86
2024-04-01,Asia,India,Electronics,Computers,8038,1206,40
2024-04-01,Asia,India,Clothing,Apparel,7817,2345,174
2024-04-01,Asia,India,Clothing,Accessories,3228,646,108
2024-04-01,Asia,India,Furniture,Home,5641,1015,23
2024-04-01,Asia,India,Furniture,Office,3468,763,12
2024-04-01,Africa,South Africa,Electronics,Phones,5819,582,39
2024-04-01,Africa,South Africa,Electronics,Computers,3517,528,18
2024-04-01,Africa,South Africa,Clothing,Apparel,3079,924,68
2024-04-01,Africa,South Africa,Clothing,Accessories,1379,276,46
2024-04-01,Africa,South Africa,Furniture,Home,1938,349,8
2024-04-01,Africa,South Africa,Furniture,Office,1515,333,5
2024-05-01,North America,United States,Electronics,Phones,53522,5352,357
2024-05-01,North America,United States,Electronics,Computers,37835,5675,189
2024-05-01,North America,United States,Clothing,Apparel,34395,10318,764
2024-05-01,North America,United States,Clothing,Accessories,15381,3076,513
2024-05-01,North America,United States,Furniture,Home,26675,4802,107
2024-05-01,North America,United States,Furniture,Office,16538,3638,55
2024-05-01,North America,Canada,Electronics,Phones,20329,2033,136
2024-05-01,North America,Canada,Electronics,Computers,13316,1997,67
2024-05-01,North America,Canada,Clothing,Apparel,11387,3416,253
2024-05-01,North America,Canada,Clothing,Accessories,4878,976,163
2024-05-01,North America,Canada,Furniture,Home,9366,1686,37
2024-05-01,North America,Canada,Furniture,Office,6074,1336,20
2024-05-01,South America,Brazil,Electronics,Phones,17578,1758,117
2024-05-01,South America,Brazil,Electronics,Computers,10049,1507,50
2024-05-01,South America,Brazil,Clothing,Apparel,10484,3145,233
2024-05-01,South America,Brazil,Clothing,Accessories,4021,804,134
2024-05-01,South America,Brazil,Furniture,Home,6867,1236,27
2024-05-01,South America,Brazil,Furniture,Office,4633,1019,15
2024-05-01,Europe,United Kingdom,Electronics,Phones,33314,3331,222
2024-05-01,Europe,United Kingdom,Electronics,Computers,23168,3475,116
2024-05-01,Europe,United Kingdom,Clothing,Apparel,23292,6988,518
2024-05-01,Europe,United Kingdom,Clothing,Accessories,10163,2033,339
2024-05-01,Europe,United Kingdom,Furniture,Home,15178,2732,61
2024-05-01,Europe,United Kingdom,Furniture,Office,9890,2176,33
2024-05-01,Europe,Germany,Electronics,Phones,28170,2817,188
2024-05-01,Europe,Germany,Electronics,Computers,20084,3013,100
2024-05-01,Europe,Germany,Clothing,Apparel,16870,5061,375
2024-05-01,Europe,Germany,Clothing,Accessories,7696,1539,257
2024-05-01,Europe,Germany,Furniture,Home,13896,2501,56
2024-05-01,Europe,Germany,Furniture,Office,8737,1922,29
2024-05-01,Europe,France,Electronics,Phones,23574,2357,157
2024-05-01,Europe,France,Electronics,Computers,15135,2270,76
2024-05-01,Europe,France,Clothing,Apparel,17233,5170,383
2024-05-01,Europe,France,Clothing,Accessories,7546,1509,252
2024-05-01,Europe,France,Furniture,Home,11419,2055,46
2024-05-01,Europe,France,Furniture,Office,9222,2029,31
2024-05-01,Asia,Japan,Electronics,Phones,41450,4145,276
2024-05-01,Asia,Japan,Electronics,Computers,24283,3642,121
2024-05-01,Asia,Japan,Clothing,Apparel,25017,7505,556
2024-05-01,Asia,Japan,Clothing,Accessories,10724,2145,357
2024-05-01,Asia,Japan,Furniture,Home,16152,2907,65
2024-05-01,Asia,Japan,Furniture,Office,11183,2460,37
2024-05-01,Asia,China,Electronics,Phones,47211,4721,315
2024-05-01,Asia,China,Electronics,Computers,27910,4186,140
2024-05-01,Asia,China,Clothing,Apparel,26660,7998,592
2024-05-01,Asia,China,Clothing,Accessories,11812,2362,394
2024-05-01,Asia,China,Furniture,Home,20716,3729,83
2024-05-01,Asia,China,Furniture,Office,12555,2762,42
2024-05-01,Asia,India,Electronics,Phones,12493,1249,83
2024-05-01,Asia,India,Electronics,Computers,8304,1246,42
2024-05-01,Asia,India,Clothing,Apparel,9028,2708,201
2024-05-01,Asia,India,Clothing,Accessories,4064,813,135
2024-05-01,Asia,India,Furniture,Home,5916,1065,24
2024-05-01,Asia,India,Furniture,Office,4252,935,14
2024-05-01,Africa,South Africa,Electronics,Phones,6051,605,40
2024-05-01,Africa,South Africa,Electronics,Computers,3730,560,19
2024-05-01,Africa,South Africa,Clothing,Apparel,3519,1056,78
2024-05-01,Africa,South Africa,Clothing,Accessories,1587,317,53
2024-05-01,Africa,South Africa,Furniture,Home,2031,366,8
2024-05-01,Africa,South Africa,Furniture,Office,1341,295,4
2024-06-01,North America,United States,Electronics,Phones,54222,5422,361
2024-06-01,North America,United States,Electronics,Computers,36730,5510,184
2024-06-01,North America,United States,Clothing,Apparel,36033,10810,801
2024-06-01,North America,United States,Clothing,Accessories,15074,3015,502
2024-06-01,North America,United States,Furniture,Home,25829,4649,103
2024-06-01,North America,United States,Furniture,Office,16755,3686,56
2024-06-01,North America,Canada,Electronics,Phones,17806,1781,119
2024-06-01,North America,Canada,Electronics,Computers,11252,1688,56
2024-06-01,North America,Canada,Clothing,Apparel,11479,3444,255
2024-06-01,North America,Canada,Clothing,Accessories,4918,984,164
2024-06-01,North America,Canada,Furniture,Home,8609,1550,34
2024-06-01,North America,Canada,Furniture,Office,5762,1268,19
2024-06-01,South America,Brazil,Electronics,Phones,16055,1606,107
2024-06-01,South America,Brazil,Electronics,Computers,10988,1648,55
2024-06-01,South America,Brazil,Clothing,Apparel,9840,2952,219
2024-06-01,South America,Brazil,Clothing,Accessories,4409,882,147
2024-06-01,South America,Brazil,Furniture,Home,7086,1275,28
2024-06-01,South America,Brazil,Furniture,Office,4624,1017,15
2024-06-01,Europe,United Kingdom,Electronics,Phones,30538,3054,204
2024-06-01,Europe,United Kingdom,Electronics,Computers,19292,2894,96
2024-06-01,Europe,United Kingdom,Clothing,Apparel,22165,6650,493
2024-06-01,Europe,United Kingdom,Clothing,Accessories,8661,1732,289
2024-06-01,Europe,United Kingdom,Furniture,Home,14016,2523,56
2024-06-01,Europe,United Kingdom,Furniture,Office,9385,2065,31
2024-06-01,Europe,Germany,Electronics,Phones,28358,2836,189
2024-06-01,Europe,Germany,Electronics,Computers,16847,2527,84
2024-06-01,Europe,Germany,Clothing,Apparel,17090,5127,380
2024-06-01,Europe,Germany,Clothing,Accessories,6371,1274,212
2024-06-01,Europe,Germany,Furniture,Home,12145,2186,49
2024-06-01,Europe,Germany,Furniture,Office,7934,1745,26
2024-06-01,Europe,France,Electronics,Phones,22525,2252,150
2024-06-01,Europe,France,Electronics,Computers,14670,2200,73
2024-06-01,Europe,France,Clothing,Apparel,17070,5121,379
2024-06-01,Europe,France,Clothing,Accessories,8384,1677,279
2024-06-01,Europe,France,Furniture,Home,11592,2087,46
2024-06-01,Europe,France,Furniture,Office,8148,1793,27
2024-06-01,Asia,Japan,Electronics,Phones,39147,3915,261
2024-06-01,Asia,Japan,Electronics,Computers,25192,3779,126
2024-06-01,Asia,Japan,Clothing,Apparel,21318,6395,474
2024-06-01,Asia,Japan,Clothing,Accessories,9456,1891,315
2024-06-01,Asia,Japan,Furniture,Home,16156,2908,65
2024-06-01,Asia,Japan,Furniture,Office,11284,2482,38
2024-06-01,Asia,China,Electronics,Phones,45091,4509,301
2024-06-01,Asia,China,Electronics,Computers,29159,4374,146
2024-06-01,Asia,China,Clothing,Apparel,27538,8261,612
2024-06-01,Asia,China,Clothing,Accessories,11941,2388,398
2024-06-01,Asia,China,Furniture,Home,20911,3764,84
2024-06-01,Asia,China,Furniture,Office,14058,3093,47
2024-06-01,Asia,India,Electronics,Phones,12991,1299,87
2024-06-01,Asia,India,Electronics,Computers,8087,1213,40
2024-06-01,Asia,India,Clothing,Apparel,8630,2589,192
2024-06-01,Asia,India,Clothing,Accessories,3641,728,121
2024-06-01,Asia,India,Furniture,Home,5218,939,21
2024-06-01,Asia,India,Furniture,Office,3532,777,12
2024-06-01,Africa,South Africa,Electronics,Phones,5756,576,38
2024-06-01,Africa,South Africa,Electronics,Computers,3458,519,17
2024-06-01,Africa,South Africa,Clothing,Apparel,3233,970,72
2024-06-01,Africa,South Africa,Clothing,Accessories,1548,310,52
2024-06-01,Africa,South Africa,Furniture,Home,2031,366,8
2024-06-01,Africa,South Africa,Furniture,Office,1327,292,4
2024-07-01,North America,United States,Electronics,Phones,45386,4539,303
2024-07-01,North America,United States,Electronics,Computers,30065,4510,150
2024-07-01,North America,United States,Clothing,Apparel,33419,10026,743
2024-07-01,North America,United States,Clothing,Accessories,12928,2586,431
2024-07-01,North America,United States,Furniture,Home,21700,3906,87
2024-07-01,North America,United States,Furniture,Office,16545,3640,55
2024-07-01,North America,Canada,Electronics,Phones,17948,1795,120
2024-07-01,North America,Canada,Electronics,Computers,10052,1508,50
2024-07-01,North America,Canada,Clothing,Apparel,9920,2976,220
2024-07-01,North America,Canada,Clothing,Accessories,4593,919,153
2024-07-01,North America,Canada,Furniture,Home,8173,1471,33
2024-07-01,North America,Canada,Furniture,Office,4920,1082,16
2024-07-01,South America,Brazil,Electronics,Phones,13832,1383,92
2024-07-01,South America,Brazil,Electronics,Computers,9287,1393,46
2024-07-01,South America,Brazil,Clothing,Apparel,9019,2706,200
2024-07-01,South America,Brazil,Clothing,Accessories,3877,775,129
2024-07-01,South America,Brazil,Furniture,Home,6051,1089,24
2024-07-01,South America,Brazil,Furniture,Office,4771,1050,16
2024-07-01,Europe,United Kingdom,Electronics,Phones,28552,2855,190
2024-07-01,Europe,United Kingdom,Electronics,Computers,18570,2786,93
2024-07-01,Europe,United Kingdom,Clothing,Apparel,20147,6044,448
2024-07-01,Europe,United Kingdom,Clothing,Accessories,8344,1669,278
2024-07-01,Europe,United Kingdom,Furniture,Home,13760,2477,55
2024-07-01,Europe,United Kingdom,Furniture,Office,9239,2033,31
2024-07-01,Europe,Germany,Electronics,Phones,26722,2672,178
2024-07-01,Europe,Germany,Electronics,Computers,16210,2432,81
2024-07-01,Europe,Germany,Clothing,Apparel,15394,4618,342
2024-07-01,Europe,Germany,Clothing,Accessories,7109,1422,237
2024-07-01,Europe,Germany,Furniture,Home,11046,1988,44
2024-07-01,Europe,Germany,Furniture,Office,7356,1618,25
2024-07-01,Europe,France,Electronics,Phones,22445,2244,150
2024-07-01,Europe,France,Electronics,Computers,15466,2320,77
2024-07-01,Europe,France,Clothing,Apparel,18608,5582,414
2024-07-01,Europe,France,Clothing,Accessories,7794,1559,260
2024-07-01,Europe,France,Furniture,Home,10276,1850,41
2024-07-01,Europe,France,Furniture,Office,6946,1528,23
2024-07-01,Asia,Japan,Electronics,Phones,35502,3550,237
2024-07-01,Asia,Japan,Electronics,Computers,24779,3717,124
2024-07-01,Asia,Japan,Clothing,Apparel,23524,7057,523
2024-07-01,Asia,Japan,Clothing,Accessories,8677,1735,289
2024-07-01,Asia,Japan,Furniture,Home,14031,2526,56
2024-07-01,Asia,Japan,Furniture,Office,9646,2122,32
2024-07-01,Asia,China,Electronics,Phones,39973,3997,266
2024-07-01,Asia,China,Electronics,Computers,27855,4178,139
2024-07-01,Asia,China,Clothing,Apparel,22852,6856,508
2024-07-01,Asia,China,Clothing,Accessories,10960,2192,365
2024-07-01,Asia,China,Furniture,Home,18016,3243,72
2024-07-01,Asia,China,Furniture,Office,11522,2535,38
2024-07-01,Asia,India,Electronics,Phones,12813,1281,85
2024-07-01,Asia,India,Electronics,Computers,7888,1183,39
2024-07-01,Asia,India,Clothing,Apparel,7633,2290,170
2024-07-01,Asia,India,Clothing,Accessories,3506,701,117
2024-07-01,Asia,India,Furniture,Home,5052,909,20
2024-07-01,Asia,India,Furniture,Office,3768,829,13
2024-07-01,Africa,South Africa,Electronics,Phones,5155,516,34
2024-07-01,Africa,South Africa,Electronics,Computers,3553,533,18
2024-07-01,Africa,South Africa,Clothing,Apparel,2848,854,63
2024-07-01,Africa,South Africa,Clothing,Accessories,1297,259,43
2024-07-01,Africa,South Africa,Furniture,Home,2098,378,8
2024-07-01,Africa,South Africa,Furniture,Office,1294,285,4
2024-08-01,North America,United States,Electronics,Phones,54587,5459,364
2024-08-01,North America,United States,Electronics,Computers,32774,4916,164
2024-08-01,North America,United States,Clothing,Apparel,34547,10364,768
2024-08-01,North America,United States,Clothing,Accessories,13871,2774,462
2024-08-01,North America,United States,Furniture,Home,23320,4198,93
2024-08-01,North America,United States,Furniture,Office,17432,3835,58
2024-08-01,North America,Canada,Electronics,Phones,17309,1731,115
2024-08-01,North America,Canada,Electronics,Computers,11530,1730,58
2024-08-01,North America,Canada,Clothing,Apparel,11413,3424,254
2024-08-01,North America,Canada,Clothing,Accessories,5280,1056,176
2024-08-01,North America,Canada,Furniture,Home,8953,1612,36
2024-08-01,North America,Canada,Furniture,Office,5481,1206,18
2024-08-01,South America,Brazil,Electronics,Phones,14043,1404,94
2024-08-01,South America,Brazil,Electronics,Computers,9601,1440,48
2024-08-01,South America,Brazil,Clothing,Apparel,8897,2669,198
2024-08-01,South America,Brazil,Clothing,Accessories,4486,897,150
2024-08-01,South America,Brazil,Furniture,Home,7671,1381,31
2024-08-01,South America,Brazil,Furniture,Office,4307,948,14
2024-08-01,Europe,United Kingdom,Electronics,Phones,30532,3053,204
2024-08-01,Europe,United Kingdom,Electronics,Computers,23175,3476,116
2024-08-01,Europe,United Kingdom,Clothing,Apparel,19171,5751,426
2024-08-01,Europe,United Kingdom,Clothing,Accessories,8035,1607,268
2024-08-01,Europe,United Kingdom,Furniture,Home,14822,2668,59
2024-08-01,Europe,United Kingdom,Furniture,Office,9695,2133,32
2024-08-01,Europe,Germany,Electronics,Phones,26807,2681,179
2024-08-01,Europe,Germany,Electronics,Computers,18779,2817,94
2024-08-01,Europe,Germany,Clothing,Apparel,14986,4496,333
2024-08-01,Europe,Germany,Clothing,Accessories,7231,1446,241
2024-08-01,Europe,Germany,Furniture,Home,13224,2380,53
2024-08-01,Europe,Germany,Furniture,Office,8726,1920,29
2024-08-01,Europe,France,Electronics,Phones,23343,2334,156
2024-08-01,Europe,France,Electronics,Computers,14867,2230,74
2024-08-01,Europe,France,Clothing,Apparel,17730,5319,394
2024-08-01,Europe,France,Clothing,Accessories,8031,1606,268
2024-08-01,Europe,France,Furniture,Home,12106,2179,48
2024-08-01,Europe,France,Furniture,Office,7673,1688,26
2024-08-01,Asia,Japan,Electronics,Phones,38416,3842,256
2024-08-01,Asia,Japan,Electronics,Computers,26424,3964,132
2024-08-01,Asia,Japan,Clothing,Apparel,20751,6225,461
2024-08-01,Asia,Japan,Clothing,Accessories,9430,1886,314
2024-08-01,Asia,Japan,Furniture,Home,15587,2806,62
2024-08-01,Asia,Japan,Furniture,Office,11203,2465,37
2024-08-01,Asia,China,Electronics,Phones,43968,4397,293
2024-08-01,Asia,China,Electronics,Computers,27880,4182,139
2024-08-01,Asia,China,Clothing,Apparel,24753,7426,550
2024-08-01,Asia,China,Clothing,Accessories,11373,2275,379
2024-08-01,Asia,China,Furniture,Home,20866,3756,83
2024-08-01,Asia,China,Furniture,Office,13552,2981,45
2024-08-01,Asia,India,Electronics,Phones,13183,1318,88
2024-08-01,Asia,India,Electronics,Computers,9110,1366,46
2024-08-01,Asia,India,Clothing,Apparel,8683,2605,193
2024-08-01,Asia,India,Clothing,Accessories,3456,691,115
2024-08-01,Asia,India,Furniture,Home,5295,953,21
2024-08-01,Asia,India,Furniture,Office,3609,794,12
2024-08-01,Africa,South Africa,Electronics,Phones,5115,512,34
2024-08-01,Africa,South Africa,Electronics,Computers,3633,545,18
2024-08-01,Africa,South Africa,Clothing,Apparel,3436,1031,76
2024-08-01,Africa,South Africa,Clothing,Accessories,1477,295,49
2024-08-01,Africa,South Africa,Furniture,Home,1956,352,8
2024-08-01,Africa,South Africa,Furniture,Office,1548,341,5
2024-09-01,North America,United States,Electronics,Phones,56177,5618,375
2024-09-01,North America,United States,Electronics,Computers,35956,5393,180
2024-09-01,North America,United States,Clothing,Apparel,36912,11074,820
2024-09-01,North America,United States,Clothing,Accessories,15724,3145,524
2024-09-01,North America,United States,Furniture,Home,28809,5186,115
2024-09-01,North America,United States,Furniture,Office,17025,3746,57
2024-09-01,North America,Canada,Electronics,Phones,17724,1772,118
2024-09-01,North America,Canada,Electronics,Computers,13822,2073,69
2024-09-01,North America,Canada,Clothing,Apparel,13023,3907,289
2024-09-01,North America,Canada,Clothing,Accessories,5197,1039,173
2024-09-01,North America,Canada,Furniture,Home,9909,1784,40
2024-09-01,North America,Canada,Furniture,Office,6547,1440,22
2024-09-01,South America,Brazil,Electronics,Phones,18900,1890,126
2024-09-01,South America,Brazil,Electronics,Computers,10587,1588,53
2024-09-01,South America,Brazil,Clothing,Apparel,9995,2998,222
2024-09-01,South America,Brazil,Clothing,Accessories,4578,916,153
2024-09-01,South America,Brazil,Furniture,Home,8027,1445,32
2024-09-01,South America,Brazil,Furniture,Office,5067,1115,17
2024-09-01,Europe,United Kingdom,Electronics,Phones,32042,3204,214
2024-09-01,Europe,United Kingdom,Electronics,Computers,24195,3629,121
2024-09-01,Europe,United Kingdom,Clothing,Apparel,21120,6336,469
2024-09-01,Europe,United Kingdom,Clothing,Accessories,9390,1878,313
2024-09-01,Europe,United Kingdom,Furniture,Home,16399,2952,66
2024-09-01,Europe,United Kingdom,Furniture,Office,10340,2275,34
2024-09-01,Europe,Germany,Electronics,Phones,31764,3176,212
2024-09-01,Europe,Germany,Electronics,Computers,20490,3074,102
2024-09-01,Europe,Germany,Clothing,Apparel,20053,6016,446
2024-09-01,Europe,Germany,Clothing,Accessories,7931,1586,264
2024-09-01,Europe,Germany,Furniture,Home,15203,2737,61
2024-09-01,Europe,Germany,Furniture,Office,9634,2119,32
2024-09-01,Europe,France,Electronics,Phones,26007,2601,173
2024-09-01,Europe,France,Electronics,Computers,17552,2633,88
2024-09-01,Europe,France,Clothing,Apparel,19492,5848,433
2024-09-01,Europe,France,Clothing,Accessories,8240,1648,275
2024-09-01,Europe,France,Furniture,Home,14067,2532,56
2024-09-01,Europe,France,Furniture,Office,9254,2036,31
2024-09-01,Asia,Japan,Electronics,Phones,42113,4211,281
2024-09-01,Asia,Japan,Electronics,Computers,28303,4245,142
2024-09-01,Asia,Japan,Clothing,Apparel,25674,7702,571
2024-09-01,Asia,Japan,Clothing,Accessories,10407,2081,347
2024-09-01,Asia,Japan,Furniture,Home,16630,2993,67
2024-09-01,Asia,Japan,Furniture,Office,11671,2568,39
2024-09-01,Asia,China,Electronics,Phones,50005,5000,333
2024-09-01,Asia,China,Electronics,Computers,30446,4567,152
2024-09-01,Asia,China,Clothing,Apparel,26877,8063,597
2024-09-01,Asia,China,Clothing,Accessories,13056,2611,435
2024-09-01,Asia,China,Furniture,Home,23360,4205,93
2024-09-01,Asia,China,Furniture,Office,13392,2946,45
2024-09-01,Asia,India,Electronics,Phones,12858,1286,86
2024-09-01,Asia,India,Electronics,Computers,10124,1519,51
2024-09-01,Asia,India,Clothing,Apparel,9090,2727,202
2024-09-01,Asia,India,Clothing,Accessories,3872,774,129
2024-09-01,Asia,India,Furniture,Home,6099,1098,24
2024-09-01,Asia,India,Furniture,Office,4197,923,14
2024-09-01,Africa,South Africa,Electronics,Phones,6373,637,42
2024-09-01,Africa,South Africa,Electronics,Computers,4191,629,21
2024-09-01,Africa,South Africa,Clothing,Apparel,3576,1073,79
2024-09-01,Africa,South Africa,Clothing,Accessories,1492,298,50
2024-09-01,Africa,South Africa,Furniture,Home,2348,423,9
2024-09-01,Africa,South Africa,Furniture,Office,1542,339,5
2024-10-01,North America,United States,Electronics,Phones,60912,6091,406
2024-10-01,North America,United States,Electronics,Computers,44643,6696,223
2024-10-01,North America,United States,Clothing,Apparel,38280,11484,851
2024-10-01,North America,United States,Clothing,Accessories,17996,3599,600
2024-10-01,North America,United States,Furniture,Home,30633,5514,123
2024-10-01,North America,United States,Furniture,Office,17816,3920,59
2024-10-01,North America,Canada,Electronics,Phones,19018,1902,127
2024-10-01,North America,Canada,Electronics,Computers,14279,2142,71
2024-10-01,North America,Canada,Clothing,Apparel,12431,3729,276
2024-10-01,North America,Canada,Clothing,Accessories,5989,1198,200
2024-10-01,North America,Canada,Furniture,Home,10581,1905,42
2024-10-01,North America,Canada,Furniture,Office,6074,1336,20
2024-10-01,South America,Brazil,Electronics,Phones,17045,1704,114
2024-10-01,South America,Brazil,Electronics,Computers,11992,1799,60
2024-10-01,South America,Brazil,Clothing,Apparel,12075,3622,268
2024-10-01,South America,Brazil,Clothing,Accessories,5370,1074,179
2024-10-01,South America,Brazil,Furniture,Home,8005,1441,32
2024-10-01,South America,Brazil,Furniture,Office,5975,1314,20
2024-10-01,Europe,United Kingdom,Electronics,Phones,37742,3774,252
2024-10-01,Europe,United Kingdom,Electronics,Computers,24210,3632,121
2024-10-01,Europe,United Kingdom,Clothing,Apparel,22157,6647,492
2024-10-01,Europe,United Kingdom,Clothing,Accessories,10423,2085,347
2024-10-01,Europe,United Kingdom,Furniture,Home,14929,2687,60
2024-10-01,Europe,United Kingdom,Furniture,Office,10200,2244,34
2024-10-01,Europe,Germany,Electronics,Phones,29632,2963,198
2024-10-01,Europe,Germany,Electronics,Computers,22267,3340,111
2024-10-01,Europe,Germany,Clothing,Apparel,18425,5528,409
2024-10-01,Europe,Germany,Clothing,Accessories,8197,1639,273
2024-10-01,Europe,Germany,Furniture,Home,15658,2818,63
2024-10-01,Europe,Germany,Furniture,Office,9158,2015,31
2024-10-01,Europe,France,Electronics,Phones,27612,2761,184
2024-10-01,Europe,France,Electronics,Computers,16452,2468,82
2024-10-01,Europe,France,Clothing,Apparel,22762,6829,506
2024-10-01,Europe,France,Clothing,Accessories,9746,1949,325
2024-10-01,Europe,France,Furniture,Home,13179,2372,53
2024-10-01,Europe,France,Furniture,Office,9911,2180,33
2024-10-01,Asia,Japan,Electronics,Phones,42649,4265,284
2024-10-01,Asia,Japan,Electronics,Computers,26344,3952,132
2024-10-01,Asia,Japan,Clothing,Apparel,26039,7812,579
2024-10-01,Asia,Japan,Clothing,Accessories,12361,2472,412
2024-10-01,Asia,Japan,Furniture,Home,17786,3201,71
2024-10-01,Asia,Japan,Furniture,Office,12232,2691,41
2024-10-01,Asia,China,Electronics,Phones,49969,4997,333
2024-10-01,Asia,China,Electronics,Computers,35513,5327,178
2024-10-01,Asia,China,Clothing,Apparel,32415,9724,720
2024-10-01,Asia,China,Clothing,Accessories,13087,2617,436
2024-10-01,Asia,China,Furniture,Home,24029,4325,96
2024-10-01,Asia,China,Furniture,Office,15669,3447,52
2024-10-01,Asia,India,Electronics,Phones,15571,1557,104
2024-10-01,Asia,India,Electronics,Computers,9873,1481,49
2024-10-01,Asia,India,Clothing,Apparel,9515,2854,211
2024-10-01,Asia,India,Clothing,Accessories,4069,814,136
2024-10-01,Asia,India,Furniture,Home,6509,1172,26
2024-10-01,Asia,India,Furniture,Office,4705,1035,16
2024-10-01,Africa,South Africa,Electronics,Phones,6346,635,42
2024-10-01,Africa,South Africa,Electronics,Computers,4647,697,23
2024-10-01,Africa,South Africa,Clothing,Apparel,3962,1189,88
2024-10-01,Africa,South Africa,Clothing,Accessories,1614,323,54
2024-10-01,Africa,South Africa,Furniture,Home,2334,420,9
2024-10-01,Africa,South Africa,Furniture,Office,1610,354,5
2024-11-01,North America,United States,Electronics,Phones,76955,7696,513
2024-11-01,North America,United States,Electronics,Computers,55548,8332,278
2024-11-01,North America,United States,Clothing,Apparel,51199,15360,1138
2024-11-01,North America,United States,Clothing,Accessories,21315,4263,710
2024-11-01,North America,United States,Furniture,Home,36660,6599,147
2024-11-01,North America,United States,Furniture,Office,25485,5607,85
2024-11-01,North America,Canada,Electronics,Phones,26497,2650,177
2024-11-01,North America,Canada,Electronics,Computers,17206,2581,86
2024-11-01,North America,Canada,Clothing,Apparel,17607,5282,391
2024-11-01,North America,Canada,Clothing,Accessories,7420,1484,247
2024-11-01,North America,Canada,Furniture,Home,12362,2225,49
2024-11-01,North America,Canada,Furniture,Office,7529,1656,25
2024-11-01,South America,Brazil,Electronics,Phones,22656,2266,151
2024-11-01,South America,Brazil,Electronics,Computers,14008,2101,70
2024-11-01,South America,Brazil,Clothing,Apparel,14586,4376,324
2024-11-01,South America,Brazil,Clothing,Accessories,6200,1240,207
2024-11-01,South America,Brazil,Furniture,Home,9267,1668,37
2024-11-01,South America,Brazil,Furniture,Office,6880,1514,23
2024-11-01,Europe,United Kingdom,Electronics,Phones,42953,4295,286
2024-11-01,Europe,United Kingdom,Electronics,Computers,30384,4558,152
2024-11-01,Europe,United Kingdom,Clothing,Apparel,32040,9612,712
2024-11-01,Europe,United Kingdom,Clothing,Accessories,11755,2351,392
2024-11-01,Europe,United Kingdom,Furniture,Home,22130,3983,89
2024-11-01,Europe,United Kingdom,Furniture,Office,12700,2794,42
2024-11-01,Europe,Germany,Electronics,Phones,34033,3403,227
2024-11-01,Europe,Germany,Electronics,Computers,26544,3982,133
2024-11-01,Europe,Germany,Clothing,Apparel,22537,6761,501
2024-11-01,Europe,Germany,Clothing,Accessories,10596,2119,353
2024-11-01,Europe,Germany,Furniture,Home,19739,3553,79
2024-11-01,Europe,Germany,Furniture,Office,12076,2657,40
2024-11-01,Europe,France,Electronics,Phones,35646,3565,238
2024-11-01,Europe,France,Electronics,Computers,22868,3430,114
2024-11-01,Europe,France,Clothing,Apparel,25609,7683,569
2024-11-01,Europe,France,Clothing,Accessories,10176,2035,339
2024-11-01,Europe,France,Furniture,Home,18554,3340,74
2024-11-01,Europe,France,Furniture,Office,10434,2295,35
2024-11-01,Asia,Japan,Electronics,Phones,52255,5226,348
2024-11-01,Asia,Japan,Electronics,Computers,34681,5202,173
2024-11-01,Asia,Japan,Clothing,Apparel,35637,10691,792
2024-11-01,Asia,Japan,Clothing,Accessories,13728,2746,458
2024-11-01,Asia,Japan,Furniture,Home,21303,3835,85
2024-11-01,Asia,Japan,Furniture,Office,13776,3031,46
2024-11-01,Asia,China,Electronics,Phones,56170,5617,374
2024-11-01,Asia,China,Electronics,Computers,38007,5701,190
2024-11-01,Asia,China,Clothing,Apparel,35290,10587,784
2024-11-01,Asia,China,Clothing,Accessories,15487,3097,516
2024-11-01,Asia,China,Furniture,Home,26157,4708,105
2024-11-01,Asia,China,Furniture,Office,18263,4018,61
2024-11-01,Asia,India,Electronics,Phones,17979,1798,120
2024-11-01,Asia,India,Electronics,Computers,11405,1711,57
2024-11-01,Asia,India,Clothing,Apparel,12145,3644,270
2024-11-01,Asia,India,Clothing,Accessories,4911,982,164
2024-11-01,Asia,India,Furniture,Home,7372,1327,29
2024-11-01,Asia,India,Furniture,Office,4949,1089,16
2024-11-01,Africa,South Africa,Electronics,Phones,7963,796,53
2024-11-01,Africa,South Africa,Electronics,Computers,5232,785,26
2024-11-01,Africa,South Africa,Clothing,Apparel,4667,1400,104
2024-11-01,Africa,South Africa,Clothing,Accessories,1964,393,65
2024-11-01,Africa,South Africa,Furniture,Home,2977,536,12
2024-11-01,Africa,South Africa,Furniture,Office,2169,477,7
2024-12-01,North America,United States,Electronics,Phones,81396,8140,543
2024-12-01,North America,United States,Electronics,Computers,55222,8283,276
2024-12-01,North America,United States,Clothing,Apparel,57564,17269,1279
2024-12-01,North America,United States,Clothing,Accessories,23890,4778,796
2024-12-01,North America,United States,Furniture,Home,41043,7388,164
2024-12-01,North America,United States,Furniture,Office,28783,6332,96
2024-12-01,North America,Canada,Electronics,Phones,28682,2868,191
2024-12-01,North America,Canada,Electronics,Computers,18065,2710,90
2024-12-01,North America,Canada,Clothing,Apparel,17495,5248,389
2024-12-01,North America,Canada,Clothing,Accessories,8162,1632,272
2024-12-01,North America,Canada,Furniture,Home,13830,2489,55
2024-12-01,North America,Canada,Furniture,Office,9365,2060,31
2024-12-01,South America,Brazil,Electronics,Phones,25357,2536,169
2024-12-01,South America,Brazil,Electronics,Computers,16306,2446,82
2024-12-01,South America,Brazil,Clothing,Apparel,17710,5313,394
2024-12-01,South America,Brazil,Clothing,Accessories,6720,1344,224
2024-12-01,South America,Brazil,Furniture,Home,12831,2310,51
2024-12-01,South America,Brazil,Furniture,Office,8103,1783,27
2024-12-01,Europe,United Kingdom,Electronics,Phones,50162,5016,334
2024-12-01,Europe,United Kingdom,Electronics,Computers,35614,5342,178
2024-12-01,Europe,United Kingdom,Clothing,Apparel,36204,10861,805
2024-12-01,Europe,United Kingdom,Clothing,Accessories,14105,2821,470
2024-12-01,Europe,United Kingdom,Furniture,Home,23048,4149,92
2024-12-01,Europe,United Kingdom,Furniture,Office,14354,3158,48
2024-12-01,Europe,Germany,Electronics,Phones,44629,4463,298
2024-12-01,Europe,Germany,Electronics,Computers,27248,4087,136
2024-12-01,Europe,Germany,Clothing,Apparel,29964,8989,666
2024-12-01,Europe,Germany,Clothing,Accessories,11445,2289,382
2024-12-01,Europe,Germany,Furniture,Home,23189,4174,93
2024-12-01,Europe,Germany,Furniture,Office,14886,3275,50
2024-12-01,Europe,France,Electronics,Phones,39043,3904,260
2024-12-01,Europe,France,Electronics,Computers,25441,3816,127
2024-12-01,Europe,France,Clothing,Apparel,32621,9786,725
2024-12-01,Europe,France,Clothing,Accessories,12793,2559,426
2024-12-01,Europe,France,Furniture,Home,17971,3235,72
2024-12-01,Europe,France,Furniture,Office,13215,2907,44
2024-12-01,Asia,Japan,Electronics,Phones,65086,6509,434
2024-12-01,Asia,Japan,Electronics,Computers,38993,5849,195
2024-12-01,Asia,Japan,Clothing,Apparel,41982,12595,933
2024-12-01,Asia,Japan,Clothing,Accessories,14798,2960,493
2024-12-01,Asia,Japan,Furniture,Home,28074,5053,112
2024-12-01,Asia,Japan,Furniture,Office,17162,3776,57
2024-12-01,Asia,China,Electronics,Phones,71837,7184,479
2024-12-01,Asia,China,Electronics,Computers,50161,7524,251
2024-12-01,Asia,China,Clothing,Apparel,42790,12837,951
2024-12-01,Asia,China,Clothing,Accessories,18230,3646,608
2024-12-01,Asia,China,Furniture,Home,33750,6075,135
2024-12-01,Asia,China,Furniture,Office,22294,4905,74
2024-12-01,Asia,India,Electronics,Phones,21181,2118,141
2024-12-01,Asia,India,Electronics,Computers,12811,1922,64
2024-12-01,Asia,India,Clothing,Apparel,14355,4306,319
2024-12-01,Asia,India,Clothing,Accessories,5946,1189,198
2024-12-01,Asia,India,Furniture,Home,9020,1624,36
2024-12-01,Asia,India,Furniture,Office,6132,1349,20
2024-12-01,Africa,South Africa,Electronics,Phones,8686,869,58
2024-12-01,Africa,South Africa,Electronics,Computers,5812,872,29
2024-12-01,Africa,South Africa,Clothing,Apparel,5542,1663,123
2024-12-01,Africa,South Africa,Clothing,Accessories,2245,449,75
2024-12-01,Africa,South Africa,Furniture,Home,3475,626,14
2024-12-01,Africa,South Africa,Furniture,Office,2400,528,8
